species_id,種族名,属性,種族値合計,特性,生態,Lv,move_id,技名,技属性,分類,威力,命中,PP,多段
001,モコロン,無,210,けいかいかん,,1,MV_161,ディスラプト,無,変化,0,100,15,
001,モコロン,無,210,けいかいかん,,1,MV_162,インティミデート,無,変化,0,100,15,
001,モコロン,無,210,けいかいかん,,3,mvn_078,ドラゴンファング,竜,特殊,15,100,36,
001,モコロン,無,210,けいかいかん,,6,MVP_001,ホワイトストライク,無,物理,30,100,30,
001,モコロン,無,210,けいかいかん,,6,MV_137,バックフィスト,無,物理,30,100,36,
001,モコロン,無,210,けいかいかん,,6,mvn_080,ドラゴンヴェインショット,竜,特殊,30,100,32,
001,モコロン,無,210,けいかいかん,,6,mvn_082,ドラゴンクロー,竜,特殊,30,100,28,
001,モコロン,無,210,けいかいかん,,7,MV_138,ダブルスラスト,無,物理,35,100,33,
001,モコロン,無,210,けいかいかん,,7,MV_139,テイルスイープ,無,物理,35,100,33,
001,モコロン,無,210,けいかいかん,,8,MV_140,ヘッドバット,無,物理,40,100,33,
001,モコロン,無,210,けいかいかん,,8,MV_141,スピンタックル,無,物理,40,100,33,
001,モコロン,無,210,けいかいかん,,9,MVP_141,ドラゴンファングストライク,竜,物理,45,100,30,
001,モコロン,無,210,けいかいかん,,9,MV_142,フライングキック,無,物理,45,100,33,
001,モコロン,無,210,けいかいかん,,9,MV_143,ブラントエッジ,無,物理,45,100,33,
001,モコロン,無,210,けいかいかん,,9,mvn_083,ドラゴンリング,竜,特殊,45,100,26,
001,モコロン,無,210,けいかいかん,,10,MVP_002,マッチレスブロー,無,物理,50,100,28,
001,モコロン,無,210,けいかいかん,,10,MVP_142,ドラゴンスケイルフィスト,竜,物理,50,100,28,
001,モコロン,無,210,けいかいかん,,10,MVP_143,ドラゴンヴェインブロー,竜,物理,50,100,28,
001,モコロン,無,210,けいかいかん,,10,MV_145,ラッシュスラスト,無,物理,50,100,33,
001,モコロン,無,210,けいかいかん,,11,MVP_144,ドラゴンブレスパンチ,竜,物理,55,100,26,
001,モコロン,無,210,けいかいかん,,11,MV_116,ドラゴンファングスラスト,竜,物理,55,100,27,
001,モコロン,無,210,けいかいかん,,12,MVP_145,ドラゴンクロースラスト,竜,物理,60,100,21,
001,モコロン,無,210,けいかいかん,,12,MVP_146,ドラゴンリングフィスト,竜,物理,60,100,18,
001,モコロン,無,210,けいかいかん,,13,MVP_147,ドラゴンヴェールストライク,竜,物理,65,100,15,
001,モコロン,無,210,けいかいかん,,13,MV_112,ドラゴンクローコンボ,竜,物理,65,100,15,
001,モコロン,無,210,けいかいかん,,14,MVP_148,ドラゴンヴォイスブロー,竜,物理,70,90,11,
001,モコロン,無,210,けいかいかん,,14,MV_110,ツインドラゴンファング,竜,物理,70,95,13,
001,モコロン,無,210,けいかいかん,,15,MVP_149,ドラゴンピアスパンチ,竜,物理,75,90,11,
001,モコロン,無,210,けいかいかん,,15,MV_109,ドラゴンスケイルスラッシュ,竜,物理,75,100,9,
001,モコロン,無,210,けいかいかん,,16,MVP_150,ドラゴンフォスファーフィスト,竜,物理,80,100,6,
001,モコロン,無,210,けいかいかん,,16,MVP_151,ドラゴンハートストライク,竜,物理,80,90,8,
002,ツッパニャン,無,210,けいかいかん,,1,MV_162,インティミデート,無,変化,0,100,15,
002,ツッパニャン,無,210,けいかいかん,,1,MV_163,フォーカスパワー,無,変化,0,100,15,
002,ツッパニャン,無,210,けいかいかん,,3,mvn_078,ドラゴンファング,竜,特殊,15,100,36,
002,ツッパニャン,無,210,けいかいかん,,6,MVP_001,ホワイトストライク,無,物理,30,100,30,
002,ツッパニャン,無,210,けいかいかん,,6,MV_137,バックフィスト,無,物理,30,100,36,
002,ツッパニャン,無,210,けいかいかん,,6,mvn_080,ドラゴンヴェインショット,竜,特殊,30,100,32,
002,ツッパニャン,無,210,けいかいかん,,6,mvn_082,ドラゴンクロー,竜,特殊,30,100,28,
002,ツッパニャン,無,210,けいかいかん,,7,MV_138,ダブルスラスト,無,物理,35,100,33,
002,ツッパニャン,無,210,けいかいかん,,7,MV_139,テイルスイープ,無,物理,35,100,33,
002,ツッパニャン,無,210,けいかいかん,,8,MV_140,ヘッドバット,無,物理,40,100,33,
002,ツッパニャン,無,210,けいかいかん,,8,MV_141,スピンタックル,無,物理,40,100,33,
002,ツッパニャン,無,210,けいかいかん,,9,MVP_141,ドラゴンファングストライク,竜,物理,45,100,30,
002,ツッパニャン,無,210,けいかいかん,,9,MV_142,フライングキック,無,物理,45,100,33,
002,ツッパニャン,無,210,けいかいかん,,9,MV_143,ブラントエッジ,無,物理,45,100,33,
002,ツッパニャン,無,210,けいかいかん,,9,mvn_083,ドラゴンリング,竜,特殊,45,100,26,
002,ツッパニャン,無,210,けいかいかん,,10,MVP_002,マッチレスブロー,無,物理,50,100,28,
002,ツッパニャン,無,210,けいかいかん,,10,MVP_142,ドラゴンスケイルフィスト,竜,物理,50,100,28,
002,ツッパニャン,無,210,けいかいかん,,10,MVP_143,ドラゴンヴェインブロー,竜,物理,50,100,28,
002,ツッパニャン,無,210,けいかいかん,,10,MV_145,ラッシュスラスト,無,物理,50,100,33,
002,ツッパニャン,無,210,けいかいかん,,11,MVP_144,ドラゴンブレスパンチ,竜,物理,55,100,26,
002,ツッパニャン,無,210,けいかいかん,,11,MV_116,ドラゴンファングスラスト,竜,物理,55,100,27,
002,ツッパニャン,無,210,けいかいかん,,12,MVP_145,ドラゴンクロースラスト,竜,物理,60,100,21,
002,ツッパニャン,無,210,けいかいかん,,12,MVP_146,ドラゴンリングフィスト,竜,物理,60,100,18,
002,ツッパニャン,無,210,けいかいかん,,13,MVP_147,ドラゴンヴェールストライク,竜,物理,65,100,15,
002,ツッパニャン,無,210,けいかいかん,,13,MV_112,ドラゴンクローコンボ,竜,物理,65,100,15,
002,ツッパニャン,無,210,けいかいかん,,14,MVP_148,ドラゴンヴォイスブロー,竜,物理,70,90,11,
002,ツッパニャン,無,210,けいかいかん,,14,MV_110,ツインドラゴンファング,竜,物理,70,95,13,
002,ツッパニャン,無,210,けいかいかん,,15,MVP_149,ドラゴンピアスパンチ,竜,物理,75,90,11,
002,ツッパニャン,無,210,けいかいかん,,15,MV_109,ドラゴンスケイルスラッシュ,竜,物理,75,100,9,
002,ツッパニャン,無,210,けいかいかん,,16,MVP_150,ドラゴンフォスファーフィスト,竜,物理,80,100,6,
002,ツッパニャン,無,210,けいかいかん,,16,MVP_151,ドラゴンハートストライク,竜,物理,80,90,8,
003,タマコッコ,無,180,きょうしんぞう,,1,MV_163,フォーカスパワー,無,変化,0,100,15,
003,タマコッコ,無,180,きょうしんぞう,,1,MV_164,コンセントレート,無,変化,0,100,15,
003,タマコッコ,無,180,きょうしんぞう,,3,mvn_078,ドラゴンファング,竜,特殊,15,100,36,
003,タマコッコ,無,180,きょうしんぞう,,6,MVP_001,ホワイトストライク,無,物理,30,100,30,
003,タマコッコ,無,180,きょうしんぞう,,6,MV_137,バックフィスト,無,物理,30,100,36,
003,タマコッコ,無,180,きょうしんぞう,,6,mvn_080,ドラゴンヴェインショット,竜,特殊,30,100,32,
003,タマコッコ,無,180,きょうしんぞう,,6,mvn_082,ドラゴンクロー,竜,特殊,30,100,28,
003,タマコッコ,無,180,きょうしんぞう,,7,MV_138,ダブルスラスト,無,物理,35,100,33,
003,タマコッコ,無,180,きょうしんぞう,,7,MV_139,テイルスイープ,無,物理,35,100,33,
003,タマコッコ,無,180,きょうしんぞう,,8,MV_140,ヘッドバット,無,物理,40,100,33,
003,タマコッコ,無,180,きょうしんぞう,,8,MV_141,スピンタックル,無,物理,40,100,33,
003,タマコッコ,無,180,きょうしんぞう,,9,MVP_141,ドラゴンファングストライク,竜,物理,45,100,30,
003,タマコッコ,無,180,きょうしんぞう,,9,MV_142,フライングキック,無,物理,45,100,33,
003,タマコッコ,無,180,きょうしんぞう,,9,MV_143,ブラントエッジ,無,物理,45,100,33,
003,タマコッコ,無,180,きょうしんぞう,,9,mvn_083,ドラゴンリング,竜,特殊,45,100,26,
003,タマコッコ,無,180,きょうしんぞう,,10,MVP_002,マッチレスブロー,無,物理,50,100,28,
003,タマコッコ,無,180,きょうしんぞう,,10,MVP_142,ドラゴンスケイルフィスト,竜,物理,50,100,28,
003,タマコッコ,無,180,きょうしんぞう,,10,MVP_143,ドラゴンヴェインブロー,竜,物理,50,100,28,
003,タマコッコ,無,180,きょうしんぞう,,10,MV_145,ラッシュスラスト,無,物理,50,100,33,
003,タマコッコ,無,180,きょうしんぞう,,11,MVP_144,ドラゴンブレスパンチ,竜,物理,55,100,26,
003,タマコッコ,無,180,きょうしんぞう,,11,MV_116,ドラゴンファングスラスト,竜,物理,55,100,27,
003,タマコッコ,無,180,きょうしんぞう,,12,MVP_145,ドラゴンクロースラスト,竜,物理,60,100,21,
003,タマコッコ,無,180,きょうしんぞう,,12,MVP_146,ドラゴンリングフィスト,竜,物理,60,100,18,
003,タマコッコ,無,180,きょうしんぞう,,13,MVP_147,ドラゴンヴェールストライク,竜,物理,65,100,15,
003,タマコッコ,無,180,きょうしんぞう,,13,MV_112,ドラゴンクローコンボ,竜,物理,65,100,15,
003,タマコッコ,無,180,きょうしんぞう,,14,MVP_148,ドラゴンヴォイスブロー,竜,物理,70,90,11,
003,タマコッコ,無,180,きょうしんぞう,,14,MV_110,ツインドラゴンファング,竜,物理,70,95,13,
003,タマコッコ,無,180,きょうしんぞう,,15,MVP_149,ドラゴンピアスパンチ,竜,物理,75,90,11,
003,タマコッコ,無,180,きょうしんぞう,,15,MV_109,ドラゴンスケイルスラッシュ,竜,物理,75,100,9,
003,タマコッコ,無,180,きょうしんぞう,,16,MVP_150,ドラゴンフォスファーフィスト,竜,物理,80,100,6,
003,タマコッコ,無,180,きょうしんぞう,,16,MVP_151,ドラゴンハートストライク,竜,物理,80,90,8,
004,クルリス,草,215,こうふん,,3,mvn_023,クリアストリーム,水,特殊,15,100,36,
004,クルリス,草,215,こうふん,,4,mvs_grass_accuracy_evasion,フレッシュグリーンアイ,草,変化,0,100,15,
004,クルリス,草,215,こうふん,,4,mvs_grass_def_crit,フレッシュグリーンアーマー,草,変化,0,100,15,
004,クルリス,草,215,こうふん,,5,aqua_gun,アクアショット,水,特殊,25,100,36,
004,クルリス,草,215,こうふん,,5,mvh_water,タービュレントラッシュ,水,物理,25,95,15,2〜5発
004,クルリス,草,215,こうふん,,7,MV_212,ウォーターガン,水,物理,35,100,36,
004,クルリス,草,215,こうふん,,7,MV_215,ウォーターカッター,水,特殊,35,100,30,
004,クルリス,草,215,こうふん,,7,MV_281,リーフブレード,草,物理,35,100,36,
004,クルリス,草,215,こうふん,,8,MVP_041,クリアストリームストライク,水,物理,40,100,30,
004,クルリス,草,215,こうふん,,8,MVP_101,グリーンリーフストライク,草,物理,40,100,30,
004,クルリス,草,215,こうふん,,8,MV_282,シードショット,草,物理,40,100,33,
004,クルリス,草,215,こうふん,,9,MVP_042,ミラーウォーターブロー,水,物理,45,100,28,
004,クルリス,草,215,こうふん,,9,MVP_102,アイビーストライクフィスト,草,物理,45,100,28,
004,クルリス,草,215,こうふん,,9,MV_214,バブルバラージ,水,物理,45,100,33,
004,クルリス,草,215,こうふん,,9,MV_283,ヴァインウィップ,草,物理,45,100,33,
004,クルリス,草,215,こうふん,,9,mvn_028,スプラッシュ,水,特殊,45,100,26,
004,クルリス,草,215,こうふん,,10,MVP_043,サーフサウンドフィスト,水,物理,50,100,28,
004,クルリス,草,215,こうふん,,10,MVP_044,ドロップストライクパンチ,水,物理,50,100,26,
004,クルリス,草,215,こうふん,,10,MVP_103,リーフヴェインブロー,草,物理,50,100,28,
004,クルリス,草,215,こうふん,,10,MVP_104,フレッシュリーフパンチ,草,物理,50,100,26,
004,クルリス,草,215,こうふん,,11,MV_216,ウォーターブレード,水,物理,55,100,27,
004,クルリス,草,215,こうふん,,11,MV_221,ストリームコンボ,水,物理,55,100,27,
004,クルリス,草,215,こうふん,,11,MV_287,アイビーバインド,草,物理,55,100,27,
004,クルリス,草,215,こうふん,,11,MV_288,ソーンウィップ,草,物理,55,100,24,
004,クルリス,草,215,こうふん,,12,MVP_105,グラスリングスラスト,草,物理,60,100,21,
004,クルリス,草,215,こうふん,,12,MV_222,ミラーウォータースラッシュ,水,物理,60,100,24,
004,クルリス,草,215,こうふん,,12,MV_227,アクアジェット,水,物理,60,100,27,
004,クルリス,草,215,こうふん,,13,MVP_045,ウォーターリングスラスト,水,物理,65,100,21,
004,クルリス,草,215,こうふん,,13,MV_230,アクアファング,水,物理,65,100,24,
004,クルリス,草,215,こうふん,,14,MVP_046,スプラッシュフィスト,水,物理,70,100,18,
004,クルリス,草,215,こうふん,,14,MVP_047,ウォーターヴェインストライク,水,物理,70,100,15,
004,クルリス,草,215,こうふん,,15,MVP_048,アズールウェーブブロー,水,物理,75,90,11,
004,クルリス,草,215,こうふん,,15,MVP_049,ドロップレットパンチ,水,物理,75,90,11,
004,クルリス,草,215,こうふん,,16,MVP_050,アクアヴェールフィスト,水,物理,80,100,6,
004,クルリス,草,215,こうふん,,16,MVP_051,リップルストライク,水,物理,80,90,8,
005,カモノスケ,水,200,けいかいかん,,3,mvn_045,クロッド,地,特殊,15,100,36,
005,カモノスケ,水,200,けいかいかん,,4,MV_280,サンドバインド,地,特殊,20,100,28,
005,カモノスケ,水,200,けいかいかん,,4,mvs_water_def_evasion,サーフェスヴェール,水,変化,0,100,15,
005,カモノスケ,水,200,けいかいかん,,5,mvh_ground,ロックバラージブロー,地,物理,25,95,15,2〜5発
005,カモノスケ,水,200,けいかいかん,,5,mvh_water,タービュレントラッシュ,水,物理,25,95,15,2〜5発
005,カモノスケ,水,200,けいかいかん,,6,mvn_048,クラッシュソイル,地,特殊,30,100,30,
005,カモノスケ,水,200,けいかいかん,,7,MV_212,ウォーターガン,水,物理,35,100,36,
005,カモノスケ,水,200,けいかいかん,,7,MV_256,ストーンペブル,地,物理,35,100,36,
005,カモノスケ,水,200,けいかいかん,,7,mvw_rain,レインダンス,水,変化,0,100,16,
005,カモノスケ,水,200,けいかいかん,,8,MVP_041,クリアストリームストライク,水,物理,40,100,30,
005,カモノスケ,水,200,けいかいかん,,8,MVP_081,クロッドストライク,地,物理,40,100,30,
005,カモノスケ,水,200,けいかいかん,,8,MV_260,ブラインドサンド,地,物理,40,100,32,
005,カモノスケ,水,200,けいかいかん,,8,mvn_049,アースヴェール,地,特殊,40,100,28,
005,カモノスケ,水,200,けいかいかん,,9,MVP_042,ミラーウォーターブロー,水,物理,45,100,28,
005,カモノスケ,水,200,けいかいかん,,9,MV_214,バブルバラージ,水,物理,45,100,33,
005,カモノスケ,水,200,けいかいかん,,9,MV_257,ロックバレット,地,物理,45,100,33,
005,カモノスケ,水,200,けいかいかん,,9,MV_259,サンドスプレー,地,物理,45,100,30,
005,カモノスケ,水,200,けいかいかん,,10,MVP_043,サーフサウンドフィスト,水,物理,50,100,28,
005,カモノスケ,水,200,けいかいかん,,10,MVP_044,ドロップストライクパンチ,水,物理,50,100,26,
005,カモノスケ,水,200,けいかいかん,,10,MVP_082,ベッドロックフィスト,地,物理,50,100,28,
005,カモノスケ,水,200,けいかいかん,,10,MVP_083,レイラインブロー,地,物理,50,100,28,
005,カモノスケ,水,200,けいかいかん,,11,MVP_084,クラッシュソイルパンチ,地,物理,55,100,26,
005,カモノスケ,水,200,けいかいかん,,11,MV_216,ウォーターブレード,水,物理,55,100,27,
005,カモノスケ,水,200,けいかいかん,,11,MV_221,ストリームコンボ,水,物理,55,100,27,
005,カモノスケ,水,200,けいかいかん,,11,MV_258,フィッシャースラスト,地,物理,55,100,27,
005,カモノスケ,水,200,けいかいかん,,12,MVP_085,アースヴェールスラスト,地,物理,60,100,21,
005,カモノスケ,水,200,けいかいかん,,12,MV_222,ミラーウォータースラッシュ,水,物理,60,100,24,
005,カモノスケ,水,200,けいかいかん,,12,MV_272,シャープロックスラスト,地,物理,60,100,24,
005,カモノスケ,水,200,けいかいかん,,13,MVP_086,ロックシャードフィスト,地,物理,65,100,18,
005,カモノスケ,水,200,けいかいかん,,13,MV_263,ロックスマッシュ,地,物理,65,100,18,
005,カモノスケ,水,200,けいかいかん,,14,MVP_087,アースウォールストライク,地,物理,70,100,15,
005,カモノスケ,水,200,けいかいかん,,14,MV_274,ベッドロックブレイク,地,物理,70,100,12,
005,カモノスケ,水,200,けいかいかん,,15,MVP_088,ハードグラウンドブロー,地,物理,75,90,11,
005,カモノスケ,水,200,けいかいかん,,15,MVP_089,ペブルブローパンチ,地,物理,75,90,11,
005,カモノスケ,水,200,けいかいかん,,16,MVP_090,アースリングフィスト,地,物理,80,100,6,
005,カモノスケ,水,200,けいかいかん,,16,MVP_091,ソリッドソイルストライク,地,物理,80,90,8,
005B,モモノスケ,水/炎,205,燃えるこぶし,放熱器官,3,mvn_034,バイオレットボルト,雷,特殊,15,85,36,
005B,モモノスケ,水/炎,205,燃えるこぶし,放熱器官,3,mvn_045,クロッド,地,特殊,15,100,36,
005B,モモノスケ,水/炎,205,燃えるこぶし,放熱器官,4,MV_280,サンドバインド,地,特殊,20,100,28,
005B,モモノスケ,水/炎,205,燃えるこぶし,放熱器官,4,mvs_fire_atk_evasion,フレイムステップ,炎,変化,0,100,15,
005B,モモノスケ,水/炎,205,燃えるこぶし,放熱器官,4,mvs_water_def_accuracy,サーフェスガード,水,変化,0,100,15,
005B,モモノスケ,水/炎,205,燃えるこぶし,放熱器官,5,MV_185,ボルトライトバレット,雷,特殊,25,100,33,
005B,モモノスケ,水/炎,205,燃えるこぶし,放熱器官,5,mvh_ground,ロックバラージブロー,地,物理,25,95,15,2〜5発
005B,モモノスケ,水/炎,205,燃えるこぶし,放熱器官,5,mvh_water,タービュレントラッシュ,水,物理,25,95,15,2〜5発
005B,モモノスケ,水/炎,205,燃えるこぶし,放熱器官,6,mvn_048,クラッシュソイル,地,特殊,30,100,30,
005B,モモノスケ,水/炎,205,燃えるこぶし,放熱器官,6,shockwave,ショックウェーブ,雷,特殊,30,100,36,
005B,モモノスケ,水/炎,205,燃えるこぶし,放熱器官,7,MVP_021,クリムゾンストライク,炎,物理,35,100,30,
005B,モモノスケ,水/炎,205,燃えるこぶし,放熱器官,7,MV_212,ウォーターガン,水,物理,35,100,36,
005B,モモノスケ,水/炎,205,燃えるこぶし,放熱器官,7,MV_233,シンダー,炎,物理,35,95,32,
005B,モモノスケ,水/炎,205,燃えるこぶし,放熱器官,7,MV_256,ストーンペブル,地,物理,35,100,36,
005B,モモノスケ,水/炎,205,燃えるこぶし,放熱器官,7,mvh_electric,トリプルボルトストライク,雷,物理,35,90,10,3発(発ごと命中)
005B,モモノスケ,水/炎,205,燃えるこぶし,放熱器官,8,MVP_022,スコーチフィスト,炎,物理,40,100,28,
005B,モモノスケ,水/炎,205,燃えるこぶし,放熱器官,8,MVP_023,フォスファーブロー,炎,物理,40,100,28,
005B,モモノスケ,水/炎,205,燃えるこぶし,放熱器官,8,MVP_041,クリアストリームストライク,水,物理,40,100,30,
005B,モモノスケ,水/炎,205,燃えるこぶし,放熱器官,8,MVP_061,バイオレットボルトストライク,雷,物理,40,100,30,
005B,モモノスケ,水/炎,205,燃えるこぶし,放熱器官,8,MVP_062,サンダーロアフィスト,雷,物理,40,100,28,
005B,モモノスケ,水/炎,205,燃えるこぶし,放熱器官,8,MVP_081,クロッドストライク,地,物理,40,100,30,
005B,モモノスケ,水/炎,205,燃えるこぶし,放熱器官,8,MV_260,ブラインドサンド,地,物理,40,100,32,
005B,モモノスケ,水/炎,205,燃えるこぶし,放熱器官,9,MVP_024,ロースパンチ,炎,物理,45,100,26,
005B,モモノスケ,水/炎,205,燃えるこぶし,放熱器官,9,MVP_042,ミラーウォーターブロー,水,物理,45,100,28,
005B,モモノスケ,水/炎,205,燃えるこぶし,放熱器官,9,MVP_063,フラッシュボルトブロー,雷,物理,45,100,28,
005B,モモノスケ,水/炎,205,燃えるこぶし,放熱器官,9,MV_168,スパークボルト,雷,物理,45,95,28,
005B,モモノスケ,水/炎,205,燃えるこぶし,放熱器官,9,MV_214,バブルバラージ,水,物理,45,100,33,
005B,モモノスケ,水/炎,205,燃えるこぶし,放熱器官,9,MV_257,ロックバレット,地,物理,45,100,33,
005B,モモノスケ,水/炎,205,燃えるこぶし,放熱器官,9,MV_259,サンドスプレー,地,物理,45,100,30,
005B,モモノスケ,水/炎,205,燃えるこぶし,放熱器官,10,MVP_064,ボルトチャージパンチ,雷,物理,50,100,26,
005B,モモノスケ,水/炎,205,燃えるこぶし,放熱器官,10,MVP_082,ベッドロックフィスト,地,物理,50,100,28,
005B,モモノスケ,水/炎,205,燃えるこぶし,放熱器官,10,MVP_083,レイラインブロー,地,物理,50,100,28,
005B,モモノスケ,水/炎,205,燃えるこぶし,放熱器官,10,MV_182,ショックスティング,雷,物理,50,100,30,
005B,モモノスケ,水/炎,205,燃えるこぶし,放熱器官,11,MVP_084,クラッシュソイルパンチ,地,物理,55,100,26,
005B,モモノスケ,水/炎,205,燃えるこぶし,放熱器官,11,MV_183,ライトニングスラスト,雷,物理,55,100,27,
005B,モモノスケ,水/炎,205,燃えるこぶし,放熱器官,11,MV_258,フィッシャースラスト,地,物理,55,100,27,
005B,モモノスケ,水/炎,205,燃えるこぶし,放熱器官,12,MVP_065,スイフトボルトスラスト,雷,物理,60,100,21,
005B,モモノスケ,水/炎,205,燃えるこぶし,放熱器官,12,MVP_085,アースヴェールスラスト,地,物理,60,100,21,
005B,モモノスケ,水/炎,205,燃えるこぶし,放熱器官,12,MV_170,ディスチャージ,雷,物理,60,95,24,
006,タマモ,無,210,こうふん,,3,mvn_078,ドラゴンファング,竜,特殊,15,100,36,
006,タマモ,無,210,こうふん,,4,mvs_neutral_atk_accuracy,マッチレスエイム,無,変化,0,100,15,
006,タマモ,無,210,こうふん,,4,mvs_neutral_atk_def,マッチレスガード,無,変化,0,100,15,
006,タマモ,無,210,こうふん,,6,MVP_001,ホワイトストライク,無,物理,30,100,30,
006,タマモ,無,210,こうふん,,6,MV_137,バックフィスト,無,物理,30,100,36,
006,タマモ,無,210,こうふん,,6,mvn_080,ドラゴンヴェインショット,竜,特殊,30,100,32,
006,タマモ,無,210,こうふん,,6,mvn_082,ドラゴンクロー,竜,特殊,30,100,28,
006,タマモ,無,210,こうふん,,7,MV_138,ダブルスラスト,無,物理,35,100,33,
006,タマモ,無,210,こうふん,,7,MV_139,テイルスイープ,無,物理,35,100,33,
006,タマモ,無,210,こうふん,,8,MV_140,ヘッドバット,無,物理,40,100,33,
006,タマモ,無,210,こうふん,,8,MV_141,スピンタックル,無,物理,40,100,33,
006,タマモ,無,210,こうふん,,9,MVP_141,ドラゴンファングストライク,竜,物理,45,100,30,
006,タマモ,無,210,こうふん,,9,MV_142,フライングキック,無,物理,45,100,33,
006,タマモ,無,210,こうふん,,9,MV_143,ブラントエッジ,無,物理,45,100,33,
006,タマモ,無,210,こうふん,,9,mvn_083,ドラゴンリング,竜,特殊,45,100,26,
006,タマモ,無,210,こうふん,,10,MVP_002,マッチレスブロー,無,物理,50,100,28,
006,タマモ,無,210,こうふん,,10,MVP_142,ドラゴンスケイルフィスト,竜,物理,50,100,28,
006,タマモ,無,210,こうふん,,10,MVP_143,ドラゴンヴェインブロー,竜,物理,50,100,28,
006,タマモ,無,210,こうふん,,10,MV_145,ラッシュスラスト,無,物理,50,100,33,
006,タマモ,無,210,こうふん,,11,MVP_144,ドラゴンブレスパンチ,竜,物理,55,100,26,
006,タマモ,無,210,こうふん,,11,MV_116,ドラゴンファングスラスト,竜,物理,55,100,27,
006,タマモ,無,210,こうふん,,12,MVP_145,ドラゴンクロースラスト,竜,物理,60,100,21,
006,タマモ,無,210,こうふん,,12,MVP_146,ドラゴンリングフィスト,竜,物理,60,100,18,
006,タマモ,無,210,こうふん,,13,MVP_147,ドラゴンヴェールストライク,竜,物理,65,100,15,
006,タマモ,無,210,こうふん,,13,MV_112,ドラゴンクローコンボ,竜,物理,65,100,15,
006,タマモ,無,210,こうふん,,14,MVP_148,ドラゴンヴォイスブロー,竜,物理,70,90,11,
006,タマモ,無,210,こうふん,,14,MV_110,ツインドラゴンファング,竜,物理,70,95,13,
006,タマモ,無,210,こうふん,,15,MVP_149,ドラゴンピアスパンチ,竜,物理,75,90,11,
006,タマモ,無,210,こうふん,,15,MV_109,ドラゴンスケイルスラッシュ,竜,物理,75,100,9,
006,タマモ,無,210,こうふん,,16,MVP_150,ドラゴンフォスファーフィスト,竜,物理,80,100,6,
006,タマモ,無,210,こうふん,,16,MVP_151,ドラゴンハートストライク,竜,物理,80,90,8,
007,ルミカイト,水,230,ディープダイブ,グライド,3,mvn_045,クロッド,地,特殊,15,100,36,
007,ルミカイト,水,230,ディープダイブ,グライド,4,MV_280,サンドバインド,地,特殊,20,100,28,
007,ルミカイト,水,230,ディープダイブ,グライド,5,mvh_ground,ロックバラージブロー,地,物理,25,95,15,2〜5発
007,ルミカイト,水,230,ディープダイブ,グライド,5,mvh_water,タービュレントラッシュ,水,物理,25,95,15,2〜5発
007,ルミカイト,水,230,ディープダイブ,グライド,6,mvn_048,クラッシュソイル,地,特殊,30,100,30,
007,ルミカイト,水,230,ディープダイブ,グライド,7,MV_212,ウォーターガン,水,物理,35,100,36,
007,ルミカイト,水,230,ディープダイブ,グライド,7,MV_256,ストーンペブル,地,物理,35,100,36,
007,ルミカイト,水,230,ディープダイブ,グライド,7,mvs_big_water,ラピッドストリームスタンス,水,変化,0,100,10,
007,ルミカイト,水,230,ディープダイブ,グライド,8,MVP_041,クリアストリームストライク,水,物理,40,100,30,
007,ルミカイト,水,230,ディープダイブ,グライド,8,MVP_081,クロッドストライク,地,物理,40,100,30,
007,ルミカイト,水,230,ディープダイブ,グライド,8,MV_260,ブラインドサンド,地,物理,40,100,32,
007,ルミカイト,水,230,ディープダイブ,グライド,8,mvn_049,アースヴェール,地,特殊,40,100,28,
007,ルミカイト,水,230,ディープダイブ,グライド,9,MVP_042,ミラーウォーターブロー,水,物理,45,100,28,
007,ルミカイト,水,230,ディープダイブ,グライド,9,MV_214,バブルバラージ,水,物理,45,100,33,
007,ルミカイト,水,230,ディープダイブ,グライド,9,MV_257,ロックバレット,地,物理,45,100,33,
007,ルミカイト,水,230,ディープダイブ,グライド,9,MV_259,サンドスプレー,地,物理,45,100,30,
007,ルミカイト,水,230,ディープダイブ,グライド,10,MVP_043,サーフサウンドフィスト,水,物理,50,100,28,
007,ルミカイト,水,230,ディープダイブ,グライド,10,MVP_044,ドロップストライクパンチ,水,物理,50,100,26,
007,ルミカイト,水,230,ディープダイブ,グライド,10,MVP_082,ベッドロックフィスト,地,物理,50,100,28,
007,ルミカイト,水,230,ディープダイブ,グライド,10,MVP_083,レイラインブロー,地,物理,50,100,28,
007,ルミカイト,水,230,ディープダイブ,グライド,10,mvs_ep_water,ディープウォーターピーク,水,変化,0,100,10,
007,ルミカイト,水,230,ディープダイブ,グライド,11,MVP_084,クラッシュソイルパンチ,地,物理,55,100,26,
007,ルミカイト,水,230,ディープダイブ,グライド,11,MV_216,ウォーターブレード,水,物理,55,100,27,
007,ルミカイト,水,230,ディープダイブ,グライド,11,MV_221,ストリームコンボ,水,物理,55,100,27,
007,ルミカイト,水,230,ディープダイブ,グライド,11,MV_258,フィッシャースラスト,地,物理,55,100,27,
007,ルミカイト,水,230,ディープダイブ,グライド,12,MVP_085,アースヴェールスラスト,地,物理,60,100,21,
007,ルミカイト,水,230,ディープダイブ,グライド,12,MV_222,ミラーウォータースラッシュ,水,物理,60,100,24,
007,ルミカイト,水,230,ディープダイブ,グライド,12,MV_272,シャープロックスラスト,地,物理,60,100,24,
007,ルミカイト,水,230,ディープダイブ,グライド,13,MVP_086,ロックシャードフィスト,地,物理,65,100,18,
007,ルミカイト,水,230,ディープダイブ,グライド,13,MV_263,ロックスマッシュ,地,物理,65,100,18,
007,ルミカイト,水,230,ディープダイブ,グライド,14,MVP_087,アースウォールストライク,地,物理,70,100,15,
007,ルミカイト,水,230,ディープダイブ,グライド,14,MV_274,ベッドロックブレイク,地,物理,70,100,12,
007,ルミカイト,水,230,ディープダイブ,グライド,15,MVP_088,ハードグラウンドブロー,地,物理,75,90,11,
007,ルミカイト,水,230,ディープダイブ,グライド,15,MVP_089,ペブルブローパンチ,地,物理,75,90,11,
007,ルミカイト,水,230,ディープダイブ,グライド,16,MVP_090,アースリングフィスト,地,物理,80,100,6,
007,ルミカイト,水,230,ディープダイブ,グライド,16,MVP_091,ソリッドソイルストライク,地,物理,80,90,8,
007B,エレカイト,水/雷,235,ぜつえんたい,グライド,3,mvn_045,クロッド,地,特殊,15,100,36,
007B,エレカイト,水/雷,235,ぜつえんたい,グライド,3,mvn_056,グリーンリーフ,草,特殊,15,100,36,
007B,エレカイト,水/雷,235,ぜつえんたい,グライド,4,MV_280,サンドバインド,地,特殊,20,100,28,
007B,エレカイト,水/雷,235,ぜつえんたい,グライド,5,MV_285,グラスノット,草,特殊,25,100,28,
007B,エレカイト,水/雷,235,ぜつえんたい,グライド,5,mvh_ground,ロックバラージブロー,地,物理,25,95,15,2〜5発
007B,エレカイト,水/雷,235,ぜつえんたい,グライド,5,mvh_water,タービュレントラッシュ,水,物理,25,95,15,2〜5発
007B,エレカイト,水/雷,235,ぜつえんたい,グライド,5,mvn_060,グラスリング,草,特殊,25,100,28,
007B,エレカイト,水/雷,235,ぜつえんたい,グライド,6,mvn_048,クラッシュソイル,地,特殊,30,100,30,
007B,エレカイト,水/雷,235,ぜつえんたい,グライド,6,mvn_059,フレッシュリーフ,草,特殊,30,100,30,
007B,エレカイト,水/雷,235,ぜつえんたい,グライド,7,MV_212,ウォーターガン,水,物理,35,100,36,
007B,エレカイト,水/雷,235,ぜつえんたい,グライド,7,MV_256,ストーンペブル,地,物理,35,100,36,
007B,エレカイト,水/雷,235,ぜつえんたい,グライド,7,MV_281,リーフブレード,草,物理,35,100,36,
007B,エレカイト,水/雷,235,ぜつえんたい,グライド,7,mvh_electric,トリプルボルトストライク,雷,物理,35,90,10,3発(発ごと命中)
007B,エレカイト,水/雷,235,ぜつえんたい,グライド,8,MVP_041,クリアストリームストライク,水,物理,40,100,30,
007B,エレカイト,水/雷,235,ぜつえんたい,グライド,8,MVP_061,バイオレットボルトストライク,雷,物理,40,100,30,
007B,エレカイト,水/雷,235,ぜつえんたい,グライド,8,MVP_062,サンダーロアフィスト,雷,物理,40,100,28,
007B,エレカイト,水/雷,235,ぜつえんたい,グライド,8,MVP_081,クロッドストライク,地,物理,40,100,30,
007B,エレカイト,水/雷,235,ぜつえんたい,グライド,8,MVP_101,グリーンリーフストライク,草,物理,40,100,30,
007B,エレカイト,水/雷,235,ぜつえんたい,グライド,8,MV_260,ブラインドサンド,地,物理,40,100,32,
007B,エレカイト,水/雷,235,ぜつえんたい,グライド,8,MV_282,シードショット,草,物理,40,100,33,
007B,エレカイト,水/雷,235,ぜつえんたい,グライド,9,MVP_042,ミラーウォーターブロー,水,物理,45,100,28,
007B,エレカイト,水/雷,235,ぜつえんたい,グライド,9,MVP_063,フラッシュボルトブロー,雷,物理,45,100,28,
007B,エレカイト,水/雷,235,ぜつえんたい,グライド,9,MVP_102,アイビーストライクフィスト,草,物理,45,100,28,
007B,エレカイト,水/雷,235,ぜつえんたい,グライド,9,MV_168,スパークボルト,雷,物理,45,95,28,
007B,エレカイト,水/雷,235,ぜつえんたい,グライド,9,MV_257,ロックバレット,地,物理,45,100,33,
007B,エレカイト,水/雷,235,ぜつえんたい,グライド,9,MV_259,サンドスプレー,地,物理,45,100,30,
007B,エレカイト,水/雷,235,ぜつえんたい,グライド,9,MV_283,ヴァインウィップ,草,物理,45,100,33,
007B,エレカイト,水/雷,235,ぜつえんたい,グライド,10,MVP_082,ベッドロックフィスト,地,物理,50,100,28,
007B,エレカイト,水/雷,235,ぜつえんたい,グライド,10,MVP_083,レイラインブロー,地,物理,50,100,28,
007B,エレカイト,水/雷,235,ぜつえんたい,グライド,10,MVP_103,リーフヴェインブロー,草,物理,50,100,28,
007B,エレカイト,水/雷,235,ぜつえんたい,グライド,10,MVP_104,フレッシュリーフパンチ,草,物理,50,100,26,
007B,エレカイト,水/雷,235,ぜつえんたい,グライド,10,mvs_ep_electric,サンダーロアピーク,雷,変化,0,100,10,
007B,エレカイト,水/雷,235,ぜつえんたい,グライド,11,MVP_084,クラッシュソイルパンチ,地,物理,55,100,26,
007B,エレカイト,水/雷,235,ぜつえんたい,グライド,11,MV_258,フィッシャースラスト,地,物理,55,100,27,
007B,エレカイト,水/雷,235,ぜつえんたい,グライド,11,MV_287,アイビーバインド,草,物理,55,100,27,
007B,エレカイト,水/雷,235,ぜつえんたい,グライド,11,MV_288,ソーンウィップ,草,物理,55,100,24,
007B,エレカイト,水/雷,235,ぜつえんたい,グライド,12,MVP_085,アースヴェールスラスト,地,物理,60,100,21,
007B,エレカイト,水/雷,235,ぜつえんたい,グライド,12,MVP_105,グラスリングスラスト,草,物理,60,100,21,
008,ミルフィー,無,215,無のちから,,1,MV_162,インティミデート,無,変化,0,100,15,
008,ミルフィー,無,215,無のちから,,1,MV_163,フォーカスパワー,無,変化,0,100,15,
008,ミルフィー,無,215,無のちから,,3,mvn_078,ドラゴンファング,竜,特殊,15,100,36,
008,ミルフィー,無,215,無のちから,,6,MVP_001,ホワイトストライク,無,物理,30,100,30,
008,ミルフィー,無,215,無のちから,,6,MV_137,バックフィスト,無,物理,30,100,36,
008,ミルフィー,無,215,無のちから,,6,mvn_080,ドラゴンヴェインショット,竜,特殊,30,100,32,
008,ミルフィー,無,215,無のちから,,6,mvn_082,ドラゴンクロー,竜,特殊,30,100,28,
008,ミルフィー,無,215,無のちから,,7,MV_138,ダブルスラスト,無,物理,35,100,33,
008,ミルフィー,無,215,無のちから,,7,MV_139,テイルスイープ,無,物理,35,100,33,
008,ミルフィー,無,215,無のちから,,8,MV_140,ヘッドバット,無,物理,40,100,33,
008,ミルフィー,無,215,無のちから,,8,MV_141,スピンタックル,無,物理,40,100,33,
008,ミルフィー,無,215,無のちから,,9,MVP_141,ドラゴンファングストライク,竜,物理,45,100,30,
008,ミルフィー,無,215,無のちから,,9,MV_142,フライングキック,無,物理,45,100,33,
008,ミルフィー,無,215,無のちから,,9,MV_143,ブラントエッジ,無,物理,45,100,33,
008,ミルフィー,無,215,無のちから,,9,mvn_083,ドラゴンリング,竜,特殊,45,100,26,
008,ミルフィー,無,215,無のちから,,10,MVP_002,マッチレスブロー,無,物理,50,100,28,
008,ミルフィー,無,215,無のちから,,10,MVP_142,ドラゴンスケイルフィスト,竜,物理,50,100,28,
008,ミルフィー,無,215,無のちから,,10,MVP_143,ドラゴンヴェインブロー,竜,物理,50,100,28,
008,ミルフィー,無,215,無のちから,,10,MV_145,ラッシュスラスト,無,物理,50,100,33,
008,ミルフィー,無,215,無のちから,,11,MVP_144,ドラゴンブレスパンチ,竜,物理,55,100,26,
008,ミルフィー,無,215,無のちから,,11,MV_116,ドラゴンファングスラスト,竜,物理,55,100,27,
008,ミルフィー,無,215,無のちから,,12,MVP_145,ドラゴンクロースラスト,竜,物理,60,100,21,
008,ミルフィー,無,215,無のちから,,12,MVP_146,ドラゴンリングフィスト,竜,物理,60,100,18,
008,ミルフィー,無,215,無のちから,,13,MVP_147,ドラゴンヴェールストライク,竜,物理,65,100,15,
008,ミルフィー,無,215,無のちから,,13,MV_112,ドラゴンクローコンボ,竜,物理,65,100,15,
008,ミルフィー,無,215,無のちから,,14,MVP_148,ドラゴンヴォイスブロー,竜,物理,70,90,11,
008,ミルフィー,無,215,無のちから,,14,MV_110,ツインドラゴンファング,竜,物理,70,95,13,
008,ミルフィー,無,215,無のちから,,15,MVP_149,ドラゴンピアスパンチ,竜,物理,75,90,11,
008,ミルフィー,無,215,無のちから,,15,MV_109,ドラゴンスケイルスラッシュ,竜,物理,75,100,9,
008,ミルフィー,無,215,無のちから,,16,MVP_150,ドラゴンフォスファーフィスト,竜,物理,80,100,6,
008,ミルフィー,無,215,無のちから,,16,MVP_151,ドラゴンハートストライク,竜,物理,80,90,8,
009,ブシガエル,水,265,ブリッツビート,,3,mvn_045,クロッド,地,特殊,15,100,36,
009,ブシガエル,水,265,ブリッツビート,,4,MV_280,サンドバインド,地,特殊,20,100,28,
009,ブシガエル,水,265,ブリッツビート,,4,mvs_water_def_evasion,サーフェスヴェール,水,変化,0,100,15,
009,ブシガエル,水,265,ブリッツビート,,5,mvh_ground,ロックバラージブロー,地,物理,25,95,15,2〜5発
009,ブシガエル,水,265,ブリッツビート,,5,mvh_water,タービュレントラッシュ,水,物理,25,95,15,2〜5発
009,ブシガエル,水,265,ブリッツビート,,6,mvn_048,クラッシュソイル,地,特殊,30,100,30,
009,ブシガエル,水,265,ブリッツビート,,7,MV_212,ウォーターガン,水,物理,35,100,36,
009,ブシガエル,水,265,ブリッツビート,,7,MV_256,ストーンペブル,地,物理,35,100,36,
009,ブシガエル,水,265,ブリッツビート,,7,mvw_rain,レインダンス,水,変化,0,100,16,
009,ブシガエル,水,265,ブリッツビート,,8,MVP_041,クリアストリームストライク,水,物理,40,100,30,
009,ブシガエル,水,265,ブリッツビート,,8,MVP_081,クロッドストライク,地,物理,40,100,30,
009,ブシガエル,水,265,ブリッツビート,,8,MV_260,ブラインドサンド,地,物理,40,100,32,
009,ブシガエル,水,265,ブリッツビート,,8,mvn_049,アースヴェール,地,特殊,40,100,28,
009,ブシガエル,水,265,ブリッツビート,,9,MVP_042,ミラーウォーターブロー,水,物理,45,100,28,
009,ブシガエル,水,265,ブリッツビート,,9,MV_214,バブルバラージ,水,物理,45,100,33,
009,ブシガエル,水,265,ブリッツビート,,9,MV_257,ロックバレット,地,物理,45,100,33,
009,ブシガエル,水,265,ブリッツビート,,9,MV_259,サンドスプレー,地,物理,45,100,30,
009,ブシガエル,水,265,ブリッツビート,,10,MVP_043,サーフサウンドフィスト,水,物理,50,100,28,
009,ブシガエル,水,265,ブリッツビート,,10,MVP_044,ドロップストライクパンチ,水,物理,50,100,26,
009,ブシガエル,水,265,ブリッツビート,,10,MVP_082,ベッドロックフィスト,地,物理,50,100,28,
009,ブシガエル,水,265,ブリッツビート,,10,MVP_083,レイラインブロー,地,物理,50,100,28,
009,ブシガエル,水,265,ブリッツビート,,11,MVP_084,クラッシュソイルパンチ,地,物理,55,100,26,
009,ブシガエル,水,265,ブリッツビート,,11,MV_216,ウォーターブレード,水,物理,55,100,27,
009,ブシガエル,水,265,ブリッツビート,,11,MV_221,ストリームコンボ,水,物理,55,100,27,
009,ブシガエル,水,265,ブリッツビート,,11,MV_258,フィッシャースラスト,地,物理,55,100,27,
009,ブシガエル,水,265,ブリッツビート,,12,MVP_085,アースヴェールスラスト,地,物理,60,100,21,
009,ブシガエル,水,265,ブリッツビート,,12,MV_272,シャープロックスラスト,地,物理,60,100,24,
009,ブシガエル,水,265,ブリッツビート,,13,MVP_086,ロックシャードフィスト,地,物理,65,100,18,
009,ブシガエル,水,265,ブリッツビート,,13,MV_263,ロックスマッシュ,地,物理,65,100,18,
009,ブシガエル,水,265,ブリッツビート,,14,MVP_087,アースウォールストライク,地,物理,70,100,15,
009,ブシガエル,水,265,ブリッツビート,,14,MV_274,ベッドロックブレイク,地,物理,70,100,12,
009,ブシガエル,水,265,ブリッツビート,,15,MVP_088,ハードグラウンドブロー,地,物理,75,90,11,
009,ブシガエル,水,265,ブリッツビート,,15,MVP_089,ペブルブローパンチ,地,物理,75,90,11,
009,ブシガエル,水,265,ブリッツビート,,16,MVP_090,アースリングフィスト,地,物理,80,100,6,
009B,ドスガエル,水/闇,285,どくせんボディ,,3,mvn_045,クロッド,地,特殊,15,100,36,
009B,ドスガエル,水/闇,285,どくせんボディ,,3,mvn_067,ホワイトアイス,氷,特殊,15,85,36,
009B,ドスガエル,水/闇,285,どくせんボディ,,4,MV_280,サンドバインド,地,特殊,20,100,28,
009B,ドスガエル,水/闇,285,どくせんボディ,,5,mvh_dark,シャドウバラージ,闇,物理,25,95,15,2〜5発
009B,ドスガエル,水/闇,285,どくせんボディ,,5,mvh_ground,ロックバラージブロー,地,物理,25,95,15,2〜5発
009B,ドスガエル,水/闇,285,どくせんボディ,,5,mvh_water,タービュレントラッシュ,水,物理,25,95,15,2〜5発
009B,ドスガエル,水/闇,285,どくせんボディ,,6,MV_205,フロストネット,氷,特殊,30,95,28,
009B,ドスガエル,水/闇,285,どくせんボディ,,6,ice_cutter,アイスカッター,氷,特殊,30,100,33,
009B,ドスガエル,水/闇,285,どくせんボディ,,6,mvn_048,クラッシュソイル,地,特殊,30,100,30,
009B,ドスガエル,水/闇,285,どくせんボディ,,7,MV_121,シャドウピアス,闇,物理,35,100,34,
009B,ドスガエル,水/闇,285,どくせんボディ,,7,MV_123,ダスクブレード,闇,物理,35,100,32,
009B,ドスガエル,水/闇,285,どくせんボディ,,7,MV_187,アイスペブル,氷,物理,35,100,36,
009B,ドスガエル,水/闇,285,どくせんボディ,,7,MV_212,ウォーターガン,水,物理,35,100,36,
009B,ドスガエル,水/闇,285,どくせんボディ,,7,MV_256,ストーンペブル,地,物理,35,100,36,
009B,ドスガエル,水/闇,285,どくせんボディ,,7,mvh_ice,トリプルアイスブレード,氷,物理,35,90,10,3発(発ごと命中)
009B,ドスガエル,水/闇,285,どくせんボディ,,7,mvw_fog,フォグヴェール,闇,変化,0,100,16,
009B,ドスガエル,水/闇,285,どくせんボディ,,7,mvw_rain,レインダンス,水,変化,0,100,16,
009B,ドスガエル,水/闇,285,どくせんボディ,,8,MVP_041,クリアストリームストライク,水,物理,40,100,30,
009B,ドスガエル,水/闇,285,どくせんボディ,,8,MVP_081,クロッドストライク,地,物理,40,100,30,
009B,ドスガエル,水/闇,285,どくせんボディ,,8,MVP_121,ホワイトアイスストライク,氷,物理,40,100,30,
009B,ドスガエル,水/闇,285,どくせんボディ,,8,MV_124,シャドウステッチ,闇,物理,40,100,32,
009B,ドスガエル,水/闇,285,どくせんボディ,,8,MV_125,ダークウェッジ,闇,物理,40,100,32,
009B,ドスガエル,水/闇,285,どくせんボディ,,8,MV_188,アイスブレード,氷,物理,40,100,33,
009B,ドスガエル,水/闇,285,どくせんボディ,,8,MV_260,ブラインドサンド,地,物理,40,100,32,
009B,ドスガエル,水/闇,285,どくせんボディ,,9,MVP_042,ミラーウォーターブロー,水,物理,45,100,28,
009B,ドスガエル,水/闇,285,どくせんボディ,,9,MVP_122,フリーズフィスト,氷,物理,45,100,28,
009B,ドスガエル,水/闇,285,どくせんボディ,,9,MVP_123,フロストストライクブロー,氷,物理,45,100,28,
009B,ドスガエル,水/闇,285,どくせんボディ,,9,MV_257,ロックバレット,地,物理,45,100,33,
009B,ドスガエル,水/闇,285,どくせんボディ,,9,MV_259,サンドスプレー,地,物理,45,100,30,
009B,ドスガエル,水/闇,285,どくせんボディ,,10,MVP_082,ベッドロックフィスト,地,物理,50,100,28,
009B,ドスガエル,水/闇,285,どくせんボディ,,10,MVP_083,レイラインブロー,地,物理,50,100,28,
009B,ドスガエル,水/闇,285,どくせんボディ,,10,MVP_124,アイスリングパンチ,氷,物理,50,100,26,
009B,ドスガエル,水/闇,285,どくせんボディ,,10,MV_189,フロストショット,氷,物理,50,100,30,
009B,ドスガエル,水/闇,285,どくせんボディ,,11,MVP_084,クラッシュソイルパンチ,地,物理,55,100,26,
009B,ドスガエル,水/闇,285,どくせんボディ,,11,MV_190,アイスニードル,氷,物理,55,100,27,
010,モモンパ,草/無,230,まいかぜ,,3,mvn_023,クリアストリーム,水,特殊,15,100,36,
010,モモンパ,草/無,230,まいかぜ,,3,mvn_078,ドラゴンファング,竜,特殊,15,100,36,
010,モモンパ,草/無,230,まいかぜ,,4,mvs_neutral_atk_def,マッチレスガード,無,変化,0,100,15,
010,モモンパ,草/無,230,まいかぜ,,5,aqua_gun,アクアショット,水,特殊,25,100,36,
010,モモンパ,草/無,230,まいかぜ,,5,mvh_water,タービュレントラッシュ,水,物理,25,95,15,2〜5発
010,モモンパ,草/無,230,まいかぜ,,6,MVP_001,ホワイトストライク,無,物理,30,100,30,
010,モモンパ,草/無,230,まいかぜ,,6,MV_137,バックフィスト,無,物理,30,100,36,
010,モモンパ,草/無,230,まいかぜ,,6,mvn_080,ドラゴンヴェインショット,竜,特殊,30,100,32,
010,モモンパ,草/無,230,まいかぜ,,6,mvn_082,ドラゴンクロー,竜,特殊,30,100,28,
010,モモンパ,草/無,230,まいかぜ,,7,MV_138,ダブルスラスト,無,物理,35,100,33,
010,モモンパ,草/無,230,まいかぜ,,7,MV_139,テイルスイープ,無,物理,35,100,33,
010,モモンパ,草/無,230,まいかぜ,,7,MV_212,ウォーターガン,水,物理,35,100,36,
010,モモンパ,草/無,230,まいかぜ,,7,MV_215,ウォーターカッター,水,特殊,35,100,30,
010,モモンパ,草/無,230,まいかぜ,,7,MV_281,リーフブレード,草,物理,35,100,36,
010,モモンパ,草/無,230,まいかぜ,,7,mvw_gale,ゲイルコール,草,変化,0,100,16,
010,モモンパ,草/無,230,まいかぜ,,8,MVP_041,クリアストリームストライク,水,物理,40,100,30,
010,モモンパ,草/無,230,まいかぜ,,8,MVP_101,グリーンリーフストライク,草,物理,40,100,30,
010,モモンパ,草/無,230,まいかぜ,,8,MV_140,ヘッドバット,無,物理,40,100,33,
010,モモンパ,草/無,230,まいかぜ,,8,MV_141,スピンタックル,無,物理,40,100,33,
010,モモンパ,草/無,230,まいかぜ,,8,MV_282,シードショット,草,物理,40,100,33,
010,モモンパ,草/無,230,まいかぜ,,9,MVP_042,ミラーウォーターブロー,水,物理,45,100,28,
010,モモンパ,草/無,230,まいかぜ,,9,MVP_102,アイビーストライクフィスト,草,物理,45,100,28,
010,モモンパ,草/無,230,まいかぜ,,9,MVP_141,ドラゴンファングストライク,竜,物理,45,100,30,
010,モモンパ,草/無,230,まいかぜ,,9,MV_214,バブルバラージ,水,物理,45,100,33,
010,モモンパ,草/無,230,まいかぜ,,10,MVP_043,サーフサウンドフィスト,水,物理,50,100,28,
010,モモンパ,草/無,230,まいかぜ,,10,MVP_044,ドロップストライクパンチ,水,物理,50,100,26,
010,モモンパ,草/無,230,まいかぜ,,10,MVP_142,ドラゴンスケイルフィスト,竜,物理,50,100,28,
010,モモンパ,草/無,230,まいかぜ,,10,MVP_143,ドラゴンヴェインブロー,竜,物理,50,100,28,
010,モモンパ,草/無,230,まいかぜ,,11,MVP_144,ドラゴンブレスパンチ,竜,物理,55,100,26,
010,モモンパ,草/無,230,まいかぜ,,11,MV_116,ドラゴンファングスラスト,竜,物理,55,100,27,
010,モモンパ,草/無,230,まいかぜ,,11,MV_216,ウォーターブレード,水,物理,55,100,27,
010,モモンパ,草/無,230,まいかぜ,,11,MV_221,ストリームコンボ,水,物理,55,100,27,
010,モモンパ,草/無,230,まいかぜ,,12,MVP_145,ドラゴンクロースラスト,竜,物理,60,100,21,
010,モモンパ,草/無,230,まいかぜ,,12,MVP_146,ドラゴンリングフィスト,竜,物理,60,100,18,
010,モモンパ,草/無,230,まいかぜ,,12,MV_222,ミラーウォータースラッシュ,水,物理,60,100,24,
010,モモンパ,草/無,230,まいかぜ,,12,MV_227,アクアジェット,水,物理,60,100,27,
010,モモンパ,草/無,230,まいかぜ,,13,MVP_045,ウォーターリングスラスト,水,物理,65,100,21,
010,モモンパ,草/無,230,まいかぜ,,13,MVP_147,ドラゴンヴェールストライク,竜,物理,65,100,15,
011,チョロゾウ,水,200,きょうしんぞう,,3,mvn_045,クロッド,地,特殊,15,100,36,
011,チョロゾウ,水,200,きょうしんぞう,,4,MV_280,サンドバインド,地,特殊,20,100,28,
011,チョロゾウ,水,200,きょうしんぞう,,5,mvh_ground,ロックバラージブロー,地,物理,25,95,15,2〜5発
011,チョロゾウ,水,200,きょうしんぞう,,5,mvh_water,タービュレントラッシュ,水,物理,25,95,15,2〜5発
011,チョロゾウ,水,200,きょうしんぞう,,6,mvn_048,クラッシュソイル,地,特殊,30,100,30,
011,チョロゾウ,水,200,きょうしんぞう,,7,MV_212,ウォーターガン,水,物理,35,100,36,
011,チョロゾウ,水,200,きょうしんぞう,,7,MV_256,ストーンペブル,地,物理,35,100,36,
011,チョロゾウ,水,200,きょうしんぞう,,7,mvs_big_water,ラピッドストリームスタンス,水,変化,0,100,10,
011,チョロゾウ,水,200,きょうしんぞう,,8,MVP_041,クリアストリームストライク,水,物理,40,100,30,
011,チョロゾウ,水,200,きょうしんぞう,,8,MVP_081,クロッドストライク,地,物理,40,100,30,
011,チョロゾウ,水,200,きょうしんぞう,,8,MV_260,ブラインドサンド,地,物理,40,100,32,
011,チョロゾウ,水,200,きょうしんぞう,,8,mvn_049,アースヴェール,地,特殊,40,100,28,
011,チョロゾウ,水,200,きょうしんぞう,,9,MVP_042,ミラーウォーターブロー,水,物理,45,100,28,
011,チョロゾウ,水,200,きょうしんぞう,,9,MV_214,バブルバラージ,水,物理,45,100,33,
011,チョロゾウ,水,200,きょうしんぞう,,9,MV_257,ロックバレット,地,物理,45,100,33,
011,チョロゾウ,水,200,きょうしんぞう,,9,MV_259,サンドスプレー,地,物理,45,100,30,
011,チョロゾウ,水,200,きょうしんぞう,,10,MVP_043,サーフサウンドフィスト,水,物理,50,100,28,
011,チョロゾウ,水,200,きょうしんぞう,,10,MVP_044,ドロップストライクパンチ,水,物理,50,100,26,
011,チョロゾウ,水,200,きょうしんぞう,,10,MVP_082,ベッドロックフィスト,地,物理,50,100,28,
011,チョロゾウ,水,200,きょうしんぞう,,10,MVP_083,レイラインブロー,地,物理,50,100,28,
011,チョロゾウ,水,200,きょうしんぞう,,10,mvs_ep_water,ディープウォーターピーク,水,変化,0,100,10,
011,チョロゾウ,水,200,きょうしんぞう,,11,MVP_084,クラッシュソイルパンチ,地,物理,55,100,26,
011,チョロゾウ,水,200,きょうしんぞう,,11,MV_216,ウォーターブレード,水,物理,55,100,27,
011,チョロゾウ,水,200,きょうしんぞう,,11,MV_221,ストリームコンボ,水,物理,55,100,27,
011,チョロゾウ,水,200,きょうしんぞう,,11,MV_258,フィッシャースラスト,地,物理,55,100,27,
011,チョロゾウ,水,200,きょうしんぞう,,12,MVP_085,アースヴェールスラスト,地,物理,60,100,21,
011,チョロゾウ,水,200,きょうしんぞう,,12,MV_222,ミラーウォータースラッシュ,水,物理,60,100,24,
011,チョロゾウ,水,200,きょうしんぞう,,12,MV_272,シャープロックスラスト,地,物理,60,100,24,
011,チョロゾウ,水,200,きょうしんぞう,,13,MVP_086,ロックシャードフィスト,地,物理,65,100,18,
011,チョロゾウ,水,200,きょうしんぞう,,13,MV_263,ロックスマッシュ,地,物理,65,100,18,
011,チョロゾウ,水,200,きょうしんぞう,,14,MVP_087,アースウォールストライク,地,物理,70,100,15,
011,チョロゾウ,水,200,きょうしんぞう,,14,MV_274,ベッドロックブレイク,地,物理,70,100,12,
011,チョロゾウ,水,200,きょうしんぞう,,15,MVP_088,ハードグラウンドブロー,地,物理,75,90,11,
011,チョロゾウ,水,200,きょうしんぞう,,15,MVP_089,ペブルブローパンチ,地,物理,75,90,11,
011,チョロゾウ,水,200,きょうしんぞう,,16,MVP_090,アースリングフィスト,地,物理,80,100,6,
011,チョロゾウ,水,200,きょうしんぞう,,16,MVP_091,ソリッドソイルストライク,地,物理,80,90,8,
012,ナエモチ,草/地,210,こうふん,,3,mvn_012,クリムゾン,炎,特殊,15,85,36,
012,ナエモチ,草/地,210,こうふん,,3,mvn_023,クリアストリーム,水,特殊,15,100,36,
012,ナエモチ,草/地,210,こうふん,,4,MV_247,ファイアスフィア,炎,特殊,20,100,30,
012,ナエモチ,草/地,210,こうふん,,5,aqua_gun,アクアショット,水,特殊,25,100,36,
012,ナエモチ,草/地,210,こうふん,,5,mvh_ground,ロックバラージブロー,地,物理,25,95,15,2〜5発
012,ナエモチ,草/地,210,こうふん,,5,mvh_water,タービュレントラッシュ,水,物理,25,95,15,2〜5発
012,ナエモチ,草/地,210,こうふん,,6,MV_234,ブレイズバレット,炎,特殊,30,95,30,
012,ナエモチ,草/地,210,こうふん,,7,MVP_021,クリムゾンストライク,炎,物理,35,100,30,
012,ナエモチ,草/地,210,こうふん,,7,MV_212,ウォーターガン,水,物理,35,100,36,
012,ナエモチ,草/地,210,こうふん,,7,MV_215,ウォーターカッター,水,特殊,35,100,30,
012,ナエモチ,草/地,210,こうふん,,7,MV_233,シンダー,炎,物理,35,95,32,
012,ナエモチ,草/地,210,こうふん,,7,MV_256,ストーンペブル,地,物理,35,100,36,
012,ナエモチ,草/地,210,こうふん,,7,MV_281,リーフブレード,草,物理,35,100,36,
012,ナエモチ,草/地,210,こうふん,,8,MVP_022,スコーチフィスト,炎,物理,40,100,28,
012,ナエモチ,草/地,210,こうふん,,8,MVP_023,フォスファーブロー,炎,物理,40,100,28,
012,ナエモチ,草/地,210,こうふん,,8,MVP_041,クリアストリームストライク,水,物理,40,100,30,
012,ナエモチ,草/地,210,こうふん,,8,MVP_081,クロッドストライク,地,物理,40,100,30,
012,ナエモチ,草/地,210,こうふん,,8,MVP_101,グリーンリーフストライク,草,物理,40,100,30,
012,ナエモチ,草/地,210,こうふん,,8,MV_260,ブラインドサンド,地,物理,40,100,32,
012,ナエモチ,草/地,210,こうふん,,8,MV_282,シードショット,草,物理,40,100,33,
012,ナエモチ,草/地,210,こうふん,,9,MVP_024,ロースパンチ,炎,物理,45,100,26,
012,ナエモチ,草/地,210,こうふん,,9,MVP_042,ミラーウォーターブロー,水,物理,45,100,28,
012,ナエモチ,草/地,210,こうふん,,9,MVP_102,アイビーストライクフィスト,草,物理,45,100,28,
012,ナエモチ,草/地,210,こうふん,,9,MV_214,バブルバラージ,水,物理,45,100,33,
012,ナエモチ,草/地,210,こうふん,,9,MV_236,フレイムクロー,炎,物理,45,95,26,
012,ナエモチ,草/地,210,こうふん,,9,MV_257,ロックバレット,地,物理,45,100,33,
012,ナエモチ,草/地,210,こうふん,,9,MV_259,サンドスプレー,地,物理,45,100,30,
012,ナエモチ,草/地,210,こうふん,,10,MVP_043,サーフサウンドフィスト,水,物理,50,100,28,
012,ナエモチ,草/地,210,こうふん,,10,MVP_044,ドロップストライクパンチ,水,物理,50,100,26,
012,ナエモチ,草/地,210,こうふん,,10,MV_246,フレイムファング,炎,物理,50,95,26,
012,ナエモチ,草/地,210,こうふん,,10,MV_250,フレイムスラスト,炎,物理,50,100,27,
012,ナエモチ,草/地,210,こうふん,,10,mvs_ep_grass,ヴァーダントピーク,草,変化,0,100,10,
012,ナエモチ,草/地,210,こうふん,,10,mvs_ep_ground,アースコアピーク,地,変化,0,100,10,
012,ナエモチ,草/地,210,こうふん,,11,MV_216,ウォーターブレード,水,物理,55,100,27,
012,ナエモチ,草/地,210,こうふん,,11,MV_221,ストリームコンボ,水,物理,55,100,27,
012,ナエモチ,草/地,210,こうふん,,11,MV_237,ブレイズスラッシュ,炎,物理,55,95,24,
012,ナエモチ,草/地,210,こうふん,,11,MV_245,フレイムホイール,炎,物理,55,95,24,
012,ナエモチ,草/地,210,こうふん,,12,MVP_025,シアリングスラスト,炎,物理,60,100,21,
013,ポチムネ,地,220,がんばりサポート,,1,MV_273,サンドダストスタンス,地,変化,0,100,15,
013,ポチムネ,地,220,がんばりサポート,,3,mvn_012,クリムゾン,炎,特殊,15,85,36,
013,ポチムネ,地,220,がんばりサポート,,4,MV_247,ファイアスフィア,炎,特殊,20,100,30,
013,ポチムネ,地,220,がんばりサポート,,5,mvh_ground,ロックバラージブロー,地,物理,25,95,15,2〜5発
013,ポチムネ,地,220,がんばりサポート,,6,MV_234,ブレイズバレット,炎,特殊,30,95,30,
013,ポチムネ,地,220,がんばりサポート,,7,MVP_021,クリムゾンストライク,炎,物理,35,100,30,
013,ポチムネ,地,220,がんばりサポート,,7,MV_233,シンダー,炎,物理,35,95,32,
013,ポチムネ,地,220,がんばりサポート,,7,MV_256,ストーンペブル,地,物理,35,100,36,
013,ポチムネ,地,220,がんばりサポート,,8,MVP_022,スコーチフィスト,炎,物理,40,100,28,
013,ポチムネ,地,220,がんばりサポート,,8,MVP_023,フォスファーブロー,炎,物理,40,100,28,
013,ポチムネ,地,220,がんばりサポート,,8,MVP_081,クロッドストライク,地,物理,40,100,30,
013,ポチムネ,地,220,がんばりサポート,,8,MV_255,ブレイズバラージ,炎,特殊,40,95,26,
013,ポチムネ,地,220,がんばりサポート,,8,MV_260,ブラインドサンド,地,物理,40,100,32,
013,ポチムネ,地,220,がんばりサポート,,9,MVP_024,ロースパンチ,炎,物理,45,100,26,
013,ポチムネ,地,220,がんばりサポート,,9,MV_236,フレイムクロー,炎,物理,45,95,26,
013,ポチムネ,地,220,がんばりサポート,,9,MV_257,ロックバレット,地,物理,45,100,33,
013,ポチムネ,地,220,がんばりサポート,,9,MV_259,サンドスプレー,地,物理,45,100,30,
013,ポチムネ,地,220,がんばりサポート,,10,MVP_082,ベッドロックフィスト,地,物理,50,100,28,
013,ポチムネ,地,220,がんばりサポート,,10,MVP_083,レイラインブロー,地,物理,50,100,28,
013,ポチムネ,地,220,がんばりサポート,,10,MV_246,フレイムファング,炎,物理,50,95,26,
013,ポチムネ,地,220,がんばりサポート,,10,MV_250,フレイムスラスト,炎,物理,50,100,27,
013,ポチムネ,地,220,がんばりサポート,,10,mvs_ep_ground,アースコアピーク,地,変化,0,100,10,
013,ポチムネ,地,220,がんばりサポート,,11,MVP_084,クラッシュソイルパンチ,地,物理,55,100,26,
013,ポチムネ,地,220,がんばりサポート,,11,MV_237,ブレイズスラッシュ,炎,物理,55,95,24,
013,ポチムネ,地,220,がんばりサポート,,11,MV_245,フレイムホイール,炎,物理,55,95,24,
013,ポチムネ,地,220,がんばりサポート,,11,MV_258,フィッシャースラスト,地,物理,55,100,27,
013,ポチムネ,地,220,がんばりサポート,,12,MVP_025,シアリングスラスト,炎,物理,60,100,21,
013,ポチムネ,地,220,がんばりサポート,,12,MV_253,ブレイジングパンチ,炎,物理,60,100,24,
013,ポチムネ,地,220,がんばりサポート,,13,MV_238,ワイルドファイアフィスト,炎,物理,65,95,21,
013,ポチムネ,地,220,がんばりサポート,,13,MV_252,シアリングスラッシュ,炎,物理,65,100,21,
013,ポチムネ,地,220,がんばりサポート,,14,MVP_026,エンバーフィスト,炎,物理,70,100,18,
013,ポチムネ,地,220,がんばりサポート,,14,MVP_027,フレイムストライク,炎,物理,70,100,15,
013,ポチムネ,地,220,がんばりサポート,,15,MVP_028,フレイムアレイブロー,炎,物理,75,90,11,
013,ポチムネ,地,220,がんばりサポート,,15,MVP_029,ヘルフレイムパンチ,炎,物理,75,90,11,
013,ポチムネ,地,220,がんばりサポート,,16,MVP_030,フレイムスウォームスラスト,炎,物理,80,100,6,
013,ポチムネ,地,220,がんばりサポート,,16,MVP_031,カーボナイズフィスト,炎,物理,80,90,8,
014,ポワワ,草/無,210,こうふん,,1,MV_163,フォーカスパワー,無,変化,0,100,15,
014,ポワワ,草/無,210,こうふん,,1,MV_164,コンセントレート,無,変化,0,100,15,
014,ポワワ,草/無,210,こうふん,,3,mvn_023,クリアストリーム,水,特殊,15,100,36,
014,ポワワ,草/無,210,こうふん,,3,mvn_078,ドラゴンファング,竜,特殊,15,100,36,
014,ポワワ,草/無,210,こうふん,,5,aqua_gun,アクアショット,水,特殊,25,100,36,
014,ポワワ,草/無,210,こうふん,,5,mvh_water,タービュレントラッシュ,水,物理,25,95,15,2〜5発
014,ポワワ,草/無,210,こうふん,,6,MVP_001,ホワイトストライク,無,物理,30,100,30,
014,ポワワ,草/無,210,こうふん,,6,MV_137,バックフィスト,無,物理,30,100,36,
014,ポワワ,草/無,210,こうふん,,6,mvn_080,ドラゴンヴェインショット,竜,特殊,30,100,32,
014,ポワワ,草/無,210,こうふん,,6,mvn_082,ドラゴンクロー,竜,特殊,30,100,28,
014,ポワワ,草/無,210,こうふん,,7,MV_138,ダブルスラスト,無,物理,35,100,33,
014,ポワワ,草/無,210,こうふん,,7,MV_139,テイルスイープ,無,物理,35,100,33,
014,ポワワ,草/無,210,こうふん,,7,MV_212,ウォーターガン,水,物理,35,100,36,
014,ポワワ,草/無,210,こうふん,,7,MV_215,ウォーターカッター,水,特殊,35,100,30,
014,ポワワ,草/無,210,こうふん,,7,MV_281,リーフブレード,草,物理,35,100,36,
014,ポワワ,草/無,210,こうふん,,8,MVP_041,クリアストリームストライク,水,物理,40,100,30,
014,ポワワ,草/無,210,こうふん,,8,MVP_101,グリーンリーフストライク,草,物理,40,100,30,
014,ポワワ,草/無,210,こうふん,,8,MV_140,ヘッドバット,無,物理,40,100,33,
014,ポワワ,草/無,210,こうふん,,8,MV_141,スピンタックル,無,物理,40,100,33,
014,ポワワ,草/無,210,こうふん,,8,MV_282,シードショット,草,物理,40,100,33,
014,ポワワ,草/無,210,こうふん,,9,MVP_042,ミラーウォーターブロー,水,物理,45,100,28,
014,ポワワ,草/無,210,こうふん,,9,MVP_102,アイビーストライクフィスト,草,物理,45,100,28,
014,ポワワ,草/無,210,こうふん,,9,MVP_141,ドラゴンファングストライク,竜,物理,45,100,30,
014,ポワワ,草/無,210,こうふん,,9,MV_214,バブルバラージ,水,物理,45,100,33,
014,ポワワ,草/無,210,こうふん,,10,MVP_043,サーフサウンドフィスト,水,物理,50,100,28,
014,ポワワ,草/無,210,こうふん,,10,MVP_044,ドロップストライクパンチ,水,物理,50,100,26,
014,ポワワ,草/無,210,こうふん,,10,MVP_142,ドラゴンスケイルフィスト,竜,物理,50,100,28,
014,ポワワ,草/無,210,こうふん,,10,MVP_143,ドラゴンヴェインブロー,竜,物理,50,100,28,
014,ポワワ,草/無,210,こうふん,,11,MVP_144,ドラゴンブレスパンチ,竜,物理,55,100,26,
014,ポワワ,草/無,210,こうふん,,11,MV_116,ドラゴンファングスラスト,竜,物理,55,100,27,
014,ポワワ,草/無,210,こうふん,,11,MV_216,ウォーターブレード,水,物理,55,100,27,
014,ポワワ,草/無,210,こうふん,,11,MV_221,ストリームコンボ,水,物理,55,100,27,
014,ポワワ,草/無,210,こうふん,,12,MVP_145,ドラゴンクロースラスト,竜,物理,60,100,21,
014,ポワワ,草/無,210,こうふん,,12,MVP_146,ドラゴンリングフィスト,竜,物理,60,100,18,
014,ポワワ,草/無,210,こうふん,,12,MV_222,ミラーウォータースラッシュ,水,物理,60,100,24,
014,ポワワ,草/無,210,こうふん,,12,MV_227,アクアジェット,水,物理,60,100,27,
014,ポワワ,草/無,210,こうふん,,13,MVP_045,ウォーターリングスラスト,水,物理,65,100,21,
014,ポワワ,草/無,210,こうふん,,13,MVP_147,ドラゴンヴェールストライク,竜,物理,65,100,15,
015,パチグリ,雷,215,雷のちから,,1,MV_179,アクセラレート,雷,変化,0,100,15,
015,パチグリ,雷,215,雷のちから,,3,mvn_056,グリーンリーフ,草,特殊,15,100,36,
015,パチグリ,雷,215,雷のちから,,4,mvs_electric_accuracy_crit,ボルトサイト,雷,変化,0,100,15,
015,パチグリ,雷,215,雷のちから,,5,MV_285,グラスノット,草,特殊,25,100,28,
015,パチグリ,雷,215,雷のちから,,5,mvn_060,グラスリング,草,特殊,25,100,28,
015,パチグリ,雷,215,雷のちから,,6,mvn_059,フレッシュリーフ,草,特殊,30,100,30,
015,パチグリ,雷,215,雷のちから,,7,MV_281,リーフブレード,草,物理,35,100,36,
015,パチグリ,雷,215,雷のちから,,7,mvh_electric,トリプルボルトストライク,雷,物理,35,90,10,3発(発ごと命中)
015,パチグリ,雷,215,雷のちから,,8,MVP_061,バイオレットボルトストライク,雷,物理,40,100,30,
015,パチグリ,雷,215,雷のちから,,8,MVP_062,サンダーロアフィスト,雷,物理,40,100,28,
015,パチグリ,雷,215,雷のちから,,8,MVP_101,グリーンリーフストライク,草,物理,40,100,30,
015,パチグリ,雷,215,雷のちから,,8,MV_282,シードショット,草,物理,40,100,33,
015,パチグリ,雷,215,雷のちから,,9,MVP_063,フラッシュボルトブロー,雷,物理,45,100,28,
015,パチグリ,雷,215,雷のちから,,9,MVP_102,アイビーストライクフィスト,草,物理,45,100,28,
015,パチグリ,雷,215,雷のちから,,9,MV_168,スパークボルト,雷,物理,45,95,28,
015,パチグリ,雷,215,雷のちから,,9,MV_283,ヴァインウィップ,草,物理,45,100,33,
015,パチグリ,雷,215,雷のちから,,9,mvn_061,ヴァーダントリーフ,草,特殊,45,100,26,
015,パチグリ,雷,215,雷のちから,,9,spine_vine,スパインヴァイン,草,特殊,45,100,21,
015,パチグリ,雷,215,雷のちから,,10,MVP_064,ボルトチャージパンチ,雷,物理,50,100,26,
015,パチグリ,雷,215,雷のちから,,10,MVP_103,リーフヴェインブロー,草,物理,50,100,28,
015,パチグリ,雷,215,雷のちから,,10,MVP_104,フレッシュリーフパンチ,草,物理,50,100,26,
015,パチグリ,雷,215,雷のちから,,10,MV_182,ショックスティング,雷,物理,50,100,30,
015,パチグリ,雷,215,雷のちから,,11,MV_183,ライトニングスラスト,雷,物理,55,100,27,
015,パチグリ,雷,215,雷のちから,,11,MV_287,アイビーバインド,草,物理,55,100,27,
015,パチグリ,雷,215,雷のちから,,11,MV_288,ソーンウィップ,草,物理,55,100,24,
015,パチグリ,雷,215,雷のちから,,12,MVP_065,スイフトボルトスラスト,雷,物理,60,100,21,
015,パチグリ,雷,215,雷のちから,,12,MVP_105,グラスリングスラスト,草,物理,60,100,21,
015,パチグリ,雷,215,雷のちから,,12,MV_170,ディスチャージ,雷,物理,60,95,24,
015,パチグリ,雷,215,雷のちから,,12,MV_296,ブライアウィップ,草,物理,60,100,21,
015,パチグリ,雷,215,雷のちから,,13,MVP_106,ヴァーダントリーフフィスト,草,物理,65,100,18,
015,パチグリ,雷,215,雷のちから,,13,MVP_107,リーフスウォームストライク,草,物理,65,100,15,
015,パチグリ,雷,215,雷のちから,,14,MV_289,パワーウィップ,草,物理,70,100,12,
015,パチグリ,雷,215,雷のちから,,14,MV_297,ティンバーストライク,草,物理,70,100,15,
015,パチグリ,雷,215,雷のちから,,15,MVP_108,グラスヴェールブロー,草,物理,75,90,11,
015,パチグリ,雷,215,雷のちから,,15,MVP_109,ヴァインブローパンチ,草,物理,75,90,11,
015,パチグリ,雷,215,雷のちから,,16,MVP_110,グリーンアレイフィスト,草,物理,80,100,6,
015,パチグリ,雷,215,雷のちから,,16,MVP_111,リーフハイドストライク,草,物理,80,90,8,
015B,コチグリ,氷,225,発煙器官,,3,mvn_023,クリアストリーム,水,特殊,15,100,36,
015B,コチグリ,氷,225,発煙器官,,3,mvn_067,ホワイトアイス,氷,特殊,15,85,36,
015B,コチグリ,氷,225,発煙器官,,4,mvs_ice_atk_evasion,グレイシャーステップ,氷,変化,0,100,15,
015B,コチグリ,氷,225,発煙器官,,5,aqua_gun,アクアショット,水,特殊,25,100,36,
015B,コチグリ,氷,225,発煙器官,,5,mvh_water,タービュレントラッシュ,水,物理,25,95,15,2〜5発
015B,コチグリ,氷,225,発煙器官,,6,MV_205,フロストネット,氷,特殊,30,95,28,
015B,コチグリ,氷,225,発煙器官,,6,ice_cutter,アイスカッター,氷,特殊,30,100,33,
015B,コチグリ,氷,225,発煙器官,,7,MV_187,アイスペブル,氷,物理,35,100,36,
015B,コチグリ,氷,225,発煙器官,,7,MV_212,ウォーターガン,水,物理,35,100,36,
015B,コチグリ,氷,225,発煙器官,,7,MV_215,ウォーターカッター,水,特殊,35,100,30,
015B,コチグリ,氷,225,発煙器官,,7,mvw_snow,スノーダンス,氷,変化,0,100,16,
015B,コチグリ,氷,225,発煙器官,,8,MVP_041,クリアストリームストライク,水,物理,40,100,30,
015B,コチグリ,氷,225,発煙器官,,9,mvn_028,スプラッシュ,水,特殊,45,100,26,
015B,コチグリ,氷,225,発煙器官,,9,mvn_073,フローズンクラウド,氷,特殊,45,100,24,
015B,コチグリ,氷,225,発煙器官,,11,MV_217,アクアランス,水,特殊,55,100,24,
015B,コチグリ,氷,225,発煙器官,,12,MV_191,フリーズウェーブ,氷,特殊,60,100,24,
015B,コチグリ,氷,225,発煙器官,,14,MV_193,アイスガスト,氷,特殊,70,100,18,
015B,コチグリ,氷,225,発煙器官,,14,MV_231,バブルビーム,水,特殊,70,100,15,
015B,コチグリ,氷,225,発煙器官,,15,high_pressure_water,ハイプレッシャーウォーター,水,特殊,75,100,15,
015B,コチグリ,氷,225,発煙器官,,16,MV_201,アイシクルドロップ,氷,特殊,80,100,9,
015B,コチグリ,氷,225,発煙器官,,17,MV_196,アイスストーム,氷,特殊,85,100,12,
015B,コチグリ,氷,225,発煙器官,,19,MV_197,アブソリュートゼロウェーブ,氷,特殊,95,85,6,
016,ンダコアラ,闇,210,どくせんボディ,,3,mvn_067,ホワイトアイス,氷,特殊,15,85,36,
016,ンダコアラ,闇,210,どくせんボディ,,4,mvs_dark_def_crit,ダークナイトアーマー,闇,変化,0,100,15,
016,ンダコアラ,闇,210,どくせんボディ,,5,mvh_dark,シャドウバラージ,闇,物理,25,95,15,2〜5発
016,ンダコアラ,闇,210,どくせんボディ,,6,MV_205,フロストネット,氷,特殊,30,95,28,
016,ンダコアラ,闇,210,どくせんボディ,,6,ice_cutter,アイスカッター,氷,特殊,30,100,33,
016,ンダコアラ,闇,210,どくせんボディ,,7,MV_121,シャドウピアス,闇,物理,35,100,34,
016,ンダコアラ,闇,210,どくせんボディ,,7,MV_123,ダスクブレード,闇,物理,35,100,32,
016,ンダコアラ,闇,210,どくせんボディ,,7,MV_187,アイスペブル,氷,物理,35,100,36,
016,ンダコアラ,闇,210,どくせんボディ,,7,mvh_ice,トリプルアイスブレード,氷,物理,35,90,10,3発(発ごと命中)
016,ンダコアラ,闇,210,どくせんボディ,,8,MVP_121,ホワイトアイスストライク,氷,物理,40,100,30,
016,ンダコアラ,闇,210,どくせんボディ,,8,MV_124,シャドウステッチ,闇,物理,40,100,32,
016,ンダコアラ,闇,210,どくせんボディ,,8,MV_125,ダークウェッジ,闇,物理,40,100,32,
016,ンダコアラ,闇,210,どくせんボディ,,8,MV_188,アイスブレード,氷,物理,40,100,33,
016,ンダコアラ,闇,210,どくせんボディ,,9,MVP_122,フリーズフィスト,氷,物理,45,100,28,
016,ンダコアラ,闇,210,どくせんボディ,,9,MVP_123,フロストストライクブロー,氷,物理,45,100,28,
016,ンダコアラ,闇,210,どくせんボディ,,9,MVP_161,ブラックミストストライク,闇,物理,45,100,30,
016,ンダコアラ,闇,210,どくせんボディ,,9,MV_126,カースチェイン,闇,物理,45,100,32,
016,ンダコアラ,闇,210,どくせんボディ,,9,mvn_073,フローズンクラウド,氷,特殊,45,100,24,
016,ンダコアラ,闇,210,どくせんボディ,,10,MVP_124,アイスリングパンチ,氷,物理,50,100,26,
016,ンダコアラ,闇,210,どくせんボディ,,10,MVP_162,シャドウストライクフィスト,闇,物理,50,100,28,
016,ンダコアラ,闇,210,どくせんボディ,,10,MVP_163,カースブローパンチ,闇,物理,50,100,28,
016,ンダコアラ,闇,210,どくせんボディ,,10,MV_189,フロストショット,氷,物理,50,100,30,
016,ンダコアラ,闇,210,どくせんボディ,,10,mvs_ep_dark,アビスピーク,闇,変化,0,100,10,
016,ンダコアラ,闇,210,どくせんボディ,,11,MVP_164,ダークネススラスト,闇,物理,55,100,26,
016,ンダコアラ,闇,210,どくせんボディ,,11,MV_190,アイスニードル,氷,物理,55,100,27,
016,ンダコアラ,闇,210,どくせんボディ,,11,MV_211,フローズンブレード,氷,物理,55,95,26,
016,ンダコアラ,闇,210,どくせんボディ,,12,MVP_125,チルスラスト,氷,物理,60,100,21,
016,ンダコアラ,闇,210,どくせんボディ,,12,MV_195,アイスファング,氷,物理,60,95,24,
016,ンダコアラ,闇,210,どくせんボディ,,13,MV_192,ブリザードブロー,氷,物理,65,100,21,
016,ンダコアラ,闇,210,どくせんボディ,,13,MV_200,アイスブレードコンボ,氷,物理,65,100,21,
016,ンダコアラ,闇,210,どくせんボディ,,14,MVP_126,アイスシャードフィスト,氷,物理,70,100,18,
016,ンダコアラ,闇,210,どくせんボディ,,14,MVP_127,フローズンクラウドストライク,氷,物理,70,100,15,
016,ンダコアラ,闇,210,どくせんボディ,,15,MVP_128,アイスヴェールブロー,氷,物理,75,90,11,
016,ンダコアラ,闇,210,どくせんボディ,,15,MVP_129,フロストブロッサムパンチ,氷,物理,75,90,11,
016,ンダコアラ,闇,210,どくせんボディ,,16,MVP_130,アイスコアフィスト,氷,物理,80,100,6,
016,ンダコアラ,闇,210,どくせんボディ,,16,MVP_131,コールドストライクスラスト,氷,物理,80,90,8,
017,ペンタマ,水/氷,215,ディープダイブ,,1,MV_232,クリアストリームスタンス,水,変化,0,100,15,
017,ペンタマ,水/氷,215,ディープダイブ,,3,mvn_045,クロッド,地,特殊,15,100,36,
017,ペンタマ,水/氷,215,ディープダイブ,,4,MV_280,サンドバインド,地,特殊,20,100,28,
017,ペンタマ,水/氷,215,ディープダイブ,,5,mvh_ground,ロックバラージブロー,地,物理,25,95,15,2〜5発
017,ペンタマ,水/氷,215,ディープダイブ,,5,mvh_water,タービュレントラッシュ,水,物理,25,95,15,2〜5発
017,ペンタマ,水/氷,215,ディープダイブ,,6,mvn_048,クラッシュソイル,地,特殊,30,100,30,
017,ペンタマ,水/氷,215,ディープダイブ,,7,MV_187,アイスペブル,氷,物理,35,100,36,
017,ペンタマ,水/氷,215,ディープダイブ,,7,MV_212,ウォーターガン,水,物理,35,100,36,
017,ペンタマ,水/氷,215,ディープダイブ,,7,MV_256,ストーンペブル,地,物理,35,100,36,
017,ペンタマ,水/氷,215,ディープダイブ,,7,mvh_ice,トリプルアイスブレード,氷,物理,35,90,10,3発(発ごと命中)
017,ペンタマ,水/氷,215,ディープダイブ,,7,mvs_big_water,ラピッドストリームスタンス,水,変化,0,100,10,
017,ペンタマ,水/氷,215,ディープダイブ,,8,MVP_041,クリアストリームストライク,水,物理,40,100,30,
017,ペンタマ,水/氷,215,ディープダイブ,,8,MVP_081,クロッドストライク,地,物理,40,100,30,
017,ペンタマ,水/氷,215,ディープダイブ,,8,MVP_121,ホワイトアイスストライク,氷,物理,40,100,30,
017,ペンタマ,水/氷,215,ディープダイブ,,8,MV_188,アイスブレード,氷,物理,40,100,33,
017,ペンタマ,水/氷,215,ディープダイブ,,8,MV_260,ブラインドサンド,地,物理,40,100,32,
017,ペンタマ,水/氷,215,ディープダイブ,,8,mvn_049,アースヴェール,地,特殊,40,100,28,
017,ペンタマ,水/氷,215,ディープダイブ,,9,MVP_042,ミラーウォーターブロー,水,物理,45,100,28,
017,ペンタマ,水/氷,215,ディープダイブ,,9,MVP_122,フリーズフィスト,氷,物理,45,100,28,
017,ペンタマ,水/氷,215,ディープダイブ,,9,MVP_123,フロストストライクブロー,氷,物理,45,100,28,
017,ペンタマ,水/氷,215,ディープダイブ,,9,MV_257,ロックバレット,地,物理,45,100,33,
017,ペンタマ,水/氷,215,ディープダイブ,,9,MV_259,サンドスプレー,地,物理,45,100,30,
017,ペンタマ,水/氷,215,ディープダイブ,,10,MVP_082,ベッドロックフィスト,地,物理,50,100,28,
017,ペンタマ,水/氷,215,ディープダイブ,,10,MVP_083,レイラインブロー,地,物理,50,100,28,
017,ペンタマ,水/氷,215,ディープダイブ,,11,MVP_084,クラッシュソイルパンチ,地,物理,55,100,26,
017,ペンタマ,水/氷,215,ディープダイブ,,11,MV_258,フィッシャースラスト,地,物理,55,100,27,
017,ペンタマ,水/氷,215,ディープダイブ,,12,MVP_085,アースヴェールスラスト,地,物理,60,100,21,
017,ペンタマ,水/氷,215,ディープダイブ,,12,MV_272,シャープロックスラスト,地,物理,60,100,24,
017,ペンタマ,水/氷,215,ディープダイブ,,13,MVP_086,ロックシャードフィスト,地,物理,65,100,18,
017,ペンタマ,水/氷,215,ディープダイブ,,13,MV_263,ロックスマッシュ,地,物理,65,100,18,
017,ペンタマ,水/氷,215,ディープダイブ,,14,MVP_087,アースウォールストライク,地,物理,70,100,15,
017,ペンタマ,水/氷,215,ディープダイブ,,14,MV_274,ベッドロックブレイク,地,物理,70,100,12,
017,ペンタマ,水/氷,215,ディープダイブ,,15,MVP_088,ハードグラウンドブロー,地,物理,75,90,11,
017,ペンタマ,水/氷,215,ディープダイブ,,15,MVP_089,ペブルブローパンチ,地,物理,75,90,11,
017,ペンタマ,水/氷,215,ディープダイブ,,16,MVP_090,アースリングフィスト,地,物理,80,100,6,
017,ペンタマ,水/氷,215,ディープダイブ,,16,MVP_091,ソリッドソイルストライク,地,物理,80,90,8,
017B,デンタマ,水/雷,220,ぜつえんたい,,3,mvn_045,クロッド,地,特殊,15,100,36,
017B,デンタマ,水/雷,220,ぜつえんたい,,3,mvn_056,グリーンリーフ,草,特殊,15,100,36,
017B,デンタマ,水/雷,220,ぜつえんたい,,4,MV_280,サンドバインド,地,特殊,20,100,28,
017B,デンタマ,水/雷,220,ぜつえんたい,,5,MV_285,グラスノット,草,特殊,25,100,28,
017B,デンタマ,水/雷,220,ぜつえんたい,,5,mvh_ground,ロックバラージブロー,地,物理,25,95,15,2〜5発
017B,デンタマ,水/雷,220,ぜつえんたい,,5,mvh_water,タービュレントラッシュ,水,物理,25,95,15,2〜5発
017B,デンタマ,水/雷,220,ぜつえんたい,,5,mvn_060,グラスリング,草,特殊,25,100,28,
017B,デンタマ,水/雷,220,ぜつえんたい,,6,mvn_048,クラッシュソイル,地,特殊,30,100,30,
017B,デンタマ,水/雷,220,ぜつえんたい,,6,mvn_059,フレッシュリーフ,草,特殊,30,100,30,
017B,デンタマ,水/雷,220,ぜつえんたい,,7,MV_212,ウォーターガン,水,物理,35,100,36,
017B,デンタマ,水/雷,220,ぜつえんたい,,7,MV_256,ストーンペブル,地,物理,35,100,36,
017B,デンタマ,水/雷,220,ぜつえんたい,,7,MV_281,リーフブレード,草,物理,35,100,36,
017B,デンタマ,水/雷,220,ぜつえんたい,,7,mvh_electric,トリプルボルトストライク,雷,物理,35,90,10,3発(発ごと命中)
017B,デンタマ,水/雷,220,ぜつえんたい,,8,MVP_041,クリアストリームストライク,水,物理,40,100,30,
017B,デンタマ,水/雷,220,ぜつえんたい,,8,MVP_061,バイオレットボルトストライク,雷,物理,40,100,30,
017B,デンタマ,水/雷,220,ぜつえんたい,,8,MVP_062,サンダーロアフィスト,雷,物理,40,100,28,
017B,デンタマ,水/雷,220,ぜつえんたい,,8,MVP_081,クロッドストライク,地,物理,40,100,30,
017B,デンタマ,水/雷,220,ぜつえんたい,,8,MVP_101,グリーンリーフストライク,草,物理,40,100,30,
017B,デンタマ,水/雷,220,ぜつえんたい,,8,MV_260,ブラインドサンド,地,物理,40,100,32,
017B,デンタマ,水/雷,220,ぜつえんたい,,8,MV_282,シードショット,草,物理,40,100,33,
017B,デンタマ,水/雷,220,ぜつえんたい,,9,MVP_042,ミラーウォーターブロー,水,物理,45,100,28,
017B,デンタマ,水/雷,220,ぜつえんたい,,9,MVP_063,フラッシュボルトブロー,雷,物理,45,100,28,
017B,デンタマ,水/雷,220,ぜつえんたい,,9,MVP_102,アイビーストライクフィスト,草,物理,45,100,28,
017B,デンタマ,水/雷,220,ぜつえんたい,,9,MV_168,スパークボルト,雷,物理,45,95,28,
017B,デンタマ,水/雷,220,ぜつえんたい,,9,MV_214,バブルバラージ,水,物理,45,100,33,
017B,デンタマ,水/雷,220,ぜつえんたい,,9,MV_257,ロックバレット,地,物理,45,100,33,
017B,デンタマ,水/雷,220,ぜつえんたい,,9,MV_259,サンドスプレー,地,物理,45,100,30,
017B,デンタマ,水/雷,220,ぜつえんたい,,9,MV_283,ヴァインウィップ,草,物理,45,100,33,
017B,デンタマ,水/雷,220,ぜつえんたい,,10,MVP_082,ベッドロックフィスト,地,物理,50,100,28,
017B,デンタマ,水/雷,220,ぜつえんたい,,10,MVP_083,レイラインブロー,地,物理,50,100,28,
017B,デンタマ,水/雷,220,ぜつえんたい,,10,MVP_103,リーフヴェインブロー,草,物理,50,100,28,
017B,デンタマ,水/雷,220,ぜつえんたい,,10,MVP_104,フレッシュリーフパンチ,草,物理,50,100,26,
017B,デンタマ,水/雷,220,ぜつえんたい,,10,mvs_ep_electric,サンダーロアピーク,雷,変化,0,100,10,
017B,デンタマ,水/雷,220,ぜつえんたい,,10,mvs_ep_water,ディープウォーターピーク,水,変化,0,100,10,
017B,デンタマ,水/雷,220,ぜつえんたい,,11,MVP_084,クラッシュソイルパンチ,地,物理,55,100,26,
017B,デンタマ,水/雷,220,ぜつえんたい,,11,MV_258,フィッシャースラスト,地,物理,55,100,27,
017B,デンタマ,水/雷,220,ぜつえんたい,,11,MV_287,アイビーバインド,草,物理,55,100,27,
017B,デンタマ,水/雷,220,ぜつえんたい,,11,MV_288,ソーンウィップ,草,物理,55,100,24,
017B,デンタマ,水/雷,220,ぜつえんたい,,12,MVP_085,アースヴェールスラスト,地,物理,60,100,21,
018,キャプペン,水/氷,285,あまぐも,,3,mvn_045,クロッド,地,特殊,15,100,36,
018,キャプペン,水/氷,285,あまぐも,,4,MV_280,サンドバインド,地,特殊,20,100,28,
018,キャプペン,水/氷,285,あまぐも,,5,mvh_ground,ロックバラージブロー,地,物理,25,95,15,2〜5発
018,キャプペン,水/氷,285,あまぐも,,5,mvh_water,タービュレントラッシュ,水,物理,25,95,15,2〜5発
018,キャプペン,水/氷,285,あまぐも,,6,mvn_048,クラッシュソイル,地,特殊,30,100,30,
018,キャプペン,水/氷,285,あまぐも,,7,MV_187,アイスペブル,氷,物理,35,100,36,
018,キャプペン,水/氷,285,あまぐも,,7,MV_212,ウォーターガン,水,物理,35,100,36,
018,キャプペン,水/氷,285,あまぐも,,7,MV_256,ストーンペブル,地,物理,35,100,36,
018,キャプペン,水/氷,285,あまぐも,,7,mvh_ice,トリプルアイスブレード,氷,物理,35,90,10,3発(発ごと命中)
018,キャプペン,水/氷,285,あまぐも,,8,MVP_041,クリアストリームストライク,水,物理,40,100,30,
018,キャプペン,水/氷,285,あまぐも,,8,MVP_081,クロッドストライク,地,物理,40,100,30,
018,キャプペン,水/氷,285,あまぐも,,8,MVP_121,ホワイトアイスストライク,氷,物理,40,100,30,
018,キャプペン,水/氷,285,あまぐも,,8,MV_188,アイスブレード,氷,物理,40,100,33,
018,キャプペン,水/氷,285,あまぐも,,8,MV_260,ブラインドサンド,地,物理,40,100,32,
018,キャプペン,水/氷,285,あまぐも,,8,mvn_049,アースヴェール,地,特殊,40,100,28,
018,キャプペン,水/氷,285,あまぐも,,9,MVP_042,ミラーウォーターブロー,水,物理,45,100,28,
018,キャプペン,水/氷,285,あまぐも,,9,MVP_122,フリーズフィスト,氷,物理,45,100,28,
018,キャプペン,水/氷,285,あまぐも,,9,MV_257,ロックバレット,地,物理,45,100,33,
018,キャプペン,水/氷,285,あまぐも,,9,MV_259,サンドスプレー,地,物理,45,100,30,
018,キャプペン,水/氷,285,あまぐも,,10,MVP_082,ベッドロックフィスト,地,物理,50,100,28,
018,キャプペン,水/氷,285,あまぐも,,10,MVP_083,レイラインブロー,地,物理,50,100,28,
018,キャプペン,水/氷,285,あまぐも,,10,mvs_ep_ice,フリーズピーク,氷,変化,0,100,10,
018,キャプペン,水/氷,285,あまぐも,,10,mvs_ep_water,ディープウォーターピーク,水,変化,0,100,10,
018,キャプペン,水/氷,285,あまぐも,,11,MVP_084,クラッシュソイルパンチ,地,物理,55,100,26,
018,キャプペン,水/氷,285,あまぐも,,11,MV_258,フィッシャースラスト,地,物理,55,100,27,
018,キャプペン,水/氷,285,あまぐも,,12,MVP_085,アースヴェールスラスト,地,物理,60,100,21,
018,キャプペン,水/氷,285,あまぐも,,12,MV_272,シャープロックスラスト,地,物理,60,100,24,
018,キャプペン,水/氷,285,あまぐも,,13,MVP_086,ロックシャードフィスト,地,物理,65,100,18,
018,キャプペン,水/氷,285,あまぐも,,13,MV_263,ロックスマッシュ,地,物理,65,100,18,
018,キャプペン,水/氷,285,あまぐも,,14,MVP_087,アースウォールストライク,地,物理,70,100,15,
018,キャプペン,水/氷,285,あまぐも,,14,MV_274,ベッドロックブレイク,地,物理,70,100,12,
018,キャプペン,水/氷,285,あまぐも,,15,MVP_088,ハードグラウンドブロー,地,物理,75,90,11,
018,キャプペン,水/氷,285,あまぐも,,15,MVP_089,ペブルブローパンチ,地,物理,75,90,11,
018B,ペンキッド,水/雷,300,ブリッツビート,,3,mvn_045,クロッド,地,特殊,15,100,36,
018B,ペンキッド,水/雷,300,ブリッツビート,,3,mvn_056,グリーンリーフ,草,特殊,15,100,36,
018B,ペンキッド,水/雷,300,ブリッツビート,,4,MV_280,サンドバインド,地,特殊,20,100,28,
018B,ペンキッド,水/雷,300,ブリッツビート,,4,mvs_water_def_accuracy,サーフェスガード,水,変化,0,100,15,
018B,ペンキッド,水/雷,300,ブリッツビート,,4,mvs_water_def_evasion,サーフェスヴェール,水,変化,0,100,15,
018B,ペンキッド,水/雷,300,ブリッツビート,,5,MV_285,グラスノット,草,特殊,25,100,28,
018B,ペンキッド,水/雷,300,ブリッツビート,,5,mvh_ground,ロックバラージブロー,地,物理,25,95,15,2〜5発
018B,ペンキッド,水/雷,300,ブリッツビート,,5,mvh_water,タービュレントラッシュ,水,物理,25,95,15,2〜5発
018B,ペンキッド,水/雷,300,ブリッツビート,,5,mvn_060,グラスリング,草,特殊,25,100,28,
018B,ペンキッド,水/雷,300,ブリッツビート,,6,mvn_048,クラッシュソイル,地,特殊,30,100,30,
018B,ペンキッド,水/雷,300,ブリッツビート,,7,MV_212,ウォーターガン,水,物理,35,100,36,
018B,ペンキッド,水/雷,300,ブリッツビート,,7,MV_256,ストーンペブル,地,物理,35,100,36,
018B,ペンキッド,水/雷,300,ブリッツビート,,7,MV_281,リーフブレード,草,物理,35,100,36,
018B,ペンキッド,水/雷,300,ブリッツビート,,7,mvh_electric,トリプルボルトストライク,雷,物理,35,90,10,3発(発ごと命中)
018B,ペンキッド,水/雷,300,ブリッツビート,,8,MVP_041,クリアストリームストライク,水,物理,40,100,30,
018B,ペンキッド,水/雷,300,ブリッツビート,,8,MVP_061,バイオレットボルトストライク,雷,物理,40,100,30,
018B,ペンキッド,水/雷,300,ブリッツビート,,8,MVP_062,サンダーロアフィスト,雷,物理,40,100,28,
018B,ペンキッド,水/雷,300,ブリッツビート,,8,MVP_081,クロッドストライク,地,物理,40,100,30,
018B,ペンキッド,水/雷,300,ブリッツビート,,8,MVP_101,グリーンリーフストライク,草,物理,40,100,30,
018B,ペンキッド,水/雷,300,ブリッツビート,,8,MV_260,ブラインドサンド,地,物理,40,100,32,
018B,ペンキッド,水/雷,300,ブリッツビート,,8,MV_282,シードショット,草,物理,40,100,33,
018B,ペンキッド,水/雷,300,ブリッツビート,,9,MVP_042,ミラーウォーターブロー,水,物理,45,100,28,
018B,ペンキッド,水/雷,300,ブリッツビート,,9,MVP_063,フラッシュボルトブロー,雷,物理,45,100,28,
018B,ペンキッド,水/雷,300,ブリッツビート,,9,MVP_102,アイビーストライクフィスト,草,物理,45,100,28,
018B,ペンキッド,水/雷,300,ブリッツビート,,9,MV_168,スパークボルト,雷,物理,45,95,28,
018B,ペンキッド,水/雷,300,ブリッツビート,,9,MV_257,ロックバレット,地,物理,45,100,33,
018B,ペンキッド,水/雷,300,ブリッツビート,,9,MV_259,サンドスプレー,地,物理,45,100,30,
018B,ペンキッド,水/雷,300,ブリッツビート,,9,MV_283,ヴァインウィップ,草,物理,45,100,33,
018B,ペンキッド,水/雷,300,ブリッツビート,,10,MVP_082,ベッドロックフィスト,地,物理,50,100,28,
018B,ペンキッド,水/雷,300,ブリッツビート,,10,MVP_083,レイラインブロー,地,物理,50,100,28,
018B,ペンキッド,水/雷,300,ブリッツビート,,10,MVP_103,リーフヴェインブロー,草,物理,50,100,28,
018B,ペンキッド,水/雷,300,ブリッツビート,,10,MVP_104,フレッシュリーフパンチ,草,物理,50,100,26,
018B,ペンキッド,水/雷,300,ブリッツビート,,11,MVP_084,クラッシュソイルパンチ,地,物理,55,100,26,
018B,ペンキッド,水/雷,300,ブリッツビート,,11,MV_258,フィッシャースラスト,地,物理,55,100,27,
019,ホウロック,闇,220,あくい,,3,mvn_067,ホワイトアイス,氷,特殊,15,85,36,
019,ホウロック,闇,220,あくい,,4,MV_122,カースウィスパー,闇,変化,0,100,15,
019,ホウロック,闇,220,あくい,,4,MV_129,ネザーコール,闇,変化,0,100,15,
019,ホウロック,闇,220,あくい,,5,mvh_dark,シャドウバラージ,闇,物理,25,95,15,2〜5発
019,ホウロック,闇,220,あくい,,6,MV_205,フロストネット,氷,特殊,30,95,28,
019,ホウロック,闇,220,あくい,,6,ice_cutter,アイスカッター,氷,特殊,30,100,33,
019,ホウロック,闇,220,あくい,,7,MV_121,シャドウピアス,闇,物理,35,100,34,
019,ホウロック,闇,220,あくい,,7,MV_123,ダスクブレード,闇,物理,35,100,32,
019,ホウロック,闇,220,あくい,,7,MV_187,アイスペブル,氷,物理,35,100,36,
019,ホウロック,闇,220,あくい,,7,mvh_ice,トリプルアイスブレード,氷,物理,35,90,10,3発(発ごと命中)
019,ホウロック,闇,220,あくい,,8,MVP_121,ホワイトアイスストライク,氷,物理,40,100,30,
019,ホウロック,闇,220,あくい,,8,MV_124,シャドウステッチ,闇,物理,40,100,32,
019,ホウロック,闇,220,あくい,,8,MV_125,ダークウェッジ,闇,物理,40,100,32,
019,ホウロック,闇,220,あくい,,8,MV_188,アイスブレード,氷,物理,40,100,33,
019,ホウロック,闇,220,あくい,,9,MVP_122,フリーズフィスト,氷,物理,45,100,28,
019,ホウロック,闇,220,あくい,,9,MVP_123,フロストストライクブロー,氷,物理,45,100,28,
019,ホウロック,闇,220,あくい,,9,MVP_161,ブラックミストストライク,闇,物理,45,100,30,
019,ホウロック,闇,220,あくい,,9,MV_126,カースチェイン,闇,物理,45,100,32,
019,ホウロック,闇,220,あくい,,9,mvn_073,フローズンクラウド,氷,特殊,45,100,24,
019,ホウロック,闇,220,あくい,,10,MVP_124,アイスリングパンチ,氷,物理,50,100,26,
019,ホウロック,闇,220,あくい,,10,MVP_162,シャドウストライクフィスト,闇,物理,50,100,28,
019,ホウロック,闇,220,あくい,,10,MVP_163,カースブローパンチ,闇,物理,50,100,28,
019,ホウロック,闇,220,あくい,,10,MV_189,フロストショット,氷,物理,50,100,30,
019,ホウロック,闇,220,あくい,,11,MVP_164,ダークネススラスト,闇,物理,55,100,26,
019,ホウロック,闇,220,あくい,,11,MV_190,アイスニードル,氷,物理,55,100,27,
019,ホウロック,闇,220,あくい,,11,MV_211,フローズンブレード,氷,物理,55,95,26,
019,ホウロック,闇,220,あくい,,12,MVP_125,チルスラスト,氷,物理,60,100,21,
019,ホウロック,闇,220,あくい,,12,MV_195,アイスファング,氷,物理,60,95,24,
019,ホウロック,闇,220,あくい,,13,MV_192,ブリザードブロー,氷,物理,65,100,21,
019,ホウロック,闇,220,あくい,,13,MV_200,アイスブレードコンボ,氷,物理,65,100,21,
019,ホウロック,闇,220,あくい,,14,MVP_126,アイスシャードフィスト,氷,物理,70,100,18,
019,ホウロック,闇,220,あくい,,14,MVP_127,フローズンクラウドストライク,氷,物理,70,100,15,
019,ホウロック,闇,220,あくい,,15,MVP_128,アイスヴェールブロー,氷,物理,75,90,11,
019,ホウロック,闇,220,あくい,,15,MVP_129,フロストブロッサムパンチ,氷,物理,75,90,11,
019,ホウロック,闇,220,あくい,,16,MVP_130,アイスコアフィスト,氷,物理,80,100,6,
019,ホウロック,闇,220,あくい,,16,MVP_131,コールドストライクスラスト,氷,物理,80,90,8,
020,メルパカ,無,255,むれのいちいん,,1,MV_162,インティミデート,無,変化,0,100,15,
020,メルパカ,無,255,むれのいちいん,,1,MV_163,フォーカスパワー,無,変化,0,100,15,
020,メルパカ,無,255,むれのいちいん,,3,mvn_078,ドラゴンファング,竜,特殊,15,100,36,
020,メルパカ,無,255,むれのいちいん,,6,MVP_001,ホワイトストライク,無,物理,30,100,30,
020,メルパカ,無,255,むれのいちいん,,6,MV_137,バックフィスト,無,物理,30,100,36,
020,メルパカ,無,255,むれのいちいん,,6,mvn_080,ドラゴンヴェインショット,竜,特殊,30,100,32,
020,メルパカ,無,255,むれのいちいん,,6,mvn_082,ドラゴンクロー,竜,特殊,30,100,28,
020,メルパカ,無,255,むれのいちいん,,7,MV_138,ダブルスラスト,無,物理,35,100,33,
020,メルパカ,無,255,むれのいちいん,,7,MV_139,テイルスイープ,無,物理,35,100,33,
020,メルパカ,無,255,むれのいちいん,,8,MV_140,ヘッドバット,無,物理,40,100,33,
020,メルパカ,無,255,むれのいちいん,,8,MV_141,スピンタックル,無,物理,40,100,33,
020,メルパカ,無,255,むれのいちいん,,9,MVP_141,ドラゴンファングストライク,竜,物理,45,100,30,
020,メルパカ,無,255,むれのいちいん,,9,MV_142,フライングキック,無,物理,45,100,33,
020,メルパカ,無,255,むれのいちいん,,9,MV_143,ブラントエッジ,無,物理,45,100,33,
020,メルパカ,無,255,むれのいちいん,,9,mvn_083,ドラゴンリング,竜,特殊,45,100,26,
020,メルパカ,無,255,むれのいちいん,,10,MVP_002,マッチレスブロー,無,物理,50,100,28,
020,メルパカ,無,255,むれのいちいん,,10,MVP_142,ドラゴンスケイルフィスト,竜,物理,50,100,28,
020,メルパカ,無,255,むれのいちいん,,10,MVP_143,ドラゴンヴェインブロー,竜,物理,50,100,28,
020,メルパカ,無,255,むれのいちいん,,11,MVP_144,ドラゴンブレスパンチ,竜,物理,55,100,26,
020,メルパカ,無,255,むれのいちいん,,11,MV_116,ドラゴンファングスラスト,竜,物理,55,100,27,
020,メルパカ,無,255,むれのいちいん,,12,MVP_145,ドラゴンクロースラスト,竜,物理,60,100,21,
020,メルパカ,無,255,むれのいちいん,,12,MVP_146,ドラゴンリングフィスト,竜,物理,60,100,18,
020,メルパカ,無,255,むれのいちいん,,13,MVP_147,ドラゴンヴェールストライク,竜,物理,65,100,15,
020,メルパカ,無,255,むれのいちいん,,13,MV_112,ドラゴンクローコンボ,竜,物理,65,100,15,
020,メルパカ,無,255,むれのいちいん,,14,MVP_148,ドラゴンヴォイスブロー,竜,物理,70,90,11,
020,メルパカ,無,255,むれのいちいん,,14,MV_110,ツインドラゴンファング,竜,物理,70,95,13,
020,メルパカ,無,255,むれのいちいん,,15,MVP_149,ドラゴンピアスパンチ,竜,物理,75,90,11,
020,メルパカ,無,255,むれのいちいん,,15,MV_109,ドラゴンスケイルスラッシュ,竜,物理,75,100,9,
020,メルパカ,無,255,むれのいちいん,,16,MVP_150,ドラゴンフォスファーフィスト,竜,物理,80,100,6,
020,メルパカ,無,255,むれのいちいん,,16,MVP_151,ドラゴンハートストライク,竜,物理,80,90,8,
021,アルパオー,無,295,力持ちのリーダー,,1,MV_163,フォーカスパワー,無,変化,0,100,15,
021,アルパオー,無,295,力持ちのリーダー,,1,MV_164,コンセントレート,無,変化,0,100,15,
021,アルパオー,無,295,力持ちのリーダー,,3,mvn_078,ドラゴンファング,竜,特殊,15,100,36,
021,アルパオー,無,295,力持ちのリーダー,,6,MVP_001,ホワイトストライク,無,物理,30,100,30,
021,アルパオー,無,295,力持ちのリーダー,,6,MV_137,バックフィスト,無,物理,30,100,36,
021,アルパオー,無,295,力持ちのリーダー,,6,mvn_080,ドラゴンヴェインショット,竜,特殊,30,100,32,
021,アルパオー,無,295,力持ちのリーダー,,6,mvn_082,ドラゴンクロー,竜,特殊,30,100,28,
021,アルパオー,無,295,力持ちのリーダー,,7,MV_138,ダブルスラスト,無,物理,35,100,33,
021,アルパオー,無,295,力持ちのリーダー,,7,MV_139,テイルスイープ,無,物理,35,100,33,
021,アルパオー,無,295,力持ちのリーダー,,8,MV_140,ヘッドバット,無,物理,40,100,33,
021,アルパオー,無,295,力持ちのリーダー,,8,MV_141,スピンタックル,無,物理,40,100,33,
021,アルパオー,無,295,力持ちのリーダー,,9,MVP_141,ドラゴンファングストライク,竜,物理,45,100,30,
021,アルパオー,無,295,力持ちのリーダー,,9,MV_142,フライングキック,無,物理,45,100,33,
021,アルパオー,無,295,力持ちのリーダー,,9,MV_143,ブラントエッジ,無,物理,45,100,33,
021,アルパオー,無,295,力持ちのリーダー,,9,mvn_083,ドラゴンリング,竜,特殊,45,100,26,
021,アルパオー,無,295,力持ちのリーダー,,10,MVP_002,マッチレスブロー,無,物理,50,100,28,
021,アルパオー,無,295,力持ちのリーダー,,10,MVP_142,ドラゴンスケイルフィスト,竜,物理,50,100,28,
021,アルパオー,無,295,力持ちのリーダー,,10,MVP_143,ドラゴンヴェインブロー,竜,物理,50,100,28,
021,アルパオー,無,295,力持ちのリーダー,,11,MVP_144,ドラゴンブレスパンチ,竜,物理,55,100,26,
021,アルパオー,無,295,力持ちのリーダー,,11,MV_116,ドラゴンファングスラスト,竜,物理,55,100,27,
021,アルパオー,無,295,力持ちのリーダー,,12,MVP_145,ドラゴンクロースラスト,竜,物理,60,100,21,
021,アルパオー,無,295,力持ちのリーダー,,12,MVP_146,ドラゴンリングフィスト,竜,物理,60,100,18,
021,アルパオー,無,295,力持ちのリーダー,,13,MVP_147,ドラゴンヴェールストライク,竜,物理,65,100,15,
021,アルパオー,無,295,力持ちのリーダー,,13,MV_112,ドラゴンクローコンボ,竜,物理,65,100,15,
021,アルパオー,無,295,力持ちのリーダー,,14,MVP_148,ドラゴンヴォイスブロー,竜,物理,70,90,11,
021,アルパオー,無,295,力持ちのリーダー,,14,MV_110,ツインドラゴンファング,竜,物理,70,95,13,
021,アルパオー,無,295,力持ちのリーダー,,15,MVP_149,ドラゴンピアスパンチ,竜,物理,75,90,11,
021,アルパオー,無,295,力持ちのリーダー,,15,MV_109,ドラゴンスケイルスラッシュ,竜,物理,75,100,9,
021,アルパオー,無,295,力持ちのリーダー,,16,MVP_150,ドラゴンフォスファーフィスト,竜,物理,80,100,6,
021,アルパオー,無,295,力持ちのリーダー,,16,MVP_151,ドラゴンハートストライク,竜,物理,80,90,8,
021B,アオパオー,氷,295,冷却のリーダー,,3,mvn_023,クリアストリーム,水,特殊,15,100,36,
021B,アオパオー,氷,295,冷却のリーダー,,5,aqua_gun,アクアショット,水,特殊,25,100,36,
021B,アオパオー,氷,295,冷却のリーダー,,5,mvh_water,タービュレントラッシュ,水,物理,25,95,15,2〜5発
021B,アオパオー,氷,295,冷却のリーダー,,7,MV_187,アイスペブル,氷,物理,35,100,36,
021B,アオパオー,氷,295,冷却のリーダー,,7,MV_212,ウォーターガン,水,物理,35,100,36,
021B,アオパオー,氷,295,冷却のリーダー,,7,MV_215,ウォーターカッター,水,特殊,35,100,30,
021B,アオパオー,氷,295,冷却のリーダー,,7,mvh_ice,トリプルアイスブレード,氷,物理,35,90,10,3発(発ごと命中)
021B,アオパオー,氷,295,冷却のリーダー,,7,mvw_snow,スノーダンス,氷,変化,0,100,16,
021B,アオパオー,氷,295,冷却のリーダー,,8,MVP_041,クリアストリームストライク,水,物理,40,100,30,
021B,アオパオー,氷,295,冷却のリーダー,,8,MVP_121,ホワイトアイスストライク,氷,物理,40,100,30,
021B,アオパオー,氷,295,冷却のリーダー,,8,MV_188,アイスブレード,氷,物理,40,100,33,
021B,アオパオー,氷,295,冷却のリーダー,,9,MVP_042,ミラーウォーターブロー,水,物理,45,100,28,
021B,アオパオー,氷,295,冷却のリーダー,,9,MVP_122,フリーズフィスト,氷,物理,45,100,28,
021B,アオパオー,氷,295,冷却のリーダー,,9,MVP_123,フロストストライクブロー,氷,物理,45,100,28,
021B,アオパオー,氷,295,冷却のリーダー,,9,MV_214,バブルバラージ,水,物理,45,100,33,
021B,アオパオー,氷,295,冷却のリーダー,,9,mvn_028,スプラッシュ,水,特殊,45,100,26,
021B,アオパオー,氷,295,冷却のリーダー,,10,MVP_043,サーフサウンドフィスト,水,物理,50,100,28,
021B,アオパオー,氷,295,冷却のリーダー,,10,MVP_044,ドロップストライクパンチ,水,物理,50,100,26,
021B,アオパオー,氷,295,冷却のリーダー,,10,MVP_124,アイスリングパンチ,氷,物理,50,100,26,
021B,アオパオー,氷,295,冷却のリーダー,,10,MV_189,フロストショット,氷,物理,50,100,30,
021B,アオパオー,氷,295,冷却のリーダー,,10,mvs_ep_ice,フリーズピーク,氷,変化,0,100,10,
021B,アオパオー,氷,295,冷却のリーダー,,11,MV_190,アイスニードル,氷,物理,55,100,27,
021B,アオパオー,氷,295,冷却のリーダー,,11,MV_216,ウォーターブレード,水,物理,55,100,27,
021B,アオパオー,氷,295,冷却のリーダー,,11,MV_221,ストリームコンボ,水,物理,55,100,27,
021B,アオパオー,氷,295,冷却のリーダー,,12,MV_222,ミラーウォータースラッシュ,水,物理,60,100,24,
021B,アオパオー,氷,295,冷却のリーダー,,12,MV_227,アクアジェット,水,物理,60,100,27,
021B,アオパオー,氷,295,冷却のリーダー,,13,MVP_045,ウォーターリングスラスト,水,物理,65,100,21,
021B,アオパオー,氷,295,冷却のリーダー,,13,MV_230,アクアファング,水,物理,65,100,24,
021B,アオパオー,氷,295,冷却のリーダー,,14,MVP_046,スプラッシュフィスト,水,物理,70,100,18,
021B,アオパオー,氷,295,冷却のリーダー,,14,MVP_047,ウォーターヴェインストライク,水,物理,70,100,15,
021B,アオパオー,氷,295,冷却のリーダー,,15,MVP_048,アズールウェーブブロー,水,物理,75,90,11,
021B,アオパオー,氷,295,冷却のリーダー,,15,MVP_049,ドロップレットパンチ,水,物理,75,90,11,
021B,アオパオー,氷,295,冷却のリーダー,,16,MVP_050,アクアヴェールフィスト,水,物理,80,100,6,
022,ネムラム,闇,205,チェイサー,,3,mvn_067,ホワイトアイス,氷,特殊,15,85,36,
022,ネムラム,闇,205,チェイサー,,5,mvh_dark,シャドウバラージ,闇,物理,25,95,15,2〜5発
022,ネムラム,闇,205,チェイサー,,6,MV_205,フロストネット,氷,特殊,30,95,28,
022,ネムラム,闇,205,チェイサー,,6,ice_cutter,アイスカッター,氷,特殊,30,100,33,
022,ネムラム,闇,205,チェイサー,,7,MV_121,シャドウピアス,闇,物理,35,100,34,
022,ネムラム,闇,205,チェイサー,,7,MV_123,ダスクブレード,闇,物理,35,100,32,
022,ネムラム,闇,205,チェイサー,,7,MV_187,アイスペブル,氷,物理,35,100,36,
022,ネムラム,闇,205,チェイサー,,7,mvh_ice,トリプルアイスブレード,氷,物理,35,90,10,3発(発ごと命中)
022,ネムラム,闇,205,チェイサー,,7,mvs_toxic_dark,トキシックドロップ,闇,変化,0,100,10,
022,ネムラム,闇,205,チェイサー,,8,MVP_121,ホワイトアイスストライク,氷,物理,40,100,30,
022,ネムラム,闇,205,チェイサー,,8,MV_124,シャドウステッチ,闇,物理,40,100,32,
022,ネムラム,闇,205,チェイサー,,8,MV_125,ダークウェッジ,闇,物理,40,100,32,
022,ネムラム,闇,205,チェイサー,,8,MV_188,アイスブレード,氷,物理,40,100,33,
022,ネムラム,闇,205,チェイサー,,9,MVP_122,フリーズフィスト,氷,物理,45,100,28,
022,ネムラム,闇,205,チェイサー,,9,MVP_123,フロストストライクブロー,氷,物理,45,100,28,
022,ネムラム,闇,205,チェイサー,,9,MVP_161,ブラックミストストライク,闇,物理,45,100,30,
022,ネムラム,闇,205,チェイサー,,9,MV_126,カースチェイン,闇,物理,45,100,32,
022,ネムラム,闇,205,チェイサー,,9,mvn_073,フローズンクラウド,氷,特殊,45,100,24,
022,ネムラム,闇,205,チェイサー,,10,MVP_124,アイスリングパンチ,氷,物理,50,100,26,
022,ネムラム,闇,205,チェイサー,,10,MVP_162,シャドウストライクフィスト,闇,物理,50,100,28,
022,ネムラム,闇,205,チェイサー,,10,MVP_163,カースブローパンチ,闇,物理,50,100,28,
022,ネムラム,闇,205,チェイサー,,10,MV_189,フロストショット,氷,物理,50,100,30,
022,ネムラム,闇,205,チェイサー,,10,mvs_ep_dark,アビスピーク,闇,変化,0,100,10,
022,ネムラム,闇,205,チェイサー,,11,MVP_164,ダークネススラスト,闇,物理,55,100,26,
022,ネムラム,闇,205,チェイサー,,11,MV_190,アイスニードル,氷,物理,55,100,27,
022,ネムラム,闇,205,チェイサー,,11,MV_211,フローズンブレード,氷,物理,55,95,26,
022,ネムラム,闇,205,チェイサー,,12,MVP_125,チルスラスト,氷,物理,60,100,21,
022,ネムラム,闇,205,チェイサー,,12,MV_195,アイスファング,氷,物理,60,95,24,
022,ネムラム,闇,205,チェイサー,,13,MV_192,ブリザードブロー,氷,物理,65,100,21,
022,ネムラム,闇,205,チェイサー,,13,MV_200,アイスブレードコンボ,氷,物理,65,100,21,
022,ネムラム,闇,205,チェイサー,,14,MVP_126,アイスシャードフィスト,氷,物理,70,100,18,
022,ネムラム,闇,205,チェイサー,,14,MVP_127,フローズンクラウドストライク,氷,物理,70,100,15,
022,ネムラム,闇,205,チェイサー,,15,MVP_128,アイスヴェールブロー,氷,物理,75,90,11,
022,ネムラム,闇,205,チェイサー,,15,MVP_129,フロストブロッサムパンチ,氷,物理,75,90,11,
022,ネムラム,闇,205,チェイサー,,16,MVP_130,アイスコアフィスト,氷,物理,80,100,6,
022,ネムラム,闇,205,チェイサー,,16,MVP_131,コールドストライクスラスト,氷,物理,80,90,8,
023,エテッパ,草,220,ふわふわ,,1,MV_299,ライフスタンス,草,変化,0,100,15,
023,エテッパ,草,220,ふわふわ,,3,mvn_023,クリアストリーム,水,特殊,15,100,36,
023,エテッパ,草,220,ふわふわ,,5,aqua_gun,アクアショット,水,特殊,25,100,36,
023,エテッパ,草,220,ふわふわ,,5,mvh_water,タービュレントラッシュ,水,物理,25,95,15,2〜5発
023,エテッパ,草,220,ふわふわ,,7,MV_212,ウォーターガン,水,物理,35,100,36,
023,エテッパ,草,220,ふわふわ,,7,MV_215,ウォーターカッター,水,特殊,35,100,30,
023,エテッパ,草,220,ふわふわ,,7,MV_281,リーフブレード,草,物理,35,100,36,
023,エテッパ,草,220,ふわふわ,,7,mvw_gale,ゲイルコール,草,変化,0,100,16,
023,エテッパ,草,220,ふわふわ,,8,MVP_041,クリアストリームストライク,水,物理,40,100,30,
023,エテッパ,草,220,ふわふわ,,8,MVP_101,グリーンリーフストライク,草,物理,40,100,30,
023,エテッパ,草,220,ふわふわ,,8,MV_282,シードショット,草,物理,40,100,33,
023,エテッパ,草,220,ふわふわ,,9,MVP_042,ミラーウォーターブロー,水,物理,45,100,28,
023,エテッパ,草,220,ふわふわ,,9,MVP_102,アイビーストライクフィスト,草,物理,45,100,28,
023,エテッパ,草,220,ふわふわ,,9,MV_214,バブルバラージ,水,物理,45,100,33,
023,エテッパ,草,220,ふわふわ,,9,MV_283,ヴァインウィップ,草,物理,45,100,33,
023,エテッパ,草,220,ふわふわ,,9,mvn_028,スプラッシュ,水,特殊,45,100,26,
023,エテッパ,草,220,ふわふわ,,10,MVP_043,サーフサウンドフィスト,水,物理,50,100,28,
023,エテッパ,草,220,ふわふわ,,10,MVP_044,ドロップストライクパンチ,水,物理,50,100,26,
023,エテッパ,草,220,ふわふわ,,10,MVP_103,リーフヴェインブロー,草,物理,50,100,28,
023,エテッパ,草,220,ふわふわ,,10,MVP_104,フレッシュリーフパンチ,草,物理,50,100,26,
023,エテッパ,草,220,ふわふわ,,11,MV_216,ウォーターブレード,水,物理,55,100,27,
023,エテッパ,草,220,ふわふわ,,11,MV_221,ストリームコンボ,水,物理,55,100,27,
023,エテッパ,草,220,ふわふわ,,11,MV_287,アイビーバインド,草,物理,55,100,27,
023,エテッパ,草,220,ふわふわ,,11,MV_288,ソーンウィップ,草,物理,55,100,24,
023,エテッパ,草,220,ふわふわ,,12,MVP_105,グラスリングスラスト,草,物理,60,100,21,
023,エテッパ,草,220,ふわふわ,,12,MV_222,ミラーウォータースラッシュ,水,物理,60,100,24,
023,エテッパ,草,220,ふわふわ,,12,MV_227,アクアジェット,水,物理,60,100,27,
023,エテッパ,草,220,ふわふわ,,13,MVP_045,ウォーターリングスラスト,水,物理,65,100,21,
023,エテッパ,草,220,ふわふわ,,13,MV_230,アクアファング,水,物理,65,100,24,
023,エテッパ,草,220,ふわふわ,,14,MVP_046,スプラッシュフィスト,水,物理,70,100,18,
023,エテッパ,草,220,ふわふわ,,14,MVP_047,ウォーターヴェインストライク,水,物理,70,100,15,
023,エテッパ,草,220,ふわふわ,,15,MVP_048,アズールウェーブブロー,水,物理,75,90,11,
023,エテッパ,草,220,ふわふわ,,15,MVP_049,ドロップレットパンチ,水,物理,75,90,11,
023,エテッパ,草,220,ふわふわ,,16,MVP_050,アクアヴェールフィスト,水,物理,80,100,6,
023,エテッパ,草,220,ふわふわ,,16,MVP_051,リップルストライク,水,物理,80,90,8,
023B,カレッパ,炎,225,発煙器官,放熱器官,3,mvn_012,クリムゾン,炎,特殊,15,85,36,
023B,カレッパ,炎,225,発煙器官,放熱器官,3,mvn_034,バイオレットボルト,雷,特殊,15,85,36,
023B,カレッパ,炎,225,発煙器官,放熱器官,4,MV_247,ファイアスフィア,炎,特殊,20,100,30,
023B,カレッパ,炎,225,発煙器官,放熱器官,4,mvs_fire_atk_evasion,フレイムステップ,炎,変化,0,100,15,
023B,カレッパ,炎,225,発煙器官,放熱器官,5,MV_185,ボルトライトバレット,雷,特殊,25,100,33,
023B,カレッパ,炎,225,発煙器官,放熱器官,6,MV_234,ブレイズバレット,炎,特殊,30,95,30,
023B,カレッパ,炎,225,発煙器官,放熱器官,6,shockwave,ショックウェーブ,雷,特殊,30,100,36,
023B,カレッパ,炎,225,発煙器官,放熱器官,7,mvh_electric,トリプルボルトストライク,雷,物理,35,90,10,3発(発ごと命中)
023B,カレッパ,炎,225,発煙器官,放熱器官,7,mvw_sunny,サンライトソング,炎,変化,0,100,16,
023B,カレッパ,炎,225,発煙器官,放熱器官,8,MVP_061,バイオレットボルトストライク,雷,物理,40,100,30,
023B,カレッパ,炎,225,発煙器官,放熱器官,8,MVP_062,サンダーロアフィスト,雷,物理,40,100,28,
023B,カレッパ,炎,225,発煙器官,放熱器官,8,MV_255,ブレイズバラージ,炎,特殊,40,95,26,
023B,カレッパ,炎,225,発煙器官,放熱器官,8,lock_on_laser,ロックオンレーザー,雷,特殊,40,100,30,
023B,カレッパ,炎,225,発煙器官,放熱器官,9,MVP_063,フラッシュボルトブロー,雷,物理,45,100,28,
023B,カレッパ,炎,225,発煙器官,放熱器官,9,mvn_040,ボルトトレイル,雷,特殊,45,100,24,
023B,カレッパ,炎,225,発煙器官,放熱器官,10,mvn_018,フレイム,炎,特殊,50,100,24,
023B,カレッパ,炎,225,発煙器官,放熱器官,11,mvn_022,カーボナイズ,炎,特殊,55,100,18,
023B,カレッパ,炎,225,発煙器官,放熱器官,11,mvn_041,スタティック,雷,特殊,55,95,24,
023B,カレッパ,炎,225,発煙器官,放熱器官,13,MV_248,フレイムジェット,炎,特殊,65,100,21,
023B,カレッパ,炎,225,発煙器官,放熱器官,14,all_range_thunder,オールレンジサンダー,雷,特殊,70,100,9,
023B,カレッパ,炎,225,発煙器官,放熱器官,14,flame_funnel,フレイムファンネル,炎,特殊,70,100,12,
023B,カレッパ,炎,225,発煙器官,放熱器官,14,mvn_044,ボルトグレイン,雷,特殊,70,100,18,
023B,カレッパ,炎,225,発煙器官,放熱器官,18,volcanic_rain,ボルカニックレイン,炎,特殊,90,100,9,
023B,カレッパ,炎,225,発煙器官,放熱器官,21,MV_242,インフェルナルフレイム,炎,特殊,105,65,6,
024,ルナティ,闇,230,あくい,,3,mvn_067,ホワイトアイス,氷,特殊,15,85,36,
024,ルナティ,闇,230,あくい,,4,MV_122,カースウィスパー,闇,変化,0,100,15,
024,ルナティ,闇,230,あくい,,5,mvh_dark,シャドウバラージ,闇,物理,25,95,15,2〜5発
024,ルナティ,闇,230,あくい,,6,MV_205,フロストネット,氷,特殊,30,95,28,
024,ルナティ,闇,230,あくい,,6,ice_cutter,アイスカッター,氷,特殊,30,100,33,
024,ルナティ,闇,230,あくい,,7,MV_121,シャドウピアス,闇,物理,35,100,34,
024,ルナティ,闇,230,あくい,,7,MV_123,ダスクブレード,闇,物理,35,100,32,
024,ルナティ,闇,230,あくい,,7,MV_187,アイスペブル,氷,物理,35,100,36,
024,ルナティ,闇,230,あくい,,7,mvh_ice,トリプルアイスブレード,氷,物理,35,90,10,3発(発ごと命中)
024,ルナティ,闇,230,あくい,,8,MVP_121,ホワイトアイスストライク,氷,物理,40,100,30,
024,ルナティ,闇,230,あくい,,8,MV_124,シャドウステッチ,闇,物理,40,100,32,
024,ルナティ,闇,230,あくい,,8,MV_125,ダークウェッジ,闇,物理,40,100,32,
024,ルナティ,闇,230,あくい,,8,MV_188,アイスブレード,氷,物理,40,100,33,
024,ルナティ,闇,230,あくい,,9,MVP_122,フリーズフィスト,氷,物理,45,100,28,
024,ルナティ,闇,230,あくい,,9,MVP_123,フロストストライクブロー,氷,物理,45,100,28,
024,ルナティ,闇,230,あくい,,9,MVP_161,ブラックミストストライク,闇,物理,45,100,30,
024,ルナティ,闇,230,あくい,,9,MV_126,カースチェイン,闇,物理,45,100,32,
024,ルナティ,闇,230,あくい,,9,mvn_073,フローズンクラウド,氷,特殊,45,100,24,
024,ルナティ,闇,230,あくい,,10,MVP_124,アイスリングパンチ,氷,物理,50,100,26,
024,ルナティ,闇,230,あくい,,10,MVP_162,シャドウストライクフィスト,闇,物理,50,100,28,
024,ルナティ,闇,230,あくい,,10,MVP_163,カースブローパンチ,闇,物理,50,100,28,
024,ルナティ,闇,230,あくい,,10,MV_189,フロストショット,氷,物理,50,100,30,
024,ルナティ,闇,230,あくい,,10,poison_fog,ポイズンフォグ,闇,変化,0,100,10,
024,ルナティ,闇,230,あくい,,11,MVP_164,ダークネススラスト,闇,物理,55,100,26,
024,ルナティ,闇,230,あくい,,11,MV_190,アイスニードル,氷,物理,55,100,27,
024,ルナティ,闇,230,あくい,,11,MV_211,フローズンブレード,氷,物理,55,95,26,
024,ルナティ,闇,230,あくい,,12,MVP_125,チルスラスト,氷,物理,60,100,21,
024,ルナティ,闇,230,あくい,,12,MV_195,アイスファング,氷,物理,60,95,24,
024,ルナティ,闇,230,あくい,,13,MV_192,ブリザードブロー,氷,物理,65,100,21,
024,ルナティ,闇,230,あくい,,13,MV_200,アイスブレードコンボ,氷,物理,65,100,21,
024,ルナティ,闇,230,あくい,,14,MVP_126,アイスシャードフィスト,氷,物理,70,100,18,
024,ルナティ,闇,230,あくい,,14,MVP_127,フローズンクラウドストライク,氷,物理,70,100,15,
024,ルナティ,闇,230,あくい,,15,MVP_128,アイスヴェールブロー,氷,物理,75,90,11,
024,ルナティ,闇,230,あくい,,15,MVP_129,フロストブロッサムパンチ,氷,物理,75,90,11,
024,ルナティ,闇,230,あくい,,16,MVP_130,アイスコアフィスト,氷,物理,80,100,6,
024,ルナティ,闇,230,あくい,,16,MVP_131,コールドストライクスラスト,氷,物理,80,90,8,
025,ラヴィ,炎,210,発煙器官,放熱器官,3,mvn_012,クリムゾン,炎,特殊,15,85,36,
025,ラヴィ,炎,210,発煙器官,放熱器官,3,mvn_034,バイオレットボルト,雷,特殊,15,85,36,
025,ラヴィ,炎,210,発煙器官,放熱器官,4,MV_247,ファイアスフィア,炎,特殊,20,100,30,
025,ラヴィ,炎,210,発煙器官,放熱器官,4,mvs_fire_atk_crit,フレイムファングスタンス,炎,変化,0,100,15,
025,ラヴィ,炎,210,発煙器官,放熱器官,5,MV_185,ボルトライトバレット,雷,特殊,25,100,33,
025,ラヴィ,炎,210,発煙器官,放熱器官,6,MV_234,ブレイズバレット,炎,特殊,30,95,30,
025,ラヴィ,炎,210,発煙器官,放熱器官,6,shockwave,ショックウェーブ,雷,特殊,30,100,36,
025,ラヴィ,炎,210,発煙器官,放熱器官,7,mvh_electric,トリプルボルトストライク,雷,物理,35,90,10,3発(発ごと命中)
025,ラヴィ,炎,210,発煙器官,放熱器官,8,MVP_061,バイオレットボルトストライク,雷,物理,40,100,30,
025,ラヴィ,炎,210,発煙器官,放熱器官,8,MVP_062,サンダーロアフィスト,雷,物理,40,100,28,
025,ラヴィ,炎,210,発煙器官,放熱器官,8,MV_255,ブレイズバラージ,炎,特殊,40,95,26,
025,ラヴィ,炎,210,発煙器官,放熱器官,8,lock_on_laser,ロックオンレーザー,雷,特殊,40,100,30,
025,ラヴィ,炎,210,発煙器官,放熱器官,9,MVP_063,フラッシュボルトブロー,雷,物理,45,100,28,
025,ラヴィ,炎,210,発煙器官,放熱器官,9,mvn_040,ボルトトレイル,雷,特殊,45,100,24,
025,ラヴィ,炎,210,発煙器官,放熱器官,10,mvn_018,フレイム,炎,特殊,50,100,24,
025,ラヴィ,炎,210,発煙器官,放熱器官,10,mvs_ep_fire,ヘルファイアピーク,炎,変化,0,100,10,
025,ラヴィ,炎,210,発煙器官,放熱器官,11,mvn_022,カーボナイズ,炎,特殊,55,100,18,
025,ラヴィ,炎,210,発煙器官,放熱器官,11,mvn_041,スタティック,雷,特殊,55,95,24,
025,ラヴィ,炎,210,発煙器官,放熱器官,13,MV_248,フレイムジェット,炎,特殊,65,100,21,
025,ラヴィ,炎,210,発煙器官,放熱器官,14,all_range_thunder,オールレンジサンダー,雷,特殊,70,100,9,
025,ラヴィ,炎,210,発煙器官,放熱器官,14,flame_funnel,フレイムファンネル,炎,特殊,70,100,12,
025,ラヴィ,炎,210,発煙器官,放熱器官,14,mvn_044,ボルトグレイン,雷,特殊,70,100,18,
025,ラヴィ,炎,210,発煙器官,放熱器官,18,volcanic_rain,ボルカニックレイン,炎,特殊,90,100,9,
025,ラヴィ,炎,210,発煙器官,放熱器官,21,MV_242,インフェルナルフレイム,炎,特殊,105,65,6,
026,ヒノコジカ,炎,220,発煙器官,放熱器官,3,mvn_012,クリムゾン,炎,特殊,15,85,36,
026,ヒノコジカ,炎,220,発煙器官,放熱器官,3,mvn_034,バイオレットボルト,雷,特殊,15,85,36,
026,ヒノコジカ,炎,220,発煙器官,放熱器官,4,MV_247,ファイアスフィア,炎,特殊,20,100,30,
026,ヒノコジカ,炎,220,発煙器官,放熱器官,4,mvs_fire_atk_crit,フレイムファングスタンス,炎,変化,0,100,15,
026,ヒノコジカ,炎,220,発煙器官,放熱器官,4,mvs_fire_atk_evasion,フレイムステップ,炎,変化,0,100,15,
026,ヒノコジカ,炎,220,発煙器官,放熱器官,5,MV_185,ボルトライトバレット,雷,特殊,25,100,33,
026,ヒノコジカ,炎,220,発煙器官,放熱器官,6,MV_234,ブレイズバレット,炎,特殊,30,95,30,
026,ヒノコジカ,炎,220,発煙器官,放熱器官,6,shockwave,ショックウェーブ,雷,特殊,30,100,36,
026,ヒノコジカ,炎,220,発煙器官,放熱器官,7,mvh_electric,トリプルボルトストライク,雷,物理,35,90,10,3発(発ごと命中)
026,ヒノコジカ,炎,220,発煙器官,放熱器官,8,MVP_061,バイオレットボルトストライク,雷,物理,40,100,30,
026,ヒノコジカ,炎,220,発煙器官,放熱器官,8,MVP_062,サンダーロアフィスト,雷,物理,40,100,28,
026,ヒノコジカ,炎,220,発煙器官,放熱器官,8,MV_255,ブレイズバラージ,炎,特殊,40,95,26,
026,ヒノコジカ,炎,220,発煙器官,放熱器官,8,lock_on_laser,ロックオンレーザー,雷,特殊,40,100,30,
026,ヒノコジカ,炎,220,発煙器官,放熱器官,9,MVP_063,フラッシュボルトブロー,雷,物理,45,100,28,
026,ヒノコジカ,炎,220,発煙器官,放熱器官,9,mvn_040,ボルトトレイル,雷,特殊,45,100,24,
026,ヒノコジカ,炎,220,発煙器官,放熱器官,10,mvn_018,フレイム,炎,特殊,50,100,24,
026,ヒノコジカ,炎,220,発煙器官,放熱器官,11,mvn_022,カーボナイズ,炎,特殊,55,100,18,
026,ヒノコジカ,炎,220,発煙器官,放熱器官,11,mvn_041,スタティック,雷,特殊,55,95,24,
026,ヒノコジカ,炎,220,発煙器官,放熱器官,13,MV_248,フレイムジェット,炎,特殊,65,100,21,
026,ヒノコジカ,炎,220,発煙器官,放熱器官,14,all_range_thunder,オールレンジサンダー,雷,特殊,70,100,9,
026,ヒノコジカ,炎,220,発煙器官,放熱器官,14,flame_funnel,フレイムファンネル,炎,特殊,70,100,12,
026,ヒノコジカ,炎,220,発煙器官,放熱器官,14,mvn_044,ボルトグレイン,雷,特殊,70,100,18,
026,ヒノコジカ,炎,220,発煙器官,放熱器官,18,volcanic_rain,ボルカニックレイン,炎,特殊,90,100,9,
026,ヒノコジカ,炎,220,発煙器官,放熱器官,21,MV_242,インフェルナルフレイム,炎,特殊,105,65,6,
027,ニャオテト,闇,200,けいかいかん,,3,mvn_067,ホワイトアイス,氷,特殊,15,85,36,
027,ニャオテト,闇,200,けいかいかん,,4,mvs_dark_accuracy_evasion,ダークナイトアイ,闇,変化,0,100,15,
027,ニャオテト,闇,200,けいかいかん,,4,mvs_dark_def_crit,ダークナイトアーマー,闇,変化,0,100,15,
027,ニャオテト,闇,200,けいかいかん,,5,mvh_dark,シャドウバラージ,闇,物理,25,95,15,2〜5発
027,ニャオテト,闇,200,けいかいかん,,6,MV_205,フロストネット,氷,特殊,30,95,28,
027,ニャオテト,闇,200,けいかいかん,,6,ice_cutter,アイスカッター,氷,特殊,30,100,33,
027,ニャオテト,闇,200,けいかいかん,,7,MV_121,シャドウピアス,闇,物理,35,100,34,
027,ニャオテト,闇,200,けいかいかん,,7,MV_123,ダスクブレード,闇,物理,35,100,32,
027,ニャオテト,闇,200,けいかいかん,,7,MV_187,アイスペブル,氷,物理,35,100,36,
027,ニャオテト,闇,200,けいかいかん,,7,mvh_ice,トリプルアイスブレード,氷,物理,35,90,10,3発(発ごと命中)
027,ニャオテト,闇,200,けいかいかん,,8,MVP_121,ホワイトアイスストライク,氷,物理,40,100,30,
027,ニャオテト,闇,200,けいかいかん,,8,MV_124,シャドウステッチ,闇,物理,40,100,32,
027,ニャオテト,闇,200,けいかいかん,,8,MV_125,ダークウェッジ,闇,物理,40,100,32,
027,ニャオテト,闇,200,けいかいかん,,8,MV_188,アイスブレード,氷,物理,40,100,33,
027,ニャオテト,闇,200,けいかいかん,,9,MVP_122,フリーズフィスト,氷,物理,45,100,28,
027,ニャオテト,闇,200,けいかいかん,,9,MVP_123,フロストストライクブロー,氷,物理,45,100,28,
027,ニャオテト,闇,200,けいかいかん,,9,MVP_161,ブラックミストストライク,闇,物理,45,100,30,
027,ニャオテト,闇,200,けいかいかん,,9,MV_126,カースチェイン,闇,物理,45,100,32,
027,ニャオテト,闇,200,けいかいかん,,9,mvn_073,フローズンクラウド,氷,特殊,45,100,24,
027,ニャオテト,闇,200,けいかいかん,,10,MVP_124,アイスリングパンチ,氷,物理,50,100,26,
027,ニャオテト,闇,200,けいかいかん,,10,MVP_162,シャドウストライクフィスト,闇,物理,50,100,28,
027,ニャオテト,闇,200,けいかいかん,,10,MVP_163,カースブローパンチ,闇,物理,50,100,28,
027,ニャオテト,闇,200,けいかいかん,,10,MV_189,フロストショット,氷,物理,50,100,30,
027,ニャオテト,闇,200,けいかいかん,,11,MVP_164,ダークネススラスト,闇,物理,55,100,26,
027,ニャオテト,闇,200,けいかいかん,,11,MV_190,アイスニードル,氷,物理,55,100,27,
027,ニャオテト,闇,200,けいかいかん,,11,MV_211,フローズンブレード,氷,物理,55,95,26,
027,ニャオテト,闇,200,けいかいかん,,12,MVP_125,チルスラスト,氷,物理,60,100,21,
027,ニャオテト,闇,200,けいかいかん,,12,MV_195,アイスファング,氷,物理,60,95,24,
027,ニャオテト,闇,200,けいかいかん,,13,MV_192,ブリザードブロー,氷,物理,65,100,21,
027,ニャオテト,闇,200,けいかいかん,,13,MV_200,アイスブレードコンボ,氷,物理,65,100,21,
027,ニャオテト,闇,200,けいかいかん,,14,MVP_126,アイスシャードフィスト,氷,物理,70,100,18,
027,ニャオテト,闇,200,けいかいかん,,14,MVP_127,フローズンクラウドストライク,氷,物理,70,100,15,
027,ニャオテト,闇,200,けいかいかん,,15,MVP_128,アイスヴェールブロー,氷,物理,75,90,11,
027,ニャオテト,闇,200,けいかいかん,,15,MVP_129,フロストブロッサムパンチ,氷,物理,75,90,11,
027,ニャオテト,闇,200,けいかいかん,,16,MVP_130,アイスコアフィスト,氷,物理,80,100,6,
027,ニャオテト,闇,200,けいかいかん,,16,MVP_131,コールドストライクスラスト,氷,物理,80,90,8,
027B,チルテト,氷,205,発煙器官,,3,mvn_023,クリアストリーム,水,特殊,15,100,36,
027B,チルテト,氷,205,発煙器官,,3,mvn_067,ホワイトアイス,氷,特殊,15,85,36,
027B,チルテト,氷,205,発煙器官,,5,aqua_gun,アクアショット,水,特殊,25,100,36,
027B,チルテト,氷,205,発煙器官,,5,mvh_water,タービュレントラッシュ,水,物理,25,95,15,2〜5発
027B,チルテト,氷,205,発煙器官,,6,MV_205,フロストネット,氷,特殊,30,95,28,
027B,チルテト,氷,205,発煙器官,,6,ice_cutter,アイスカッター,氷,特殊,30,100,33,
027B,チルテト,氷,205,発煙器官,,7,MV_187,アイスペブル,氷,物理,35,100,36,
027B,チルテト,氷,205,発煙器官,,7,MV_212,ウォーターガン,水,物理,35,100,36,
027B,チルテト,氷,205,発煙器官,,7,MV_215,ウォーターカッター,水,特殊,35,100,30,
027B,チルテト,氷,205,発煙器官,,7,mvw_snow,スノーダンス,氷,変化,0,100,16,
027B,チルテト,氷,205,発煙器官,,8,MVP_041,クリアストリームストライク,水,物理,40,100,30,
027B,チルテト,氷,205,発煙器官,,9,mvn_028,スプラッシュ,水,特殊,45,100,26,
027B,チルテト,氷,205,発煙器官,,9,mvn_073,フローズンクラウド,氷,特殊,45,100,24,
027B,チルテト,氷,205,発煙器官,,10,mvs_ep_ice,フリーズピーク,氷,変化,0,100,10,
027B,チルテト,氷,205,発煙器官,,11,MV_217,アクアランス,水,特殊,55,100,24,
027B,チルテト,氷,205,発煙器官,,12,MV_191,フリーズウェーブ,氷,特殊,60,100,24,
027B,チルテト,氷,205,発煙器官,,14,MV_193,アイスガスト,氷,特殊,70,100,18,
027B,チルテト,氷,205,発煙器官,,14,MV_231,バブルビーム,水,特殊,70,100,15,
027B,チルテト,氷,205,発煙器官,,15,high_pressure_water,ハイプレッシャーウォーター,水,特殊,75,100,15,
027B,チルテト,氷,205,発煙器官,,16,MV_201,アイシクルドロップ,氷,特殊,80,100,9,
027B,チルテト,氷,205,発煙器官,,17,MV_196,アイスストーム,氷,特殊,85,100,12,
027B,チルテト,氷,205,発煙器官,,19,MV_197,アブソリュートゼロウェーブ,氷,特殊,95,85,6,
028,イノボウ,地,220,ぜつえんたい,,3,mvn_012,クリムゾン,炎,特殊,15,85,36,
028,イノボウ,地,220,ぜつえんたい,,4,MV_247,ファイアスフィア,炎,特殊,20,100,30,
028,イノボウ,地,220,ぜつえんたい,,4,mvs_ground_atk_accuracy,アースエイム,地,変化,0,100,15,
028,イノボウ,地,220,ぜつえんたい,,5,mvh_ground,ロックバラージブロー,地,物理,25,95,15,2〜5発
028,イノボウ,地,220,ぜつえんたい,,6,MV_234,ブレイズバレット,炎,特殊,30,95,30,
028,イノボウ,地,220,ぜつえんたい,,7,MVP_021,クリムゾンストライク,炎,物理,35,100,30,
028,イノボウ,地,220,ぜつえんたい,,7,MV_233,シンダー,炎,物理,35,95,32,
028,イノボウ,地,220,ぜつえんたい,,7,MV_256,ストーンペブル,地,物理,35,100,36,
028,イノボウ,地,220,ぜつえんたい,,8,MVP_022,スコーチフィスト,炎,物理,40,100,28,
028,イノボウ,地,220,ぜつえんたい,,8,MVP_023,フォスファーブロー,炎,物理,40,100,28,
028,イノボウ,地,220,ぜつえんたい,,8,MVP_081,クロッドストライク,地,物理,40,100,30,
028,イノボウ,地,220,ぜつえんたい,,8,MV_255,ブレイズバラージ,炎,特殊,40,95,26,
028,イノボウ,地,220,ぜつえんたい,,8,MV_260,ブラインドサンド,地,物理,40,100,32,
028,イノボウ,地,220,ぜつえんたい,,9,MVP_024,ロースパンチ,炎,物理,45,100,26,
028,イノボウ,地,220,ぜつえんたい,,9,MV_236,フレイムクロー,炎,物理,45,95,26,
028,イノボウ,地,220,ぜつえんたい,,9,MV_257,ロックバレット,地,物理,45,100,33,
028,イノボウ,地,220,ぜつえんたい,,9,MV_259,サンドスプレー,地,物理,45,100,30,
028,イノボウ,地,220,ぜつえんたい,,10,MVP_082,ベッドロックフィスト,地,物理,50,100,28,
028,イノボウ,地,220,ぜつえんたい,,10,MVP_083,レイラインブロー,地,物理,50,100,28,
028,イノボウ,地,220,ぜつえんたい,,10,MV_246,フレイムファング,炎,物理,50,95,26,
028,イノボウ,地,220,ぜつえんたい,,10,MV_250,フレイムスラスト,炎,物理,50,100,27,
028,イノボウ,地,220,ぜつえんたい,,10,mvs_ep_ground,アースコアピーク,地,変化,0,100,10,
028,イノボウ,地,220,ぜつえんたい,,11,MVP_084,クラッシュソイルパンチ,地,物理,55,100,26,
028,イノボウ,地,220,ぜつえんたい,,11,MV_237,ブレイズスラッシュ,炎,物理,55,95,24,
028,イノボウ,地,220,ぜつえんたい,,11,MV_245,フレイムホイール,炎,物理,55,95,24,
028,イノボウ,地,220,ぜつえんたい,,11,MV_258,フィッシャースラスト,地,物理,55,100,27,
028,イノボウ,地,220,ぜつえんたい,,12,MVP_025,シアリングスラスト,炎,物理,60,100,21,
028,イノボウ,地,220,ぜつえんたい,,12,MV_253,ブレイジングパンチ,炎,物理,60,100,24,
028,イノボウ,地,220,ぜつえんたい,,13,MV_238,ワイルドファイアフィスト,炎,物理,65,95,21,
028,イノボウ,地,220,ぜつえんたい,,13,MV_252,シアリングスラッシュ,炎,物理,65,100,21,
028,イノボウ,地,220,ぜつえんたい,,14,MVP_026,エンバーフィスト,炎,物理,70,100,18,
028,イノボウ,地,220,ぜつえんたい,,14,MVP_027,フレイムストライク,炎,物理,70,100,15,
028,イノボウ,地,220,ぜつえんたい,,15,MVP_028,フレイムアレイブロー,炎,物理,75,90,11,
028,イノボウ,地,220,ぜつえんたい,,15,MVP_029,ヘルフレイムパンチ,炎,物理,75,90,11,
028,イノボウ,地,220,ぜつえんたい,,16,MVP_030,フレイムスウォームスラスト,炎,物理,80,100,6,
028,イノボウ,地,220,ぜつえんたい,,16,MVP_031,カーボナイズフィスト,炎,物理,80,90,8,
029,キツネビ,炎,210,こうふん,放熱器官,3,mvn_034,バイオレットボルト,雷,特殊,15,85,36,
029,キツネビ,炎,210,こうふん,放熱器官,4,mvs_fire_atk_crit,フレイムファングスタンス,炎,変化,0,100,15,
029,キツネビ,炎,210,こうふん,放熱器官,4,mvs_fire_atk_evasion,フレイムステップ,炎,変化,0,100,15,
029,キツネビ,炎,210,こうふん,放熱器官,5,MV_185,ボルトライトバレット,雷,特殊,25,100,33,
029,キツネビ,炎,210,こうふん,放熱器官,6,shockwave,ショックウェーブ,雷,特殊,30,100,36,
029,キツネビ,炎,210,こうふん,放熱器官,7,MVP_021,クリムゾンストライク,炎,物理,35,100,30,
029,キツネビ,炎,210,こうふん,放熱器官,7,MV_233,シンダー,炎,物理,35,95,32,
029,キツネビ,炎,210,こうふん,放熱器官,7,mvh_electric,トリプルボルトストライク,雷,物理,35,90,10,3発(発ごと命中)
029,キツネビ,炎,210,こうふん,放熱器官,8,MVP_022,スコーチフィスト,炎,物理,40,100,28,
029,キツネビ,炎,210,こうふん,放熱器官,8,MVP_023,フォスファーブロー,炎,物理,40,100,28,
029,キツネビ,炎,210,こうふん,放熱器官,8,MVP_061,バイオレットボルトストライク,雷,物理,40,100,30,
029,キツネビ,炎,210,こうふん,放熱器官,8,MVP_062,サンダーロアフィスト,雷,物理,40,100,28,
029,キツネビ,炎,210,こうふん,放熱器官,8,lock_on_laser,ロックオンレーザー,雷,特殊,40,100,30,
029,キツネビ,炎,210,こうふん,放熱器官,9,MVP_024,ロースパンチ,炎,物理,45,100,26,
029,キツネビ,炎,210,こうふん,放熱器官,9,MVP_063,フラッシュボルトブロー,雷,物理,45,100,28,
029,キツネビ,炎,210,こうふん,放熱器官,9,MV_168,スパークボルト,雷,物理,45,95,28,
029,キツネビ,炎,210,こうふん,放熱器官,9,MV_236,フレイムクロー,炎,物理,45,95,26,
029,キツネビ,炎,210,こうふん,放熱器官,9,mvn_040,ボルトトレイル,雷,特殊,45,100,24,
029,キツネビ,炎,210,こうふん,放熱器官,10,MVP_064,ボルトチャージパンチ,雷,物理,50,100,26,
029,キツネビ,炎,210,こうふん,放熱器官,10,MV_182,ショックスティング,雷,物理,50,100,30,
029,キツネビ,炎,210,こうふん,放熱器官,10,MV_246,フレイムファング,炎,物理,50,95,26,
029,キツネビ,炎,210,こうふん,放熱器官,10,MV_250,フレイムスラスト,炎,物理,50,100,27,
029,キツネビ,炎,210,こうふん,放熱器官,11,MV_183,ライトニングスラスト,雷,物理,55,100,27,
029,キツネビ,炎,210,こうふん,放熱器官,11,MV_237,ブレイズスラッシュ,炎,物理,55,95,24,
029,キツネビ,炎,210,こうふん,放熱器官,11,MV_245,フレイムホイール,炎,物理,55,95,24,
029,キツネビ,炎,210,こうふん,放熱器官,12,MVP_065,スイフトボルトスラスト,雷,物理,60,100,21,
029,キツネビ,炎,210,こうふん,放熱器官,12,MV_170,ディスチャージ,雷,物理,60,95,24,
029,キツネビ,炎,210,こうふん,放熱器官,13,MVP_066,ボルトリングフィスト,雷,物理,65,100,18,
029,キツネビ,炎,210,こうふん,放熱器官,14,MVP_067,ボルトトレイルストライク,雷,物理,70,100,15,
029,キツネビ,炎,210,こうふん,放熱器官,15,MVP_068,スタティックブロー,雷,物理,75,90,11,
029,キツネビ,炎,210,こうふん,放熱器官,15,MVP_069,ボルトコアパンチ,雷,物理,75,90,11,
029,キツネビ,炎,210,こうふん,放熱器官,16,MVP_070,ボルトフラッシュスラスト,雷,物理,80,100,6,
029,キツネビ,炎,210,こうふん,放熱器官,16,MVP_071,ボルトグレインフィスト,雷,物理,80,90,8,
029B,ユキツネ,氷,215,たまゆき,,3,mvn_023,クリアストリーム,水,特殊,15,100,36,
029B,ユキツネ,氷,215,たまゆき,,4,mvs_ice_atk_evasion,グレイシャーステップ,氷,変化,0,100,15,
029B,ユキツネ,氷,215,たまゆき,,5,aqua_gun,アクアショット,水,特殊,25,100,36,
029B,ユキツネ,氷,215,たまゆき,,5,mvh_water,タービュレントラッシュ,水,物理,25,95,15,2〜5発
029B,ユキツネ,氷,215,たまゆき,,7,MV_187,アイスペブル,氷,物理,35,100,36,
029B,ユキツネ,氷,215,たまゆき,,7,MV_212,ウォーターガン,水,物理,35,100,36,
029B,ユキツネ,氷,215,たまゆき,,7,MV_215,ウォーターカッター,水,特殊,35,100,30,
029B,ユキツネ,氷,215,たまゆき,,7,mvh_ice,トリプルアイスブレード,氷,物理,35,90,10,3発(発ごと命中)
029B,ユキツネ,氷,215,たまゆき,,7,mvw_snow,スノーダンス,氷,変化,0,100,16,
029B,ユキツネ,氷,215,たまゆき,,8,MVP_041,クリアストリームストライク,水,物理,40,100,30,
029B,ユキツネ,氷,215,たまゆき,,8,MVP_121,ホワイトアイスストライク,氷,物理,40,100,30,
029B,ユキツネ,氷,215,たまゆき,,8,MV_188,アイスブレード,氷,物理,40,100,33,
029B,ユキツネ,氷,215,たまゆき,,9,MVP_042,ミラーウォーターブロー,水,物理,45,100,28,
029B,ユキツネ,氷,215,たまゆき,,9,MVP_122,フリーズフィスト,氷,物理,45,100,28,
029B,ユキツネ,氷,215,たまゆき,,9,MVP_123,フロストストライクブロー,氷,物理,45,100,28,
029B,ユキツネ,氷,215,たまゆき,,9,MV_214,バブルバラージ,水,物理,45,100,33,
029B,ユキツネ,氷,215,たまゆき,,9,mvn_028,スプラッシュ,水,特殊,45,100,26,
029B,ユキツネ,氷,215,たまゆき,,10,MVP_043,サーフサウンドフィスト,水,物理,50,100,28,
029B,ユキツネ,氷,215,たまゆき,,10,MVP_044,ドロップストライクパンチ,水,物理,50,100,26,
029B,ユキツネ,氷,215,たまゆき,,10,MVP_124,アイスリングパンチ,氷,物理,50,100,26,
029B,ユキツネ,氷,215,たまゆき,,10,MV_189,フロストショット,氷,物理,50,100,30,
029B,ユキツネ,氷,215,たまゆき,,11,MV_190,アイスニードル,氷,物理,55,100,27,
029B,ユキツネ,氷,215,たまゆき,,11,MV_211,フローズンブレード,氷,物理,55,95,26,
029B,ユキツネ,氷,215,たまゆき,,11,MV_216,ウォーターブレード,水,物理,55,100,27,
029B,ユキツネ,氷,215,たまゆき,,11,MV_221,ストリームコンボ,水,物理,55,100,27,
029B,ユキツネ,氷,215,たまゆき,,12,MV_222,ミラーウォータースラッシュ,水,物理,60,100,24,
029B,ユキツネ,氷,215,たまゆき,,12,MV_227,アクアジェット,水,物理,60,100,27,
029B,ユキツネ,氷,215,たまゆき,,13,MVP_045,ウォーターリングスラスト,水,物理,65,100,21,
029B,ユキツネ,氷,215,たまゆき,,13,MV_230,アクアファング,水,物理,65,100,24,
029B,ユキツネ,氷,215,たまゆき,,14,MVP_046,スプラッシュフィスト,水,物理,70,100,18,
029B,ユキツネ,氷,215,たまゆき,,14,MVP_047,ウォーターヴェインストライク,水,物理,70,100,15,
029B,ユキツネ,氷,215,たまゆき,,15,MVP_048,アズールウェーブブロー,水,物理,75,90,11,
029B,ユキツネ,氷,215,たまゆき,,15,MVP_049,ドロップレットパンチ,水,物理,75,90,11,
029B,ユキツネ,氷,215,たまゆき,,16,MVP_050,アクアヴェールフィスト,水,物理,80,100,6,
029B,ユキツネ,氷,215,たまゆき,,16,MVP_051,リップルストライク,水,物理,80,90,8,
030,ヤミイカ,闇/水,190,どくせんボディ,グライド,3,mvn_045,クロッド,地,特殊,15,100,36,
030,ヤミイカ,闇/水,190,どくせんボディ,グライド,3,mvn_067,ホワイトアイス,氷,特殊,15,85,36,
030,ヤミイカ,闇/水,190,どくせんボディ,グライド,4,MV_280,サンドバインド,地,特殊,20,100,28,
030,ヤミイカ,闇/水,190,どくせんボディ,グライド,5,mvh_dark,シャドウバラージ,闇,物理,25,95,15,2〜5発
030,ヤミイカ,闇/水,190,どくせんボディ,グライド,5,mvh_ground,ロックバラージブロー,地,物理,25,95,15,2〜5発
030,ヤミイカ,闇/水,190,どくせんボディ,グライド,5,mvh_water,タービュレントラッシュ,水,物理,25,95,15,2〜5発
030,ヤミイカ,闇/水,190,どくせんボディ,グライド,6,MV_205,フロストネット,氷,特殊,30,95,28,
030,ヤミイカ,闇/水,190,どくせんボディ,グライド,6,ice_cutter,アイスカッター,氷,特殊,30,100,33,
030,ヤミイカ,闇/水,190,どくせんボディ,グライド,6,mvn_048,クラッシュソイル,地,特殊,30,100,30,
030,ヤミイカ,闇/水,190,どくせんボディ,グライド,7,MV_121,シャドウピアス,闇,物理,35,100,34,
030,ヤミイカ,闇/水,190,どくせんボディ,グライド,7,MV_123,ダスクブレード,闇,物理,35,100,32,
030,ヤミイカ,闇/水,190,どくせんボディ,グライド,7,MV_187,アイスペブル,氷,物理,35,100,36,
030,ヤミイカ,闇/水,190,どくせんボディ,グライド,7,MV_212,ウォーターガン,水,物理,35,100,36,
030,ヤミイカ,闇/水,190,どくせんボディ,グライド,7,MV_256,ストーンペブル,地,物理,35,100,36,
030,ヤミイカ,闇/水,190,どくせんボディ,グライド,7,mvh_ice,トリプルアイスブレード,氷,物理,35,90,10,3発(発ごと命中)
030,ヤミイカ,闇/水,190,どくせんボディ,グライド,7,mvw_fog,フォグヴェール,闇,変化,0,100,16,
030,ヤミイカ,闇/水,190,どくせんボディ,グライド,7,mvw_rain,レインダンス,水,変化,0,100,16,
030,ヤミイカ,闇/水,190,どくせんボディ,グライド,8,MVP_041,クリアストリームストライク,水,物理,40,100,30,
030,ヤミイカ,闇/水,190,どくせんボディ,グライド,8,MVP_081,クロッドストライク,地,物理,40,100,30,
030,ヤミイカ,闇/水,190,どくせんボディ,グライド,8,MVP_121,ホワイトアイスストライク,氷,物理,40,100,30,
030,ヤミイカ,闇/水,190,どくせんボディ,グライド,8,MV_124,シャドウステッチ,闇,物理,40,100,32,
030,ヤミイカ,闇/水,190,どくせんボディ,グライド,8,MV_125,ダークウェッジ,闇,物理,40,100,32,
030,ヤミイカ,闇/水,190,どくせんボディ,グライド,8,MV_188,アイスブレード,氷,物理,40,100,33,
030,ヤミイカ,闇/水,190,どくせんボディ,グライド,8,MV_260,ブラインドサンド,地,物理,40,100,32,
030,ヤミイカ,闇/水,190,どくせんボディ,グライド,9,MVP_042,ミラーウォーターブロー,水,物理,45,100,28,
030,ヤミイカ,闇/水,190,どくせんボディ,グライド,9,MVP_122,フリーズフィスト,氷,物理,45,100,28,
030,ヤミイカ,闇/水,190,どくせんボディ,グライド,9,MVP_123,フロストストライクブロー,氷,物理,45,100,28,
030,ヤミイカ,闇/水,190,どくせんボディ,グライド,9,MVP_161,ブラックミストストライク,闇,物理,45,100,30,
030,ヤミイカ,闇/水,190,どくせんボディ,グライド,9,MV_257,ロックバレット,地,物理,45,100,33,
030,ヤミイカ,闇/水,190,どくせんボディ,グライド,9,MV_259,サンドスプレー,地,物理,45,100,30,
030,ヤミイカ,闇/水,190,どくせんボディ,グライド,10,MVP_082,ベッドロックフィスト,地,物理,50,100,28,
030,ヤミイカ,闇/水,190,どくせんボディ,グライド,10,MVP_083,レイラインブロー,地,物理,50,100,28,
030,ヤミイカ,闇/水,190,どくせんボディ,グライド,10,MVP_124,アイスリングパンチ,氷,物理,50,100,26,
030,ヤミイカ,闇/水,190,どくせんボディ,グライド,10,MV_189,フロストショット,氷,物理,50,100,30,
030,ヤミイカ,闇/水,190,どくせんボディ,グライド,11,MVP_084,クラッシュソイルパンチ,地,物理,55,100,26,
030,ヤミイカ,闇/水,190,どくせんボディ,グライド,11,MV_190,アイスニードル,氷,物理,55,100,27,
030,ヤミイカ,闇/水,190,どくせんボディ,グライド,11,MV_211,フローズンブレード,氷,物理,55,95,26,
030,ヤミイカ,闇/水,190,どくせんボディ,グライド,11,MV_258,フィッシャースラスト,地,物理,55,100,27,
030,ヤミイカ,闇/水,190,どくせんボディ,グライド,12,MVP_085,アースヴェールスラスト,地,物理,60,100,21,
030B,ユメイカ,無/水,200,けいかいかん,グライド,3,mvn_045,クロッド,地,特殊,15,100,36,
030B,ユメイカ,無/水,200,けいかいかん,グライド,3,mvn_078,ドラゴンファング,竜,特殊,15,100,36,
030B,ユメイカ,無/水,200,けいかいかん,グライド,4,MV_280,サンドバインド,地,特殊,20,100,28,
030B,ユメイカ,無/水,200,けいかいかん,グライド,4,mvs_water_def_evasion,サーフェスヴェール,水,変化,0,100,15,
030B,ユメイカ,無/水,200,けいかいかん,グライド,5,mvh_ground,ロックバラージブロー,地,物理,25,95,15,2〜5発
030B,ユメイカ,無/水,200,けいかいかん,グライド,5,mvh_water,タービュレントラッシュ,水,物理,25,95,15,2〜5発
030B,ユメイカ,無/水,200,けいかいかん,グライド,6,MVP_001,ホワイトストライク,無,物理,30,100,30,
030B,ユメイカ,無/水,200,けいかいかん,グライド,6,MV_137,バックフィスト,無,物理,30,100,36,
030B,ユメイカ,無/水,200,けいかいかん,グライド,6,mvn_048,クラッシュソイル,地,特殊,30,100,30,
030B,ユメイカ,無/水,200,けいかいかん,グライド,6,mvn_080,ドラゴンヴェインショット,竜,特殊,30,100,32,
030B,ユメイカ,無/水,200,けいかいかん,グライド,6,mvn_082,ドラゴンクロー,竜,特殊,30,100,28,
030B,ユメイカ,無/水,200,けいかいかん,グライド,7,MV_138,ダブルスラスト,無,物理,35,100,33,
030B,ユメイカ,無/水,200,けいかいかん,グライド,7,MV_139,テイルスイープ,無,物理,35,100,33,
030B,ユメイカ,無/水,200,けいかいかん,グライド,7,MV_212,ウォーターガン,水,物理,35,100,36,
030B,ユメイカ,無/水,200,けいかいかん,グライド,7,MV_256,ストーンペブル,地,物理,35,100,36,
030B,ユメイカ,無/水,200,けいかいかん,グライド,7,mvw_rain,レインダンス,水,変化,0,100,16,
030B,ユメイカ,無/水,200,けいかいかん,グライド,8,MVP_041,クリアストリームストライク,水,物理,40,100,30,
030B,ユメイカ,無/水,200,けいかいかん,グライド,8,MVP_081,クロッドストライク,地,物理,40,100,30,
030B,ユメイカ,無/水,200,けいかいかん,グライド,8,MV_140,ヘッドバット,無,物理,40,100,33,
030B,ユメイカ,無/水,200,けいかいかん,グライド,8,MV_141,スピンタックル,無,物理,40,100,33,
030B,ユメイカ,無/水,200,けいかいかん,グライド,8,MV_260,ブラインドサンド,地,物理,40,100,32,
030B,ユメイカ,無/水,200,けいかいかん,グライド,9,MVP_042,ミラーウォーターブロー,水,物理,45,100,28,
030B,ユメイカ,無/水,200,けいかいかん,グライド,9,MVP_141,ドラゴンファングストライク,竜,物理,45,100,30,
030B,ユメイカ,無/水,200,けいかいかん,グライド,9,MV_257,ロックバレット,地,物理,45,100,33,
030B,ユメイカ,無/水,200,けいかいかん,グライド,9,MV_259,サンドスプレー,地,物理,45,100,30,
030B,ユメイカ,無/水,200,けいかいかん,グライド,10,MVP_082,ベッドロックフィスト,地,物理,50,100,28,
030B,ユメイカ,無/水,200,けいかいかん,グライド,10,MVP_083,レイラインブロー,地,物理,50,100,28,
030B,ユメイカ,無/水,200,けいかいかん,グライド,10,MVP_142,ドラゴンスケイルフィスト,竜,物理,50,100,28,
030B,ユメイカ,無/水,200,けいかいかん,グライド,10,MVP_143,ドラゴンヴェインブロー,竜,物理,50,100,28,
030B,ユメイカ,無/水,200,けいかいかん,グライド,11,MVP_084,クラッシュソイルパンチ,地,物理,55,100,26,
030B,ユメイカ,無/水,200,けいかいかん,グライド,11,MVP_144,ドラゴンブレスパンチ,竜,物理,55,100,26,
030B,ユメイカ,無/水,200,けいかいかん,グライド,11,MV_116,ドラゴンファングスラスト,竜,物理,55,100,27,
030B,ユメイカ,無/水,200,けいかいかん,グライド,11,MV_258,フィッシャースラスト,地,物理,55,100,27,
030B,ユメイカ,無/水,200,けいかいかん,グライド,12,MVP_085,アースヴェールスラスト,地,物理,60,100,21,
030B,ユメイカ,無/水,200,けいかいかん,グライド,12,MVP_145,ドラゴンクロースラスト,竜,物理,60,100,21,
030B,ユメイカ,無/水,200,けいかいかん,グライド,12,MVP_146,ドラゴンリングフィスト,竜,物理,60,100,18,
030B,ユメイカ,無/水,200,けいかいかん,グライド,12,MV_272,シャープロックスラスト,地,物理,60,100,24,
030B,ユメイカ,無/水,200,けいかいかん,グライド,13,MVP_086,ロックシャードフィスト,地,物理,65,100,18,
030B,ユメイカ,無/水,200,けいかいかん,グライド,13,MVP_147,ドラゴンヴェールストライク,竜,物理,65,100,15,
031,モグルン,地,195,けいかいかん,,3,mvn_012,クリムゾン,炎,特殊,15,85,36,
031,モグルン,地,195,けいかいかん,,4,MV_247,ファイアスフィア,炎,特殊,20,100,30,
031,モグルン,地,195,けいかいかん,,4,mvs_ground_atk_accuracy,アースエイム,地,変化,0,100,15,
031,モグルン,地,195,けいかいかん,,5,mvh_ground,ロックバラージブロー,地,物理,25,95,15,2〜5発
031,モグルン,地,195,けいかいかん,,6,MV_234,ブレイズバレット,炎,特殊,30,95,30,
031,モグルン,地,195,けいかいかん,,7,MVP_021,クリムゾンストライク,炎,物理,35,100,30,
031,モグルン,地,195,けいかいかん,,7,MV_233,シンダー,炎,物理,35,95,32,
031,モグルン,地,195,けいかいかん,,7,MV_256,ストーンペブル,地,物理,35,100,36,
031,モグルン,地,195,けいかいかん,,8,MVP_022,スコーチフィスト,炎,物理,40,100,28,
031,モグルン,地,195,けいかいかん,,8,MVP_023,フォスファーブロー,炎,物理,40,100,28,
031,モグルン,地,195,けいかいかん,,8,MVP_081,クロッドストライク,地,物理,40,100,30,
031,モグルン,地,195,けいかいかん,,8,MV_255,ブレイズバラージ,炎,特殊,40,95,26,
031,モグルン,地,195,けいかいかん,,8,MV_260,ブラインドサンド,地,物理,40,100,32,
031,モグルン,地,195,けいかいかん,,9,MVP_024,ロースパンチ,炎,物理,45,100,26,
031,モグルン,地,195,けいかいかん,,9,MV_236,フレイムクロー,炎,物理,45,95,26,
031,モグルン,地,195,けいかいかん,,9,MV_257,ロックバレット,地,物理,45,100,33,
031,モグルン,地,195,けいかいかん,,9,MV_259,サンドスプレー,地,物理,45,100,30,
031,モグルン,地,195,けいかいかん,,10,MVP_082,ベッドロックフィスト,地,物理,50,100,28,
031,モグルン,地,195,けいかいかん,,10,MVP_083,レイラインブロー,地,物理,50,100,28,
031,モグルン,地,195,けいかいかん,,10,MV_246,フレイムファング,炎,物理,50,95,26,
031,モグルン,地,195,けいかいかん,,10,MV_250,フレイムスラスト,炎,物理,50,100,27,
031,モグルン,地,195,けいかいかん,,10,mvs_ep_ground,アースコアピーク,地,変化,0,100,10,
031,モグルン,地,195,けいかいかん,,11,MVP_084,クラッシュソイルパンチ,地,物理,55,100,26,
031,モグルン,地,195,けいかいかん,,11,MV_237,ブレイズスラッシュ,炎,物理,55,95,24,
031,モグルン,地,195,けいかいかん,,11,MV_245,フレイムホイール,炎,物理,55,95,24,
031,モグルン,地,195,けいかいかん,,11,MV_258,フィッシャースラスト,地,物理,55,100,27,
031,モグルン,地,195,けいかいかん,,12,MVP_025,シアリングスラスト,炎,物理,60,100,21,
031,モグルン,地,195,けいかいかん,,12,MV_253,ブレイジングパンチ,炎,物理,60,100,24,
031,モグルン,地,195,けいかいかん,,13,MV_238,ワイルドファイアフィスト,炎,物理,65,95,21,
031,モグルン,地,195,けいかいかん,,13,MV_252,シアリングスラッシュ,炎,物理,65,100,21,
031,モグルン,地,195,けいかいかん,,14,MVP_026,エンバーフィスト,炎,物理,70,100,18,
031,モグルン,地,195,けいかいかん,,14,MVP_027,フレイムストライク,炎,物理,70,100,15,
031,モグルン,地,195,けいかいかん,,15,MVP_028,フレイムアレイブロー,炎,物理,75,90,11,
031,モグルン,地,195,けいかいかん,,15,MVP_029,ヘルフレイムパンチ,炎,物理,75,90,11,
031,モグルン,地,195,けいかいかん,,16,MVP_030,フレイムスウォームスラスト,炎,物理,80,100,6,
031,モグルン,地,195,けいかいかん,,16,MVP_031,カーボナイズフィスト,炎,物理,80,90,8,
032,ツノガミ,無,255,無のちから,,1,MV_163,フォーカスパワー,無,変化,0,100,15,
032,ツノガミ,無,255,無のちから,,1,MV_164,コンセントレート,無,変化,0,100,15,
032,ツノガミ,無,255,無のちから,,3,mvn_078,ドラゴンファング,竜,特殊,15,100,36,
032,ツノガミ,無,255,無のちから,,6,MVP_001,ホワイトストライク,無,物理,30,100,30,
032,ツノガミ,無,255,無のちから,,6,MV_137,バックフィスト,無,物理,30,100,36,
032,ツノガミ,無,255,無のちから,,6,mvn_080,ドラゴンヴェインショット,竜,特殊,30,100,32,
032,ツノガミ,無,255,無のちから,,6,mvn_082,ドラゴンクロー,竜,特殊,30,100,28,
032,ツノガミ,無,255,無のちから,,7,MV_138,ダブルスラスト,無,物理,35,100,33,
032,ツノガミ,無,255,無のちから,,7,MV_139,テイルスイープ,無,物理,35,100,33,
032,ツノガミ,無,255,無のちから,,8,MV_140,ヘッドバット,無,物理,40,100,33,
032,ツノガミ,無,255,無のちから,,8,MV_141,スピンタックル,無,物理,40,100,33,
032,ツノガミ,無,255,無のちから,,9,MVP_141,ドラゴンファングストライク,竜,物理,45,100,30,
032,ツノガミ,無,255,無のちから,,9,MV_142,フライングキック,無,物理,45,100,33,
032,ツノガミ,無,255,無のちから,,9,MV_143,ブラントエッジ,無,物理,45,100,33,
032,ツノガミ,無,255,無のちから,,9,mvn_083,ドラゴンリング,竜,特殊,45,100,26,
032,ツノガミ,無,255,無のちから,,10,MVP_002,マッチレスブロー,無,物理,50,100,28,
032,ツノガミ,無,255,無のちから,,10,MVP_142,ドラゴンスケイルフィスト,竜,物理,50,100,28,
032,ツノガミ,無,255,無のちから,,10,MVP_143,ドラゴンヴェインブロー,竜,物理,50,100,28,
032,ツノガミ,無,255,無のちから,,11,MVP_144,ドラゴンブレスパンチ,竜,物理,55,100,26,
032,ツノガミ,無,255,無のちから,,11,MV_116,ドラゴンファングスラスト,竜,物理,55,100,27,
032,ツノガミ,無,255,無のちから,,12,MVP_145,ドラゴンクロースラスト,竜,物理,60,100,21,
032,ツノガミ,無,255,無のちから,,12,MVP_146,ドラゴンリングフィスト,竜,物理,60,100,18,
032,ツノガミ,無,255,無のちから,,13,MVP_147,ドラゴンヴェールストライク,竜,物理,65,100,15,
032,ツノガミ,無,255,無のちから,,13,MV_112,ドラゴンクローコンボ,竜,物理,65,100,15,
032,ツノガミ,無,255,無のちから,,14,MVP_148,ドラゴンヴォイスブロー,竜,物理,70,90,11,
032,ツノガミ,無,255,無のちから,,14,MV_110,ツインドラゴンファング,竜,物理,70,95,13,
032,ツノガミ,無,255,無のちから,,15,MVP_149,ドラゴンピアスパンチ,竜,物理,75,90,11,
032,ツノガミ,無,255,無のちから,,15,MV_109,ドラゴンスケイルスラッシュ,竜,物理,75,100,9,
032,ツノガミ,無,255,無のちから,,16,MVP_150,ドラゴンフォスファーフィスト,竜,物理,80,100,6,
032,ツノガミ,無,255,無のちから,,16,MVP_151,ドラゴンハートストライク,竜,物理,80,90,8,
032B,ヤマガミ,地,255,ぜつえんたい,,3,mvn_012,クリムゾン,炎,特殊,15,85,36,
032B,ヤマガミ,地,255,ぜつえんたい,,4,MV_247,ファイアスフィア,炎,特殊,20,100,30,
032B,ヤマガミ,地,255,ぜつえんたい,,4,mvs_ground_atk_def,アーススタンス,地,変化,0,100,15,
032B,ヤマガミ,地,255,ぜつえんたい,,5,mvh_ground,ロックバラージブロー,地,物理,25,95,15,2〜5発
032B,ヤマガミ,地,255,ぜつえんたい,,6,MV_234,ブレイズバレット,炎,特殊,30,95,30,
032B,ヤマガミ,地,255,ぜつえんたい,,7,MVP_021,クリムゾンストライク,炎,物理,35,100,30,
032B,ヤマガミ,地,255,ぜつえんたい,,7,MV_233,シンダー,炎,物理,35,95,32,
032B,ヤマガミ,地,255,ぜつえんたい,,7,MV_256,ストーンペブル,地,物理,35,100,36,
032B,ヤマガミ,地,255,ぜつえんたい,,7,mvw_sandstorm,サンドストーム,地,変化,0,100,16,
032B,ヤマガミ,地,255,ぜつえんたい,,8,MVP_022,スコーチフィスト,炎,物理,40,100,28,
032B,ヤマガミ,地,255,ぜつえんたい,,8,MVP_023,フォスファーブロー,炎,物理,40,100,28,
032B,ヤマガミ,地,255,ぜつえんたい,,8,MVP_081,クロッドストライク,地,物理,40,100,30,
032B,ヤマガミ,地,255,ぜつえんたい,,8,MV_255,ブレイズバラージ,炎,特殊,40,95,26,
032B,ヤマガミ,地,255,ぜつえんたい,,8,MV_260,ブラインドサンド,地,物理,40,100,32,
032B,ヤマガミ,地,255,ぜつえんたい,,9,MVP_024,ロースパンチ,炎,物理,45,100,26,
032B,ヤマガミ,地,255,ぜつえんたい,,9,MV_236,フレイムクロー,炎,物理,45,95,26,
032B,ヤマガミ,地,255,ぜつえんたい,,9,MV_257,ロックバレット,地,物理,45,100,33,
032B,ヤマガミ,地,255,ぜつえんたい,,9,MV_259,サンドスプレー,地,物理,45,100,30,
032B,ヤマガミ,地,255,ぜつえんたい,,10,MVP_082,ベッドロックフィスト,地,物理,50,100,28,
032B,ヤマガミ,地,255,ぜつえんたい,,10,MVP_083,レイラインブロー,地,物理,50,100,28,
032B,ヤマガミ,地,255,ぜつえんたい,,10,MV_246,フレイムファング,炎,物理,50,95,26,
032B,ヤマガミ,地,255,ぜつえんたい,,10,MV_250,フレイムスラスト,炎,物理,50,100,27,
032B,ヤマガミ,地,255,ぜつえんたい,,11,MVP_084,クラッシュソイルパンチ,地,物理,55,100,26,
032B,ヤマガミ,地,255,ぜつえんたい,,11,MV_237,ブレイズスラッシュ,炎,物理,55,95,24,
032B,ヤマガミ,地,255,ぜつえんたい,,11,MV_245,フレイムホイール,炎,物理,55,95,24,
032B,ヤマガミ,地,255,ぜつえんたい,,12,MVP_025,シアリングスラスト,炎,物理,60,100,21,
032B,ヤマガミ,地,255,ぜつえんたい,,12,MV_253,ブレイジングパンチ,炎,物理,60,100,24,
032B,ヤマガミ,地,255,ぜつえんたい,,13,MV_238,ワイルドファイアフィスト,炎,物理,65,95,21,
032B,ヤマガミ,地,255,ぜつえんたい,,13,MV_252,シアリングスラッシュ,炎,物理,65,100,21,
032B,ヤマガミ,地,255,ぜつえんたい,,14,MVP_026,エンバーフィスト,炎,物理,70,100,18,
032B,ヤマガミ,地,255,ぜつえんたい,,14,MVP_027,フレイムストライク,炎,物理,70,100,15,
032B,ヤマガミ,地,255,ぜつえんたい,,15,MVP_028,フレイムアレイブロー,炎,物理,75,90,11,
032B,ヤマガミ,地,255,ぜつえんたい,,15,MVP_029,ヘルフレイムパンチ,炎,物理,75,90,11,
032B,ヤマガミ,地,255,ぜつえんたい,,16,MVP_030,フレイムスウォームスラスト,炎,物理,80,100,6,
032B,ヤマガミ,地,255,ぜつえんたい,,16,MVP_031,カーボナイズフィスト,炎,物理,80,90,8,
033,ガウルフ,無,245,無のきずな,,3,mvn_078,ドラゴンファング,竜,特殊,15,100,36,
033,ガウルフ,無,245,無のきずな,,6,MVP_001,ホワイトストライク,無,物理,30,100,30,
033,ガウルフ,無,245,無のきずな,,6,MV_137,バックフィスト,無,物理,30,100,36,
033,ガウルフ,無,245,無のきずな,,6,mvn_080,ドラゴンヴェインショット,竜,特殊,30,100,32,
033,ガウルフ,無,245,無のきずな,,6,mvn_082,ドラゴンクロー,竜,特殊,30,100,28,
033,ガウルフ,無,245,無のきずな,,7,MV_138,ダブルスラスト,無,物理,35,100,33,
033,ガウルフ,無,245,無のきずな,,7,MV_139,テイルスイープ,無,物理,35,100,33,
033,ガウルフ,無,245,無のきずな,,7,mvs_big_neutral,リックレススタンス,無,変化,0,100,10,
033,ガウルフ,無,245,無のきずな,,8,MV_140,ヘッドバット,無,物理,40,100,33,
033,ガウルフ,無,245,無のきずな,,8,MV_141,スピンタックル,無,物理,40,100,33,
033,ガウルフ,無,245,無のきずな,,9,MVP_141,ドラゴンファングストライク,竜,物理,45,100,30,
033,ガウルフ,無,245,無のきずな,,9,MV_142,フライングキック,無,物理,45,100,33,
033,ガウルフ,無,245,無のきずな,,9,MV_143,ブラントエッジ,無,物理,45,100,33,
033,ガウルフ,無,245,無のきずな,,9,mvn_083,ドラゴンリング,竜,特殊,45,100,26,
033,ガウルフ,無,245,無のきずな,,10,MVP_002,マッチレスブロー,無,物理,50,100,28,
033,ガウルフ,無,245,無のきずな,,10,MVP_142,ドラゴンスケイルフィスト,竜,物理,50,100,28,
033,ガウルフ,無,245,無のきずな,,10,MVP_143,ドラゴンヴェインブロー,竜,物理,50,100,28,
033,ガウルフ,無,245,無のきずな,,10,mvs_ep_neutral,マッチレスピーク,無,変化,0,100,10,
033,ガウルフ,無,245,無のきずな,,11,MVP_144,ドラゴンブレスパンチ,竜,物理,55,100,26,
033,ガウルフ,無,245,無のきずな,,11,MV_116,ドラゴンファングスラスト,竜,物理,55,100,27,
033,ガウルフ,無,245,無のきずな,,12,MVP_145,ドラゴンクロースラスト,竜,物理,60,100,21,
033,ガウルフ,無,245,無のきずな,,12,MVP_146,ドラゴンリングフィスト,竜,物理,60,100,18,
033,ガウルフ,無,245,無のきずな,,13,MVP_147,ドラゴンヴェールストライク,竜,物理,65,100,15,
033,ガウルフ,無,245,無のきずな,,13,MV_112,ドラゴンクローコンボ,竜,物理,65,100,15,
033,ガウルフ,無,245,無のきずな,,14,MVP_148,ドラゴンヴォイスブロー,竜,物理,70,90,11,
033,ガウルフ,無,245,無のきずな,,14,MV_110,ツインドラゴンファング,竜,物理,70,95,13,
033,ガウルフ,無,245,無のきずな,,15,MVP_149,ドラゴンピアスパンチ,竜,物理,75,90,11,
033,ガウルフ,無,245,無のきずな,,15,MV_109,ドラゴンスケイルスラッシュ,竜,物理,75,100,9,
033,ガウルフ,無,245,無のきずな,,16,MVP_150,ドラゴンフォスファーフィスト,竜,物理,80,100,6,
033,ガウルフ,無,245,無のきずな,,16,MVP_151,ドラゴンハートストライク,竜,物理,80,90,8,
034,ベリゴート,草,260,ハードアーマー,,3,mvn_023,クリアストリーム,水,特殊,15,100,36,
034,ベリゴート,草,260,ハードアーマー,,4,mvs_grass_accuracy_evasion,フレッシュグリーンアイ,草,変化,0,100,15,
034,ベリゴート,草,260,ハードアーマー,,4,mvs_grass_def_crit,フレッシュグリーンアーマー,草,変化,0,100,15,
034,ベリゴート,草,260,ハードアーマー,,5,aqua_gun,アクアショット,水,特殊,25,100,36,
034,ベリゴート,草,260,ハードアーマー,,5,mvh_water,タービュレントラッシュ,水,物理,25,95,15,2〜5発
034,ベリゴート,草,260,ハードアーマー,,7,MV_212,ウォーターガン,水,物理,35,100,36,
034,ベリゴート,草,260,ハードアーマー,,7,MV_215,ウォーターカッター,水,特殊,35,100,30,
034,ベリゴート,草,260,ハードアーマー,,7,MV_281,リーフブレード,草,物理,35,100,36,
034,ベリゴート,草,260,ハードアーマー,,8,MVP_041,クリアストリームストライク,水,物理,40,100,30,
034,ベリゴート,草,260,ハードアーマー,,8,MVP_101,グリーンリーフストライク,草,物理,40,100,30,
034,ベリゴート,草,260,ハードアーマー,,8,MV_282,シードショット,草,物理,40,100,33,
034,ベリゴート,草,260,ハードアーマー,,9,MVP_042,ミラーウォーターブロー,水,物理,45,100,28,
034,ベリゴート,草,260,ハードアーマー,,9,MVP_102,アイビーストライクフィスト,草,物理,45,100,28,
034,ベリゴート,草,260,ハードアーマー,,9,MV_214,バブルバラージ,水,物理,45,100,33,
034,ベリゴート,草,260,ハードアーマー,,9,MV_283,ヴァインウィップ,草,物理,45,100,33,
034,ベリゴート,草,260,ハードアーマー,,9,mvn_028,スプラッシュ,水,特殊,45,100,26,
034,ベリゴート,草,260,ハードアーマー,,10,MVP_043,サーフサウンドフィスト,水,物理,50,100,28,
034,ベリゴート,草,260,ハードアーマー,,10,MVP_044,ドロップストライクパンチ,水,物理,50,100,26,
034,ベリゴート,草,260,ハードアーマー,,10,MVP_103,リーフヴェインブロー,草,物理,50,100,28,
034,ベリゴート,草,260,ハードアーマー,,10,MVP_104,フレッシュリーフパンチ,草,物理,50,100,26,
034,ベリゴート,草,260,ハードアーマー,,11,MV_216,ウォーターブレード,水,物理,55,100,27,
034,ベリゴート,草,260,ハードアーマー,,11,MV_221,ストリームコンボ,水,物理,55,100,27,
034,ベリゴート,草,260,ハードアーマー,,11,MV_287,アイビーバインド,草,物理,55,100,27,
034,ベリゴート,草,260,ハードアーマー,,11,MV_288,ソーンウィップ,草,物理,55,100,24,
034,ベリゴート,草,260,ハードアーマー,,12,MV_222,ミラーウォータースラッシュ,水,物理,60,100,24,
034,ベリゴート,草,260,ハードアーマー,,12,MV_227,アクアジェット,水,物理,60,100,27,
034,ベリゴート,草,260,ハードアーマー,,13,MVP_045,ウォーターリングスラスト,水,物理,65,100,21,
034,ベリゴート,草,260,ハードアーマー,,13,MV_230,アクアファング,水,物理,65,100,24,
034,ベリゴート,草,260,ハードアーマー,,14,MVP_046,スプラッシュフィスト,水,物理,70,100,18,
034,ベリゴート,草,260,ハードアーマー,,14,MVP_047,ウォーターヴェインストライク,水,物理,70,100,15,
034,ベリゴート,草,260,ハードアーマー,,15,MVP_048,アズールウェーブブロー,水,物理,75,90,11,
034,ベリゴート,草,260,ハードアーマー,,15,MVP_049,ドロップレットパンチ,水,物理,75,90,11,
034,ベリゴート,草,260,ハードアーマー,,16,MVP_050,アクアヴェールフィスト,水,物理,80,100,6,
034,ベリゴート,草,260,ハードアーマー,,16,MVP_051,リップルストライク,水,物理,80,90,8,
034B,ベノゴート,闇,265,どくせんボディ,,3,mvn_067,ホワイトアイス,氷,特殊,15,85,36,
034B,ベノゴート,闇,265,どくせんボディ,,5,mvh_dark,シャドウバラージ,闇,物理,25,95,15,2〜5発
034B,ベノゴート,闇,265,どくせんボディ,,6,MV_205,フロストネット,氷,特殊,30,95,28,
034B,ベノゴート,闇,265,どくせんボディ,,6,ice_cutter,アイスカッター,氷,特殊,30,100,33,
034B,ベノゴート,闇,265,どくせんボディ,,7,MV_121,シャドウピアス,闇,物理,35,100,34,
034B,ベノゴート,闇,265,どくせんボディ,,7,MV_123,ダスクブレード,闇,物理,35,100,32,
034B,ベノゴート,闇,265,どくせんボディ,,7,MV_187,アイスペブル,氷,物理,35,100,36,
034B,ベノゴート,闇,265,どくせんボディ,,7,mvh_ice,トリプルアイスブレード,氷,物理,35,90,10,3発(発ごと命中)
034B,ベノゴート,闇,265,どくせんボディ,,7,mvw_fog,フォグヴェール,闇,変化,0,100,16,
034B,ベノゴート,闇,265,どくせんボディ,,8,MVP_121,ホワイトアイスストライク,氷,物理,40,100,30,
034B,ベノゴート,闇,265,どくせんボディ,,8,MV_124,シャドウステッチ,闇,物理,40,100,32,
034B,ベノゴート,闇,265,どくせんボディ,,8,MV_125,ダークウェッジ,闇,物理,40,100,32,
034B,ベノゴート,闇,265,どくせんボディ,,8,MV_188,アイスブレード,氷,物理,40,100,33,
034B,ベノゴート,闇,265,どくせんボディ,,9,MVP_122,フリーズフィスト,氷,物理,45,100,28,
034B,ベノゴート,闇,265,どくせんボディ,,9,MVP_123,フロストストライクブロー,氷,物理,45,100,28,
034B,ベノゴート,闇,265,どくせんボディ,,9,MVP_161,ブラックミストストライク,闇,物理,45,100,30,
034B,ベノゴート,闇,265,どくせんボディ,,9,MV_126,カースチェイン,闇,物理,45,100,32,
034B,ベノゴート,闇,265,どくせんボディ,,9,mvn_073,フローズンクラウド,氷,特殊,45,100,24,
034B,ベノゴート,闇,265,どくせんボディ,,10,MVP_124,アイスリングパンチ,氷,物理,50,100,26,
034B,ベノゴート,闇,265,どくせんボディ,,10,MVP_162,シャドウストライクフィスト,闇,物理,50,100,28,
034B,ベノゴート,闇,265,どくせんボディ,,10,MVP_163,カースブローパンチ,闇,物理,50,100,28,
034B,ベノゴート,闇,265,どくせんボディ,,10,MV_189,フロストショット,氷,物理,50,100,30,
034B,ベノゴート,闇,265,どくせんボディ,,10,poison_fog,ポイズンフォグ,闇,変化,0,100,10,
034B,ベノゴート,闇,265,どくせんボディ,,11,MV_190,アイスニードル,氷,物理,55,100,27,
034B,ベノゴート,闇,265,どくせんボディ,,11,MV_211,フローズンブレード,氷,物理,55,95,26,
034B,ベノゴート,闇,265,どくせんボディ,,12,MVP_125,チルスラスト,氷,物理,60,100,21,
034B,ベノゴート,闇,265,どくせんボディ,,12,MV_195,アイスファング,氷,物理,60,95,24,
034B,ベノゴート,闇,265,どくせんボディ,,13,MV_192,ブリザードブロー,氷,物理,65,100,21,
034B,ベノゴート,闇,265,どくせんボディ,,13,MV_200,アイスブレードコンボ,氷,物理,65,100,21,
034B,ベノゴート,闇,265,どくせんボディ,,14,MVP_126,アイスシャードフィスト,氷,物理,70,100,18,
034B,ベノゴート,闇,265,どくせんボディ,,14,MVP_127,フローズンクラウドストライク,氷,物理,70,100,15,
034B,ベノゴート,闇,265,どくせんボディ,,15,MVP_128,アイスヴェールブロー,氷,物理,75,90,11,
034B,ベノゴート,闇,265,どくせんボディ,,15,MVP_129,フロストブロッサムパンチ,氷,物理,75,90,11,
034B,ベノゴート,闇,265,どくせんボディ,,16,MVP_130,アイスコアフィスト,氷,物理,80,100,6,
035,コモップ,氷,180,むれのいちいん,,3,mvn_023,クリアストリーム,水,特殊,15,100,36,
035,コモップ,氷,180,むれのいちいん,,5,aqua_gun,アクアショット,水,特殊,25,100,36,
035,コモップ,氷,180,むれのいちいん,,5,mvh_water,タービュレントラッシュ,水,物理,25,95,15,2〜5発
035,コモップ,氷,180,むれのいちいん,,7,MV_187,アイスペブル,氷,物理,35,100,36,
035,コモップ,氷,180,むれのいちいん,,7,MV_212,ウォーターガン,水,物理,35,100,36,
035,コモップ,氷,180,むれのいちいん,,7,MV_215,ウォーターカッター,水,特殊,35,100,30,
035,コモップ,氷,180,むれのいちいん,,7,mvh_ice,トリプルアイスブレード,氷,物理,35,90,10,3発(発ごと命中)
035,コモップ,氷,180,むれのいちいん,,7,mvw_snow,スノーダンス,氷,変化,0,100,16,
035,コモップ,氷,180,むれのいちいん,,8,MVP_041,クリアストリームストライク,水,物理,40,100,30,
035,コモップ,氷,180,むれのいちいん,,8,MVP_121,ホワイトアイスストライク,氷,物理,40,100,30,
035,コモップ,氷,180,むれのいちいん,,8,MV_188,アイスブレード,氷,物理,40,100,33,
035,コモップ,氷,180,むれのいちいん,,9,MVP_042,ミラーウォーターブロー,水,物理,45,100,28,
035,コモップ,氷,180,むれのいちいん,,9,MVP_122,フリーズフィスト,氷,物理,45,100,28,
035,コモップ,氷,180,むれのいちいん,,9,MVP_123,フロストストライクブロー,氷,物理,45,100,28,
035,コモップ,氷,180,むれのいちいん,,9,MV_214,バブルバラージ,水,物理,45,100,33,
035,コモップ,氷,180,むれのいちいん,,9,mvn_028,スプラッシュ,水,特殊,45,100,26,
035,コモップ,氷,180,むれのいちいん,,10,MVP_043,サーフサウンドフィスト,水,物理,50,100,28,
035,コモップ,氷,180,むれのいちいん,,10,MVP_044,ドロップストライクパンチ,水,物理,50,100,26,
035,コモップ,氷,180,むれのいちいん,,10,MVP_124,アイスリングパンチ,氷,物理,50,100,26,
035,コモップ,氷,180,むれのいちいん,,10,MV_189,フロストショット,氷,物理,50,100,30,
035,コモップ,氷,180,むれのいちいん,,10,mvs_ep_ice,フリーズピーク,氷,変化,0,100,10,
035,コモップ,氷,180,むれのいちいん,,11,MV_190,アイスニードル,氷,物理,55,100,27,
035,コモップ,氷,180,むれのいちいん,,11,MV_211,フローズンブレード,氷,物理,55,95,26,
035,コモップ,氷,180,むれのいちいん,,11,MV_216,ウォーターブレード,水,物理,55,100,27,
035,コモップ,氷,180,むれのいちいん,,11,MV_221,ストリームコンボ,水,物理,55,100,27,
035,コモップ,氷,180,むれのいちいん,,12,MV_222,ミラーウォータースラッシュ,水,物理,60,100,24,
035,コモップ,氷,180,むれのいちいん,,12,MV_227,アクアジェット,水,物理,60,100,27,
035,コモップ,氷,180,むれのいちいん,,13,MVP_045,ウォーターリングスラスト,水,物理,65,100,21,
035,コモップ,氷,180,むれのいちいん,,13,MV_230,アクアファング,水,物理,65,100,24,
035,コモップ,氷,180,むれのいちいん,,14,MVP_046,スプラッシュフィスト,水,物理,70,100,18,
035,コモップ,氷,180,むれのいちいん,,14,MVP_047,ウォーターヴェインストライク,水,物理,70,100,15,
035,コモップ,氷,180,むれのいちいん,,15,MVP_048,アズールウェーブブロー,水,物理,75,90,11,
035,コモップ,氷,180,むれのいちいん,,15,MVP_049,ドロップレットパンチ,水,物理,75,90,11,
035,コモップ,氷,180,むれのいちいん,,16,MVP_050,アクアヴェールフィスト,水,物理,80,100,6,
035,コモップ,氷,180,むれのいちいん,,16,MVP_051,リップルストライク,水,物理,80,90,8,
036,ドンモップ,氷,280,もふもふのリーダー,,3,mvn_023,クリアストリーム,水,特殊,15,100,36,
036,ドンモップ,氷,280,もふもふのリーダー,,4,mvs_ice_atk_crit,グレイシャーファングスタンス,氷,変化,0,100,15,
036,ドンモップ,氷,280,もふもふのリーダー,,5,aqua_gun,アクアショット,水,特殊,25,100,36,
036,ドンモップ,氷,280,もふもふのリーダー,,5,mvh_water,タービュレントラッシュ,水,物理,25,95,15,2〜5発
036,ドンモップ,氷,280,もふもふのリーダー,,7,MV_187,アイスペブル,氷,物理,35,100,36,
036,ドンモップ,氷,280,もふもふのリーダー,,7,MV_212,ウォーターガン,水,物理,35,100,36,
036,ドンモップ,氷,280,もふもふのリーダー,,7,MV_215,ウォーターカッター,水,特殊,35,100,30,
036,ドンモップ,氷,280,もふもふのリーダー,,7,mvh_ice,トリプルアイスブレード,氷,物理,35,90,10,3発(発ごと命中)
036,ドンモップ,氷,280,もふもふのリーダー,,8,MVP_041,クリアストリームストライク,水,物理,40,100,30,
036,ドンモップ,氷,280,もふもふのリーダー,,8,MVP_121,ホワイトアイスストライク,氷,物理,40,100,30,
036,ドンモップ,氷,280,もふもふのリーダー,,8,MV_188,アイスブレード,氷,物理,40,100,33,
036,ドンモップ,氷,280,もふもふのリーダー,,9,MVP_042,ミラーウォーターブロー,水,物理,45,100,28,
036,ドンモップ,氷,280,もふもふのリーダー,,9,MVP_122,フリーズフィスト,氷,物理,45,100,28,
036,ドンモップ,氷,280,もふもふのリーダー,,9,MVP_123,フロストストライクブロー,氷,物理,45,100,28,
036,ドンモップ,氷,280,もふもふのリーダー,,9,MV_214,バブルバラージ,水,物理,45,100,33,
036,ドンモップ,氷,280,もふもふのリーダー,,9,mvn_028,スプラッシュ,水,特殊,45,100,26,
036,ドンモップ,氷,280,もふもふのリーダー,,10,MVP_043,サーフサウンドフィスト,水,物理,50,100,28,
036,ドンモップ,氷,280,もふもふのリーダー,,10,MVP_044,ドロップストライクパンチ,水,物理,50,100,26,
036,ドンモップ,氷,280,もふもふのリーダー,,10,MVP_124,アイスリングパンチ,氷,物理,50,100,26,
036,ドンモップ,氷,280,もふもふのリーダー,,10,MV_189,フロストショット,氷,物理,50,100,30,
036,ドンモップ,氷,280,もふもふのリーダー,,10,mvs_ep_ice,フリーズピーク,氷,変化,0,100,10,
036,ドンモップ,氷,280,もふもふのリーダー,,11,MV_190,アイスニードル,氷,物理,55,100,27,
036,ドンモップ,氷,280,もふもふのリーダー,,11,MV_216,ウォーターブレード,水,物理,55,100,27,
036,ドンモップ,氷,280,もふもふのリーダー,,11,MV_221,ストリームコンボ,水,物理,55,100,27,
036,ドンモップ,氷,280,もふもふのリーダー,,12,MV_222,ミラーウォータースラッシュ,水,物理,60,100,24,
036,ドンモップ,氷,280,もふもふのリーダー,,12,MV_227,アクアジェット,水,物理,60,100,27,
036,ドンモップ,氷,280,もふもふのリーダー,,13,MVP_045,ウォーターリングスラスト,水,物理,65,100,21,
036,ドンモップ,氷,280,もふもふのリーダー,,13,MV_230,アクアファング,水,物理,65,100,24,
036,ドンモップ,氷,280,もふもふのリーダー,,14,MVP_046,スプラッシュフィスト,水,物理,70,100,18,
036,ドンモップ,氷,280,もふもふのリーダー,,14,MVP_047,ウォーターヴェインストライク,水,物理,70,100,15,
036,ドンモップ,氷,280,もふもふのリーダー,,15,MVP_048,アズールウェーブブロー,水,物理,75,90,11,
036,ドンモップ,氷,280,もふもふのリーダー,,15,MVP_049,ドロップレットパンチ,水,物理,75,90,11,
036,ドンモップ,氷,280,もふもふのリーダー,,16,MVP_050,アクアヴェールフィスト,水,物理,80,100,6,
037,ヘルメッコ,水,265,あまぐも,,1,MV_161,ディスラプト,無,変化,0,100,15,
037,ヘルメッコ,水,265,あまぐも,,1,MV_162,インティミデート,無,変化,0,100,15,
037,ヘルメッコ,水,265,あまぐも,,1,MV_163,フォーカスパワー,無,変化,0,100,15,
037,ヘルメッコ,水,265,あまぐも,,1,MV_164,コンセントレート,無,変化,0,100,15,
037,ヘルメッコ,水,265,あまぐも,,1,MV_176,ボルトルアー,雷,変化,0,100,15,
037,ヘルメッコ,水,265,あまぐも,,1,MV_177,チャージアップ,雷,変化,0,100,15,
037,ヘルメッコ,水,265,あまぐも,,1,MV_178,マグネティックバリア,雷,変化,0,100,15,
037,ヘルメッコ,水,265,あまぐも,,1,MV_232,クリアストリームスタンス,水,変化,0,100,15,
037,ヘルメッコ,水,265,あまぐも,,3,mvn_045,クロッド,地,特殊,15,100,36,
037,ヘルメッコ,水,265,あまぐも,,4,MV_122,カースウィスパー,闇,変化,0,100,15,
037,ヘルメッコ,水,265,あまぐも,,4,MV_129,ネザーコール,闇,変化,0,100,15,
037,ヘルメッコ,水,265,あまぐも,,4,MV_280,サンドバインド,地,特殊,20,100,28,
037,ヘルメッコ,水,265,あまぐも,,4,mizutamari,パドル,水,変化,0,100,16,
037,ヘルメッコ,水,265,あまぐも,,4,mvs_water_def_accuracy,サーフェスガード,水,変化,0,100,15,
037,ヘルメッコ,水,265,あまぐも,,4,mvs_water_def_evasion,サーフェスヴェール,水,変化,0,100,15,
037,ヘルメッコ,水,265,あまぐも,,5,mvh_ground,ロックバラージブロー,地,物理,25,95,15,2〜5発
037,ヘルメッコ,水,265,あまぐも,,5,mvh_water,タービュレントラッシュ,水,物理,25,95,15,2〜5発
037,ヘルメッコ,水,265,あまぐも,,6,mvn_048,クラッシュソイル,地,特殊,30,100,30,
037,ヘルメッコ,水,265,あまぐも,,7,MV_212,ウォーターガン,水,物理,35,100,36,
037,ヘルメッコ,水,265,あまぐも,,7,MV_256,ストーンペブル,地,物理,35,100,36,
037,ヘルメッコ,水,265,あまぐも,,7,mvs_big_water,ラピッドストリームスタンス,水,変化,0,100,10,
037,ヘルメッコ,水,265,あまぐも,,7,mvw_rain,レインダンス,水,変化,0,100,16,
037,ヘルメッコ,水,265,あまぐも,,8,MVP_041,クリアストリームストライク,水,物理,40,100,30,
037,ヘルメッコ,水,265,あまぐも,,8,MVP_081,クロッドストライク,地,物理,40,100,30,
037,ヘルメッコ,水,265,あまぐも,,8,MV_260,ブラインドサンド,地,物理,40,100,32,
037,ヘルメッコ,水,265,あまぐも,,9,MVP_042,ミラーウォーターブロー,水,物理,45,100,28,
037,ヘルメッコ,水,265,あまぐも,,9,MV_214,バブルバラージ,水,物理,45,100,33,
037,ヘルメッコ,水,265,あまぐも,,9,MV_257,ロックバレット,地,物理,45,100,33,
037,ヘルメッコ,水,265,あまぐも,,9,MV_259,サンドスプレー,地,物理,45,100,30,
037,ヘルメッコ,水,265,あまぐも,,10,MVP_043,サーフサウンドフィスト,水,物理,50,100,28,
037,ヘルメッコ,水,265,あまぐも,,10,MVP_044,ドロップストライクパンチ,水,物理,50,100,26,
037,ヘルメッコ,水,265,あまぐも,,10,MVP_082,ベッドロックフィスト,地,物理,50,100,28,
037,ヘルメッコ,水,265,あまぐも,,10,MVP_083,レイラインブロー,地,物理,50,100,28,
037,ヘルメッコ,水,265,あまぐも,,10,mvs_ep_water,ディープウォーターピーク,水,変化,0,100,10,
037,ヘルメッコ,水,265,あまぐも,,11,MV_216,ウォーターブレード,水,物理,55,100,27,
037,ヘルメッコ,水,265,あまぐも,,11,MV_221,ストリームコンボ,水,物理,55,100,27,
037B,ゴルメッコ,水/地,295,あまぐも,,1,MV_161,ディスラプト,無,変化,0,100,15,
037B,ゴルメッコ,水/地,295,あまぐも,,1,MV_232,クリアストリームスタンス,水,変化,0,100,15,
037B,ゴルメッコ,水/地,295,あまぐも,,1,MV_273,サンドダストスタンス,地,変化,0,100,15,
037B,ゴルメッコ,水/地,295,あまぐも,,3,mvn_012,クリムゾン,炎,特殊,15,85,36,
037B,ゴルメッコ,水/地,295,あまぐも,,4,MV_122,カースウィスパー,闇,変化,0,100,15,
037B,ゴルメッコ,水/地,295,あまぐも,,4,MV_129,ネザーコール,闇,変化,0,100,15,
037B,ゴルメッコ,水/地,295,あまぐも,,4,MV_247,ファイアスフィア,炎,特殊,20,100,30,
037B,ゴルメッコ,水/地,295,あまぐも,,4,mizutamari,パドル,水,変化,0,100,16,
037B,ゴルメッコ,水/地,295,あまぐも,,4,mvs_ground_atk_accuracy,アースエイム,地,変化,0,100,15,
037B,ゴルメッコ,水/地,295,あまぐも,,4,mvs_ground_atk_def,アーススタンス,地,変化,0,100,15,
037B,ゴルメッコ,水/地,295,あまぐも,,4,mvs_water_def_accuracy,サーフェスガード,水,変化,0,100,15,
037B,ゴルメッコ,水/地,295,あまぐも,,4,mvs_water_def_evasion,サーフェスヴェール,水,変化,0,100,15,
037B,ゴルメッコ,水/地,295,あまぐも,,5,mvh_ground,ロックバラージブロー,地,物理,25,95,15,2〜5発
037B,ゴルメッコ,水/地,295,あまぐも,,5,mvh_water,タービュレントラッシュ,水,物理,25,95,15,2〜5発
037B,ゴルメッコ,水/地,295,あまぐも,,6,MV_234,ブレイズバレット,炎,特殊,30,95,30,
037B,ゴルメッコ,水/地,295,あまぐも,,7,MVP_021,クリムゾンストライク,炎,物理,35,100,30,
037B,ゴルメッコ,水/地,295,あまぐも,,7,MV_212,ウォーターガン,水,物理,35,100,36,
037B,ゴルメッコ,水/地,295,あまぐも,,7,MV_233,シンダー,炎,物理,35,95,32,
037B,ゴルメッコ,水/地,295,あまぐも,,7,MV_256,ストーンペブル,地,物理,35,100,36,
037B,ゴルメッコ,水/地,295,あまぐも,,7,mvs_big_water,ラピッドストリームスタンス,水,変化,0,100,10,
037B,ゴルメッコ,水/地,295,あまぐも,,7,mvw_rain,レインダンス,水,変化,0,100,16,
037B,ゴルメッコ,水/地,295,あまぐも,,7,mvw_sandstorm,サンドストーム,地,変化,0,100,16,
037B,ゴルメッコ,水/地,295,あまぐも,,8,MVP_022,スコーチフィスト,炎,物理,40,100,28,
037B,ゴルメッコ,水/地,295,あまぐも,,8,MVP_023,フォスファーブロー,炎,物理,40,100,28,
037B,ゴルメッコ,水/地,295,あまぐも,,8,MVP_041,クリアストリームストライク,水,物理,40,100,30,
037B,ゴルメッコ,水/地,295,あまぐも,,8,MVP_081,クロッドストライク,地,物理,40,100,30,
037B,ゴルメッコ,水/地,295,あまぐも,,8,MV_260,ブラインドサンド,地,物理,40,100,32,
037B,ゴルメッコ,水/地,295,あまぐも,,9,MVP_024,ロースパンチ,炎,物理,45,100,26,
037B,ゴルメッコ,水/地,295,あまぐも,,9,MVP_042,ミラーウォーターブロー,水,物理,45,100,28,
037B,ゴルメッコ,水/地,295,あまぐも,,9,MV_214,バブルバラージ,水,物理,45,100,33,
037B,ゴルメッコ,水/地,295,あまぐも,,9,MV_236,フレイムクロー,炎,物理,45,95,26,
037B,ゴルメッコ,水/地,295,あまぐも,,10,MV_246,フレイムファング,炎,物理,50,95,26,
037B,ゴルメッコ,水/地,295,あまぐも,,10,MV_250,フレイムスラスト,炎,物理,50,100,27,
037B,ゴルメッコ,水/地,295,あまぐも,,10,mvs_ep_ground,アースコアピーク,地,変化,0,100,10,
037B,ゴルメッコ,水/地,295,あまぐも,,10,mvs_ep_water,ディープウォーターピーク,水,変化,0,100,10,
038,シメナワ,地,220,ハブーブ,グライド,3,mvn_012,クリムゾン,炎,特殊,15,85,36,
038,シメナワ,地,220,ハブーブ,グライド,4,MV_247,ファイアスフィア,炎,特殊,20,100,30,
038,シメナワ,地,220,ハブーブ,グライド,4,mvs_ground_atk_accuracy,アースエイム,地,変化,0,100,15,
038,シメナワ,地,220,ハブーブ,グライド,5,mvh_ground,ロックバラージブロー,地,物理,25,95,15,2〜5発
038,シメナワ,地,220,ハブーブ,グライド,6,MV_234,ブレイズバレット,炎,特殊,30,95,30,
038,シメナワ,地,220,ハブーブ,グライド,7,MVP_021,クリムゾンストライク,炎,物理,35,100,30,
038,シメナワ,地,220,ハブーブ,グライド,7,MV_233,シンダー,炎,物理,35,95,32,
038,シメナワ,地,220,ハブーブ,グライド,7,MV_256,ストーンペブル,地,物理,35,100,36,
038,シメナワ,地,220,ハブーブ,グライド,8,MVP_022,スコーチフィスト,炎,物理,40,100,28,
038,シメナワ,地,220,ハブーブ,グライド,8,MVP_023,フォスファーブロー,炎,物理,40,100,28,
038,シメナワ,地,220,ハブーブ,グライド,8,MVP_081,クロッドストライク,地,物理,40,100,30,
038,シメナワ,地,220,ハブーブ,グライド,8,MV_255,ブレイズバラージ,炎,特殊,40,95,26,
038,シメナワ,地,220,ハブーブ,グライド,8,MV_260,ブラインドサンド,地,物理,40,100,32,
038,シメナワ,地,220,ハブーブ,グライド,9,MVP_024,ロースパンチ,炎,物理,45,100,26,
038,シメナワ,地,220,ハブーブ,グライド,9,MV_236,フレイムクロー,炎,物理,45,95,26,
038,シメナワ,地,220,ハブーブ,グライド,9,MV_257,ロックバレット,地,物理,45,100,33,
038,シメナワ,地,220,ハブーブ,グライド,9,MV_259,サンドスプレー,地,物理,45,100,30,
038,シメナワ,地,220,ハブーブ,グライド,10,MVP_082,ベッドロックフィスト,地,物理,50,100,28,
038,シメナワ,地,220,ハブーブ,グライド,10,MVP_083,レイラインブロー,地,物理,50,100,28,
038,シメナワ,地,220,ハブーブ,グライド,10,MV_246,フレイムファング,炎,物理,50,95,26,
038,シメナワ,地,220,ハブーブ,グライド,10,MV_250,フレイムスラスト,炎,物理,50,100,27,
038,シメナワ,地,220,ハブーブ,グライド,10,mvs_ep_ground,アースコアピーク,地,変化,0,100,10,
038,シメナワ,地,220,ハブーブ,グライド,11,MVP_084,クラッシュソイルパンチ,地,物理,55,100,26,
038,シメナワ,地,220,ハブーブ,グライド,11,MV_237,ブレイズスラッシュ,炎,物理,55,95,24,
038,シメナワ,地,220,ハブーブ,グライド,11,MV_245,フレイムホイール,炎,物理,55,95,24,
038,シメナワ,地,220,ハブーブ,グライド,11,MV_258,フィッシャースラスト,地,物理,55,100,27,
038,シメナワ,地,220,ハブーブ,グライド,12,MVP_025,シアリングスラスト,炎,物理,60,100,21,
038,シメナワ,地,220,ハブーブ,グライド,12,MV_253,ブレイジングパンチ,炎,物理,60,100,24,
038,シメナワ,地,220,ハブーブ,グライド,13,MV_238,ワイルドファイアフィスト,炎,物理,65,95,21,
038,シメナワ,地,220,ハブーブ,グライド,13,MV_252,シアリングスラッシュ,炎,物理,65,100,21,
038,シメナワ,地,220,ハブーブ,グライド,14,MVP_026,エンバーフィスト,炎,物理,70,100,18,
038,シメナワ,地,220,ハブーブ,グライド,14,MVP_027,フレイムストライク,炎,物理,70,100,15,
038,シメナワ,地,220,ハブーブ,グライド,15,MVP_028,フレイムアレイブロー,炎,物理,75,90,11,
038,シメナワ,地,220,ハブーブ,グライド,15,MVP_029,ヘルフレイムパンチ,炎,物理,75,90,11,
038,シメナワ,地,220,ハブーブ,グライド,16,MVP_030,フレイムスウォームスラスト,炎,物理,80,100,6,
038,シメナワ,地,220,ハブーブ,グライド,16,MVP_031,カーボナイズフィスト,炎,物理,80,90,8,
038B,オバケナワ,氷,230,ゆきすべり,グライド,3,mvn_023,クリアストリーム,水,特殊,15,100,36,
038B,オバケナワ,氷,230,ゆきすべり,グライド,4,mvs_ice_atk_crit,グレイシャーファングスタンス,氷,変化,0,100,15,
038B,オバケナワ,氷,230,ゆきすべり,グライド,5,aqua_gun,アクアショット,水,特殊,25,100,36,
038B,オバケナワ,氷,230,ゆきすべり,グライド,5,mvh_water,タービュレントラッシュ,水,物理,25,95,15,2〜5発
038B,オバケナワ,氷,230,ゆきすべり,グライド,7,MV_187,アイスペブル,氷,物理,35,100,36,
038B,オバケナワ,氷,230,ゆきすべり,グライド,7,MV_212,ウォーターガン,水,物理,35,100,36,
038B,オバケナワ,氷,230,ゆきすべり,グライド,7,MV_215,ウォーターカッター,水,特殊,35,100,30,
038B,オバケナワ,氷,230,ゆきすべり,グライド,7,mvh_ice,トリプルアイスブレード,氷,物理,35,90,10,3発(発ごと命中)
038B,オバケナワ,氷,230,ゆきすべり,グライド,8,MVP_041,クリアストリームストライク,水,物理,40,100,30,
038B,オバケナワ,氷,230,ゆきすべり,グライド,8,MVP_121,ホワイトアイスストライク,氷,物理,40,100,30,
038B,オバケナワ,氷,230,ゆきすべり,グライド,8,MV_188,アイスブレード,氷,物理,40,100,33,
038B,オバケナワ,氷,230,ゆきすべり,グライド,9,MVP_042,ミラーウォーターブロー,水,物理,45,100,28,
038B,オバケナワ,氷,230,ゆきすべり,グライド,9,MVP_122,フリーズフィスト,氷,物理,45,100,28,
038B,オバケナワ,氷,230,ゆきすべり,グライド,9,MVP_123,フロストストライクブロー,氷,物理,45,100,28,
038B,オバケナワ,氷,230,ゆきすべり,グライド,9,MV_214,バブルバラージ,水,物理,45,100,33,
038B,オバケナワ,氷,230,ゆきすべり,グライド,9,mvn_028,スプラッシュ,水,特殊,45,100,26,
038B,オバケナワ,氷,230,ゆきすべり,グライド,10,MVP_043,サーフサウンドフィスト,水,物理,50,100,28,
038B,オバケナワ,氷,230,ゆきすべり,グライド,10,MVP_044,ドロップストライクパンチ,水,物理,50,100,26,
038B,オバケナワ,氷,230,ゆきすべり,グライド,10,MVP_124,アイスリングパンチ,氷,物理,50,100,26,
038B,オバケナワ,氷,230,ゆきすべり,グライド,10,MV_189,フロストショット,氷,物理,50,100,30,
038B,オバケナワ,氷,230,ゆきすべり,グライド,10,mvs_ep_ice,フリーズピーク,氷,変化,0,100,10,
038B,オバケナワ,氷,230,ゆきすべり,グライド,11,MV_190,アイスニードル,氷,物理,55,100,27,
038B,オバケナワ,氷,230,ゆきすべり,グライド,11,MV_211,フローズンブレード,氷,物理,55,95,26,
038B,オバケナワ,氷,230,ゆきすべり,グライド,11,MV_216,ウォーターブレード,水,物理,55,100,27,
038B,オバケナワ,氷,230,ゆきすべり,グライド,11,MV_221,ストリームコンボ,水,物理,55,100,27,
038B,オバケナワ,氷,230,ゆきすべり,グライド,12,MV_222,ミラーウォータースラッシュ,水,物理,60,100,24,
038B,オバケナワ,氷,230,ゆきすべり,グライド,12,MV_227,アクアジェット,水,物理,60,100,27,
038B,オバケナワ,氷,230,ゆきすべり,グライド,13,MVP_045,ウォーターリングスラスト,水,物理,65,100,21,
038B,オバケナワ,氷,230,ゆきすべり,グライド,13,MV_230,アクアファング,水,物理,65,100,24,
038B,オバケナワ,氷,230,ゆきすべり,グライド,14,MVP_046,スプラッシュフィスト,水,物理,70,100,18,
038B,オバケナワ,氷,230,ゆきすべり,グライド,14,MVP_047,ウォーターヴェインストライク,水,物理,70,100,15,
038B,オバケナワ,氷,230,ゆきすべり,グライド,15,MVP_048,アズールウェーブブロー,水,物理,75,90,11,
038B,オバケナワ,氷,230,ゆきすべり,グライド,15,MVP_049,ドロップレットパンチ,水,物理,75,90,11,
038B,オバケナワ,氷,230,ゆきすべり,グライド,16,MVP_050,アクアヴェールフィスト,水,物理,80,100,6,
038B,オバケナワ,氷,230,ゆきすべり,グライド,16,MVP_051,リップルストライク,水,物理,80,90,8,
039,メリポップ,無,230,ハードアーマー,,3,mvn_078,ドラゴンファング,竜,特殊,15,100,36,
039,メリポップ,無,230,ハードアーマー,,4,mvs_neutral_atk_accuracy,マッチレスエイム,無,変化,0,100,15,
039,メリポップ,無,230,ハードアーマー,,6,MVP_001,ホワイトストライク,無,物理,30,100,30,
039,メリポップ,無,230,ハードアーマー,,6,MV_137,バックフィスト,無,物理,30,100,36,
039,メリポップ,無,230,ハードアーマー,,6,mvn_080,ドラゴンヴェインショット,竜,特殊,30,100,32,
039,メリポップ,無,230,ハードアーマー,,6,mvn_082,ドラゴンクロー,竜,特殊,30,100,28,
039,メリポップ,無,230,ハードアーマー,,7,MV_138,ダブルスラスト,無,物理,35,100,33,
039,メリポップ,無,230,ハードアーマー,,7,MV_139,テイルスイープ,無,物理,35,100,33,
039,メリポップ,無,230,ハードアーマー,,8,MV_140,ヘッドバット,無,物理,40,100,33,
039,メリポップ,無,230,ハードアーマー,,8,MV_141,スピンタックル,無,物理,40,100,33,
039,メリポップ,無,230,ハードアーマー,,9,MVP_141,ドラゴンファングストライク,竜,物理,45,100,30,
039,メリポップ,無,230,ハードアーマー,,9,MV_142,フライングキック,無,物理,45,100,33,
039,メリポップ,無,230,ハードアーマー,,9,MV_143,ブラントエッジ,無,物理,45,100,33,
039,メリポップ,無,230,ハードアーマー,,9,mvn_083,ドラゴンリング,竜,特殊,45,100,26,
039,メリポップ,無,230,ハードアーマー,,10,MVP_002,マッチレスブロー,無,物理,50,100,28,
039,メリポップ,無,230,ハードアーマー,,10,MVP_142,ドラゴンスケイルフィスト,竜,物理,50,100,28,
039,メリポップ,無,230,ハードアーマー,,10,MVP_143,ドラゴンヴェインブロー,竜,物理,50,100,28,
039,メリポップ,無,230,ハードアーマー,,10,MV_145,ラッシュスラスト,無,物理,50,100,33,
039,メリポップ,無,230,ハードアーマー,,10,mvs_ep_neutral,マッチレスピーク,無,変化,0,100,10,
039,メリポップ,無,230,ハードアーマー,,11,MVP_144,ドラゴンブレスパンチ,竜,物理,55,100,26,
039,メリポップ,無,230,ハードアーマー,,11,MV_116,ドラゴンファングスラスト,竜,物理,55,100,27,
039,メリポップ,無,230,ハードアーマー,,12,MVP_145,ドラゴンクロースラスト,竜,物理,60,100,21,
039,メリポップ,無,230,ハードアーマー,,12,MVP_146,ドラゴンリングフィスト,竜,物理,60,100,18,
039,メリポップ,無,230,ハードアーマー,,13,MVP_147,ドラゴンヴェールストライク,竜,物理,65,100,15,
039,メリポップ,無,230,ハードアーマー,,13,MV_112,ドラゴンクローコンボ,竜,物理,65,100,15,
039,メリポップ,無,230,ハードアーマー,,14,MVP_148,ドラゴンヴォイスブロー,竜,物理,70,90,11,
039,メリポップ,無,230,ハードアーマー,,14,MV_110,ツインドラゴンファング,竜,物理,70,95,13,
039,メリポップ,無,230,ハードアーマー,,15,MVP_149,ドラゴンピアスパンチ,竜,物理,75,90,11,
039,メリポップ,無,230,ハードアーマー,,15,MV_109,ドラゴンスケイルスラッシュ,竜,物理,75,100,9,
039,メリポップ,無,230,ハードアーマー,,16,MVP_150,ドラゴンフォスファーフィスト,竜,物理,80,100,6,
039,メリポップ,無,230,ハードアーマー,,16,MVP_151,ドラゴンハートストライク,竜,物理,80,90,8,
039B,メリコロネ,地,235,サンドバッグ,,1,MV_161,ディスラプト,無,変化,0,100,15,
039B,メリコロネ,地,235,サンドバッグ,,1,MV_162,インティミデート,無,変化,0,100,15,
039B,メリコロネ,地,235,サンドバッグ,,1,MV_163,フォーカスパワー,無,変化,0,100,15,
039B,メリコロネ,地,235,サンドバッグ,,1,MV_164,コンセントレート,無,変化,0,100,15,
039B,メリコロネ,地,235,サンドバッグ,,1,MV_176,ボルトルアー,雷,変化,0,100,15,
039B,メリコロネ,地,235,サンドバッグ,,1,MV_177,チャージアップ,雷,変化,0,100,15,
039B,メリコロネ,地,235,サンドバッグ,,1,MV_178,マグネティックバリア,雷,変化,0,100,15,
039B,メリコロネ,地,235,サンドバッグ,,1,MV_179,アクセラレート,雷,変化,0,100,15,
039B,メリコロネ,地,235,サンドバッグ,,1,MV_232,クリアストリームスタンス,水,変化,0,100,15,
039B,メリコロネ,地,235,サンドバッグ,,1,MV_273,サンドダストスタンス,地,変化,0,100,15,
039B,メリコロネ,地,235,サンドバッグ,,1,MV_299,ライフスタンス,草,変化,0,100,15,
039B,メリコロネ,地,235,サンドバッグ,,3,mvn_012,クリムゾン,炎,特殊,15,85,36,
039B,メリコロネ,地,235,サンドバッグ,,4,MV_122,カースウィスパー,闇,変化,0,100,15,
039B,メリコロネ,地,235,サンドバッグ,,4,MV_129,ネザーコール,闇,変化,0,100,15,
039B,メリコロネ,地,235,サンドバッグ,,4,MV_247,ファイアスフィア,炎,特殊,20,100,30,
039B,メリコロネ,地,235,サンドバッグ,,4,jiware,フィッシャー,地,変化,0,100,16,
039B,メリコロネ,地,235,サンドバッグ,,4,mvs_ground_atk_accuracy,アースエイム,地,変化,0,100,15,
039B,メリコロネ,地,235,サンドバッグ,,4,mvs_ground_atk_def,アーススタンス,地,変化,0,100,15,
039B,メリコロネ,地,235,サンドバッグ,,5,mvh_ground,ロックバラージブロー,地,物理,25,95,15,2〜5発
039B,メリコロネ,地,235,サンドバッグ,,6,MV_234,ブレイズバレット,炎,特殊,30,95,30,
039B,メリコロネ,地,235,サンドバッグ,,7,MVP_021,クリムゾンストライク,炎,物理,35,100,30,
039B,メリコロネ,地,235,サンドバッグ,,7,MV_233,シンダー,炎,物理,35,95,32,
039B,メリコロネ,地,235,サンドバッグ,,7,MV_256,ストーンペブル,地,物理,35,100,36,
039B,メリコロネ,地,235,サンドバッグ,,7,mvw_sandstorm,サンドストーム,地,変化,0,100,16,
039B,メリコロネ,地,235,サンドバッグ,,8,MVP_022,スコーチフィスト,炎,物理,40,100,28,
039B,メリコロネ,地,235,サンドバッグ,,8,MVP_023,フォスファーブロー,炎,物理,40,100,28,
039B,メリコロネ,地,235,サンドバッグ,,8,MVP_081,クロッドストライク,地,物理,40,100,30,
039B,メリコロネ,地,235,サンドバッグ,,8,MV_260,ブラインドサンド,地,物理,40,100,32,
039B,メリコロネ,地,235,サンドバッグ,,9,MVP_024,ロースパンチ,炎,物理,45,100,26,
039B,メリコロネ,地,235,サンドバッグ,,9,MV_236,フレイムクロー,炎,物理,45,95,26,
039B,メリコロネ,地,235,サンドバッグ,,9,MV_257,ロックバレット,地,物理,45,100,33,
039B,メリコロネ,地,235,サンドバッグ,,9,MV_259,サンドスプレー,地,物理,45,100,30,
039B,メリコロネ,地,235,サンドバッグ,,10,MVP_082,ベッドロックフィスト,地,物理,50,100,28,
039B,メリコロネ,地,235,サンドバッグ,,10,MVP_083,レイラインブロー,地,物理,50,100,28,
039B,メリコロネ,地,235,サンドバッグ,,10,MV_246,フレイムファング,炎,物理,50,95,26,
039B,メリコロネ,地,235,サンドバッグ,,10,MV_250,フレイムスラスト,炎,物理,50,100,27,
039B,メリコロネ,地,235,サンドバッグ,,10,mvs_ep_ground,アースコアピーク,地,変化,0,100,10,
039B,メリコロネ,地,235,サンドバッグ,,11,MVP_084,クラッシュソイルパンチ,地,物理,55,100,26,
040,ミルカルビ,無,220,きょうしんぞう,,1,MV_161,ディスラプト,無,変化,0,100,15,
040,ミルカルビ,無,220,きょうしんぞう,,1,MV_162,インティミデート,無,変化,0,100,15,
040,ミルカルビ,無,220,きょうしんぞう,,1,MV_163,フォーカスパワー,無,変化,0,100,15,
040,ミルカルビ,無,220,きょうしんぞう,,1,MV_164,コンセントレート,無,変化,0,100,15,
040,ミルカルビ,無,220,きょうしんぞう,,1,MV_176,ボルトルアー,雷,変化,0,100,15,
040,ミルカルビ,無,220,きょうしんぞう,,1,MV_177,チャージアップ,雷,変化,0,100,15,
040,ミルカルビ,無,220,きょうしんぞう,,1,MV_178,マグネティックバリア,雷,変化,0,100,15,
040,ミルカルビ,無,220,きょうしんぞう,,1,MV_179,アクセラレート,雷,変化,0,100,15,
040,ミルカルビ,無,220,きょうしんぞう,,1,MV_232,クリアストリームスタンス,水,変化,0,100,15,
040,ミルカルビ,無,220,きょうしんぞう,,1,MV_273,サンドダストスタンス,地,変化,0,100,15,
040,ミルカルビ,無,220,きょうしんぞう,,1,MV_299,ライフスタンス,草,変化,0,100,15,
040,ミルカルビ,無,220,きょうしんぞう,,1,MV_300,リーフハイドスタンス,草,変化,0,100,15,
040,ミルカルビ,無,220,きょうしんぞう,,3,mvn_078,ドラゴンファング,竜,特殊,15,100,36,
040,ミルカルビ,無,220,きょうしんぞう,,4,MV_122,カースウィスパー,闇,変化,0,100,15,
040,ミルカルビ,無,220,きょうしんぞう,,4,MV_129,ネザーコール,闇,変化,0,100,15,
040,ミルカルビ,無,220,きょうしんぞう,,4,bloom_garden,ブルームガーデン,草,変化,0,100,16,
040,ミルカルビ,無,220,きょうしんぞう,,4,mvs_dark_accuracy_evasion,ダークナイトアイ,闇,変化,0,100,15,
040,ミルカルビ,無,220,きょうしんぞう,,4,mvs_dark_def_crit,ダークナイトアーマー,闇,変化,0,100,15,
040,ミルカルビ,無,220,きょうしんぞう,,4,mvs_dragon_def_accuracy,ドラゴンオーラガード,竜,変化,0,100,15,
040,ミルカルビ,無,220,きょうしんぞう,,4,mvs_neutral_atk_accuracy,マッチレスエイム,無,変化,0,100,15,
040,ミルカルビ,無,220,きょうしんぞう,,4,mvs_neutral_atk_def,マッチレスガード,無,変化,0,100,15,
040,ミルカルビ,無,220,きょうしんぞう,,6,MVP_001,ホワイトストライク,無,物理,30,100,30,
040,ミルカルビ,無,220,きょうしんぞう,,6,MV_137,バックフィスト,無,物理,30,100,36,
040,ミルカルビ,無,220,きょうしんぞう,,6,mvn_080,ドラゴンヴェインショット,竜,特殊,30,100,32,
040,ミルカルビ,無,220,きょうしんぞう,,6,mvn_082,ドラゴンクロー,竜,特殊,30,100,28,
040,ミルカルビ,無,220,きょうしんぞう,,7,MV_138,ダブルスラスト,無,物理,35,100,33,
040,ミルカルビ,無,220,きょうしんぞう,,7,MV_139,テイルスイープ,無,物理,35,100,33,
040,ミルカルビ,無,220,きょうしんぞう,,7,mvs_big_neutral,リックレススタンス,無,変化,0,100,10,
040,ミルカルビ,無,220,きょうしんぞう,,7,mvs_big_water,ラピッドストリームスタンス,水,変化,0,100,10,
040,ミルカルビ,無,220,きょうしんぞう,,8,MV_140,ヘッドバット,無,物理,40,100,33,
040,ミルカルビ,無,220,きょうしんぞう,,8,MV_141,スピンタックル,無,物理,40,100,33,
040,ミルカルビ,無,220,きょうしんぞう,,9,MVP_141,ドラゴンファングストライク,竜,物理,45,100,30,
040,ミルカルビ,無,220,きょうしんぞう,,9,MV_142,フライングキック,無,物理,45,100,33,
040,ミルカルビ,無,220,きょうしんぞう,,9,MV_143,ブラントエッジ,無,物理,45,100,33,
040,ミルカルビ,無,220,きょうしんぞう,,10,MVP_002,マッチレスブロー,無,物理,50,100,28,
040,ミルカルビ,無,220,きょうしんぞう,,10,MVP_142,ドラゴンスケイルフィスト,竜,物理,50,100,28,
040,ミルカルビ,無,220,きょうしんぞう,,10,MVP_143,ドラゴンヴェインブロー,竜,物理,50,100,28,
040,ミルカルビ,無,220,きょうしんぞう,,10,MV_145,ラッシュスラスト,無,物理,50,100,33,
040,ミルカルビ,無,220,きょうしんぞう,,10,mvs_ep_neutral,マッチレスピーク,無,変化,0,100,10,
041,アズレーン,水/闇,310,あまぐも,潜航,3,air_cannon,エアーキャノン,無,特殊,15,100,42,
041,アズレーン,水/闇,310,あまぐも,潜航,3,mvn_045,クロッド,地,特殊,15,100,36,
041,アズレーン,水/闇,310,あまぐも,潜航,3,mvn_067,ホワイトアイス,氷,特殊,15,85,36,
041,アズレーン,水/闇,310,あまぐも,潜航,4,MV_122,カースウィスパー,闇,変化,0,100,15,
041,アズレーン,水/闇,310,あまぐも,潜航,4,MV_129,ネザーコール,闇,変化,0,100,15,
041,アズレーン,水/闇,310,あまぐも,潜航,4,MV_280,サンドバインド,地,特殊,20,100,28,
041,アズレーン,水/闇,310,あまぐも,潜航,5,MV_160,クリティカルエイム,無,特殊,25,100,28,
041,アズレーン,水/闇,310,あまぐも,潜航,5,mvh_dark,シャドウバラージ,闇,物理,25,95,15,2〜5発
041,アズレーン,水/闇,310,あまぐも,潜航,5,mvh_ground,ロックバラージブロー,地,物理,25,95,15,2〜5発
041,アズレーン,水/闇,310,あまぐも,潜航,5,mvh_water,タービュレントラッシュ,水,物理,25,95,15,2〜5発
041,アズレーン,水/闇,310,あまぐも,潜航,6,MVP_001,ホワイトストライク,無,物理,30,100,30,
041,アズレーン,水/闇,310,あまぐも,潜航,6,MV_137,バックフィスト,無,物理,30,100,36,
041,アズレーン,水/闇,310,あまぐも,潜航,7,MV_121,シャドウピアス,闇,物理,35,100,34,
041,アズレーン,水/闇,310,あまぐも,潜航,7,MV_123,ダスクブレード,闇,物理,35,100,32,
041,アズレーン,水/闇,310,あまぐも,潜航,7,MV_138,ダブルスラスト,無,物理,35,100,33,
041,アズレーン,水/闇,310,あまぐも,潜航,7,MV_139,テイルスイープ,無,物理,35,100,33,
041,アズレーン,水/闇,310,あまぐも,潜航,7,MV_187,アイスペブル,氷,物理,35,100,36,
041,アズレーン,水/闇,310,あまぐも,潜航,7,MV_212,ウォーターガン,水,物理,35,100,36,
041,アズレーン,水/闇,310,あまぐも,潜航,7,MV_256,ストーンペブル,地,物理,35,100,36,
041,アズレーン,水/闇,310,あまぐも,潜航,7,mvh_ice,トリプルアイスブレード,氷,物理,35,90,10,3発(発ごと命中)
041,アズレーン,水/闇,310,あまぐも,潜航,8,MVP_041,クリアストリームストライク,水,物理,40,100,30,
041,アズレーン,水/闇,310,あまぐも,潜航,8,MVP_081,クロッドストライク,地,物理,40,100,30,
041,アズレーン,水/闇,310,あまぐも,潜航,8,MVP_121,ホワイトアイスストライク,氷,物理,40,100,30,
041,アズレーン,水/闇,310,あまぐも,潜航,8,MV_124,シャドウステッチ,闇,物理,40,100,32,
041,アズレーン,水/闇,310,あまぐも,潜航,8,MV_125,ダークウェッジ,闇,物理,40,100,32,
041,アズレーン,水/闇,310,あまぐも,潜航,8,MV_140,ヘッドバット,無,物理,40,100,33,
041,アズレーン,水/闇,310,あまぐも,潜航,8,MV_141,スピンタックル,無,物理,40,100,33,
041,アズレーン,水/闇,310,あまぐも,潜航,8,MV_188,アイスブレード,氷,物理,40,100,33,
041,アズレーン,水/闇,310,あまぐも,潜航,8,MV_260,ブラインドサンド,地,物理,40,100,32,
041,アズレーン,水/闇,310,あまぐも,潜航,9,MVP_042,ミラーウォーターブロー,水,物理,45,100,28,
041,アズレーン,水/闇,310,あまぐも,潜航,9,MVP_122,フリーズフィスト,氷,物理,45,100,28,
041,アズレーン,水/闇,310,あまぐも,潜航,9,MVP_123,フロストストライクブロー,氷,物理,45,100,28,
041,アズレーン,水/闇,310,あまぐも,潜航,9,MV_142,フライングキック,無,物理,45,100,33,
041B,アズルーナ,氷/闇,325,たまゆき,潜航,3,air_cannon,エアーキャノン,無,特殊,15,100,42,
041B,アズルーナ,氷/闇,325,たまゆき,潜航,3,mvn_023,クリアストリーム,水,特殊,15,100,36,
041B,アズルーナ,氷/闇,325,たまゆき,潜航,5,MV_160,クリティカルエイム,無,特殊,25,100,28,
041B,アズルーナ,氷/闇,325,たまゆき,潜航,5,aqua_gun,アクアショット,水,特殊,25,100,36,
041B,アズルーナ,氷/闇,325,たまゆき,潜航,5,mvh_dark,シャドウバラージ,闇,物理,25,95,15,2〜5発
041B,アズルーナ,氷/闇,325,たまゆき,潜航,5,mvh_water,タービュレントラッシュ,水,物理,25,95,15,2〜5発
041B,アズルーナ,氷/闇,325,たまゆき,潜航,6,MVP_001,ホワイトストライク,無,物理,30,100,30,
041B,アズルーナ,氷/闇,325,たまゆき,潜航,6,MV_137,バックフィスト,無,物理,30,100,36,
041B,アズルーナ,氷/闇,325,たまゆき,潜航,6,mvn_003,ヴォイドエコー,無,特殊,30,90,32,
041B,アズルーナ,氷/闇,325,たまゆき,潜航,6,mvn_004,ベアストライク,無,特殊,30,90,30,
041B,アズルーナ,氷/闇,325,たまゆき,潜航,7,MV_121,シャドウピアス,闇,物理,35,100,34,
041B,アズルーナ,氷/闇,325,たまゆき,潜航,7,MV_123,ダスクブレード,闇,物理,35,100,32,
041B,アズルーナ,氷/闇,325,たまゆき,潜航,7,MV_138,ダブルスラスト,無,物理,35,100,33,
041B,アズルーナ,氷/闇,325,たまゆき,潜航,7,MV_139,テイルスイープ,無,物理,35,100,33,
041B,アズルーナ,氷/闇,325,たまゆき,潜航,7,MV_187,アイスペブル,氷,物理,35,100,36,
041B,アズルーナ,氷/闇,325,たまゆき,潜航,7,MV_212,ウォーターガン,水,物理,35,100,36,
041B,アズルーナ,氷/闇,325,たまゆき,潜航,7,mvh_ice,トリプルアイスブレード,氷,物理,35,90,10,3発(発ごと命中)
041B,アズルーナ,氷/闇,325,たまゆき,潜航,7,mvw_fog,フォグヴェール,闇,変化,0,100,16,
041B,アズルーナ,氷/闇,325,たまゆき,潜航,8,MVP_041,クリアストリームストライク,水,物理,40,100,30,
041B,アズルーナ,氷/闇,325,たまゆき,潜航,8,MVP_121,ホワイトアイスストライク,氷,物理,40,100,30,
041B,アズルーナ,氷/闇,325,たまゆき,潜航,8,MV_124,シャドウステッチ,闇,物理,40,100,32,
041B,アズルーナ,氷/闇,325,たまゆき,潜航,8,MV_125,ダークウェッジ,闇,物理,40,100,32,
041B,アズルーナ,氷/闇,325,たまゆき,潜航,8,MV_140,ヘッドバット,無,物理,40,100,33,
041B,アズルーナ,氷/闇,325,たまゆき,潜航,8,MV_141,スピンタックル,無,物理,40,100,33,
041B,アズルーナ,氷/闇,325,たまゆき,潜航,8,MV_188,アイスブレード,氷,物理,40,100,33,
041B,アズルーナ,氷/闇,325,たまゆき,潜航,9,MVP_042,ミラーウォーターブロー,水,物理,45,100,28,
041B,アズルーナ,氷/闇,325,たまゆき,潜航,9,MV_142,フライングキック,無,物理,45,100,33,
041B,アズルーナ,氷/闇,325,たまゆき,潜航,9,MV_143,ブラントエッジ,無,物理,45,100,33,
041B,アズルーナ,氷/闇,325,たまゆき,潜航,9,MV_214,バブルバラージ,水,物理,45,100,33,
041B,アズルーナ,氷/闇,325,たまゆき,潜航,10,MVP_002,マッチレスブロー,無,物理,50,100,28,
041B,アズルーナ,氷/闇,325,たまゆき,潜航,10,MVP_043,サーフサウンドフィスト,水,物理,50,100,28,
041B,アズルーナ,氷/闇,325,たまゆき,潜航,10,MVP_044,ドロップストライクパンチ,水,物理,50,100,26,
041B,アズルーナ,氷/闇,325,たまゆき,潜航,10,MV_145,ラッシュスラスト,無,物理,50,100,33,
042,ボルトラ,雷,205,けいかいかん,,1,MV_178,マグネティックバリア,雷,変化,0,100,15,
042,ボルトラ,雷,205,けいかいかん,,1,MV_179,アクセラレート,雷,変化,0,100,15,
042,ボルトラ,雷,205,けいかいかん,,3,mvn_056,グリーンリーフ,草,特殊,15,100,36,
042,ボルトラ,雷,205,けいかいかん,,5,MV_285,グラスノット,草,特殊,25,100,28,
042,ボルトラ,雷,205,けいかいかん,,5,mvn_060,グラスリング,草,特殊,25,100,28,
042,ボルトラ,雷,205,けいかいかん,,6,mvn_059,フレッシュリーフ,草,特殊,30,100,30,
042,ボルトラ,雷,205,けいかいかん,,7,MV_281,リーフブレード,草,物理,35,100,36,
042,ボルトラ,雷,205,けいかいかん,,7,mvh_electric,トリプルボルトストライク,雷,物理,35,90,10,3発(発ごと命中)
042,ボルトラ,雷,205,けいかいかん,,8,MVP_061,バイオレットボルトストライク,雷,物理,40,100,30,
042,ボルトラ,雷,205,けいかいかん,,8,MVP_062,サンダーロアフィスト,雷,物理,40,100,28,
042,ボルトラ,雷,205,けいかいかん,,8,MVP_101,グリーンリーフストライク,草,物理,40,100,30,
042,ボルトラ,雷,205,けいかいかん,,8,MV_282,シードショット,草,物理,40,100,33,
042,ボルトラ,雷,205,けいかいかん,,9,MVP_063,フラッシュボルトブロー,雷,物理,45,100,28,
042,ボルトラ,雷,205,けいかいかん,,9,MVP_102,アイビーストライクフィスト,草,物理,45,100,28,
042,ボルトラ,雷,205,けいかいかん,,9,MV_168,スパークボルト,雷,物理,45,95,28,
042,ボルトラ,雷,205,けいかいかん,,9,MV_283,ヴァインウィップ,草,物理,45,100,33,
042,ボルトラ,雷,205,けいかいかん,,9,mvn_061,ヴァーダントリーフ,草,特殊,45,100,26,
042,ボルトラ,雷,205,けいかいかん,,9,spine_vine,スパインヴァイン,草,特殊,45,100,21,
042,ボルトラ,雷,205,けいかいかん,,10,MVP_064,ボルトチャージパンチ,雷,物理,50,100,26,
042,ボルトラ,雷,205,けいかいかん,,10,MVP_103,リーフヴェインブロー,草,物理,50,100,28,
042,ボルトラ,雷,205,けいかいかん,,10,MVP_104,フレッシュリーフパンチ,草,物理,50,100,26,
042,ボルトラ,雷,205,けいかいかん,,10,MV_182,ショックスティング,雷,物理,50,100,30,
042,ボルトラ,雷,205,けいかいかん,,11,MV_183,ライトニングスラスト,雷,物理,55,100,27,
042,ボルトラ,雷,205,けいかいかん,,11,MV_287,アイビーバインド,草,物理,55,100,27,
042,ボルトラ,雷,205,けいかいかん,,11,MV_288,ソーンウィップ,草,物理,55,100,24,
042,ボルトラ,雷,205,けいかいかん,,12,MVP_065,スイフトボルトスラスト,雷,物理,60,100,21,
042,ボルトラ,雷,205,けいかいかん,,12,MVP_105,グラスリングスラスト,草,物理,60,100,21,
042,ボルトラ,雷,205,けいかいかん,,12,MV_170,ディスチャージ,雷,物理,60,95,24,
042,ボルトラ,雷,205,けいかいかん,,12,MV_296,ブライアウィップ,草,物理,60,100,21,
042,ボルトラ,雷,205,けいかいかん,,13,MVP_106,ヴァーダントリーフフィスト,草,物理,65,100,18,
042,ボルトラ,雷,205,けいかいかん,,13,MVP_107,リーフスウォームストライク,草,物理,65,100,15,
042,ボルトラ,雷,205,けいかいかん,,14,MV_289,パワーウィップ,草,物理,70,100,12,
042,ボルトラ,雷,205,けいかいかん,,14,MV_297,ティンバーストライク,草,物理,70,100,15,
042,ボルトラ,雷,205,けいかいかん,,15,MVP_108,グラスヴェールブロー,草,物理,75,90,11,
042,ボルトラ,雷,205,けいかいかん,,15,MVP_109,ヴァインブローパンチ,草,物理,75,90,11,
042,ボルトラ,雷,205,けいかいかん,,16,MVP_110,グリーンアレイフィスト,草,物理,80,100,6,
042,ボルトラ,雷,205,けいかいかん,,16,MVP_111,リーフハイドストライク,草,物理,80,90,8,
043,ケルピス,水,210,こうふん,,1,MV_232,クリアストリームスタンス,水,変化,0,100,15,
043,ケルピス,水,210,こうふん,,3,mvn_045,クロッド,地,特殊,15,100,36,
043,ケルピス,水,210,こうふん,,4,MV_280,サンドバインド,地,特殊,20,100,28,
043,ケルピス,水,210,こうふん,,5,mvh_ground,ロックバラージブロー,地,物理,25,95,15,2〜5発
043,ケルピス,水,210,こうふん,,5,mvh_water,タービュレントラッシュ,水,物理,25,95,15,2〜5発
043,ケルピス,水,210,こうふん,,6,mvn_048,クラッシュソイル,地,特殊,30,100,30,
043,ケルピス,水,210,こうふん,,7,MV_212,ウォーターガン,水,物理,35,100,36,
043,ケルピス,水,210,こうふん,,7,MV_256,ストーンペブル,地,物理,35,100,36,
043,ケルピス,水,210,こうふん,,7,mvw_rain,レインダンス,水,変化,0,100,16,
043,ケルピス,水,210,こうふん,,8,MVP_041,クリアストリームストライク,水,物理,40,100,30,
043,ケルピス,水,210,こうふん,,8,MVP_081,クロッドストライク,地,物理,40,100,30,
043,ケルピス,水,210,こうふん,,8,MV_260,ブラインドサンド,地,物理,40,100,32,
043,ケルピス,水,210,こうふん,,8,mvn_049,アースヴェール,地,特殊,40,100,28,
043,ケルピス,水,210,こうふん,,9,MVP_042,ミラーウォーターブロー,水,物理,45,100,28,
043,ケルピス,水,210,こうふん,,9,MV_214,バブルバラージ,水,物理,45,100,33,
043,ケルピス,水,210,こうふん,,9,MV_257,ロックバレット,地,物理,45,100,33,
043,ケルピス,水,210,こうふん,,9,MV_259,サンドスプレー,地,物理,45,100,30,
043,ケルピス,水,210,こうふん,,10,MVP_043,サーフサウンドフィスト,水,物理,50,100,28,
043,ケルピス,水,210,こうふん,,10,MVP_044,ドロップストライクパンチ,水,物理,50,100,26,
043,ケルピス,水,210,こうふん,,10,MVP_082,ベッドロックフィスト,地,物理,50,100,28,
043,ケルピス,水,210,こうふん,,10,MVP_083,レイラインブロー,地,物理,50,100,28,
043,ケルピス,水,210,こうふん,,11,MVP_084,クラッシュソイルパンチ,地,物理,55,100,26,
043,ケルピス,水,210,こうふん,,11,MV_216,ウォーターブレード,水,物理,55,100,27,
043,ケルピス,水,210,こうふん,,11,MV_221,ストリームコンボ,水,物理,55,100,27,
043,ケルピス,水,210,こうふん,,11,MV_258,フィッシャースラスト,地,物理,55,100,27,
043,ケルピス,水,210,こうふん,,12,MVP_085,アースヴェールスラスト,地,物理,60,100,21,
043,ケルピス,水,210,こうふん,,12,MV_222,ミラーウォータースラッシュ,水,物理,60,100,24,
043,ケルピス,水,210,こうふん,,12,MV_272,シャープロックスラスト,地,物理,60,100,24,
043,ケルピス,水,210,こうふん,,13,MVP_086,ロックシャードフィスト,地,物理,65,100,18,
043,ケルピス,水,210,こうふん,,13,MV_263,ロックスマッシュ,地,物理,65,100,18,
043,ケルピス,水,210,こうふん,,14,MVP_087,アースウォールストライク,地,物理,70,100,15,
043,ケルピス,水,210,こうふん,,14,MV_274,ベッドロックブレイク,地,物理,70,100,12,
043,ケルピス,水,210,こうふん,,15,MVP_088,ハードグラウンドブロー,地,物理,75,90,11,
043,ケルピス,水,210,こうふん,,15,MVP_089,ペブルブローパンチ,地,物理,75,90,11,
043,ケルピス,水,210,こうふん,,16,MVP_090,アースリングフィスト,地,物理,80,100,6,
043,ケルピス,水,210,こうふん,,16,MVP_091,ソリッドソイルストライク,地,物理,80,90,8,
043B,マグピス,炎,210,こうふん,放熱器官,3,mvn_034,バイオレットボルト,雷,特殊,15,85,36,
043B,マグピス,炎,210,こうふん,放熱器官,4,mvs_fire_atk_crit,フレイムファングスタンス,炎,変化,0,100,15,
043B,マグピス,炎,210,こうふん,放熱器官,5,MV_185,ボルトライトバレット,雷,特殊,25,100,33,
043B,マグピス,炎,210,こうふん,放熱器官,6,shockwave,ショックウェーブ,雷,特殊,30,100,36,
043B,マグピス,炎,210,こうふん,放熱器官,7,MVP_021,クリムゾンストライク,炎,物理,35,100,30,
043B,マグピス,炎,210,こうふん,放熱器官,7,MV_233,シンダー,炎,物理,35,95,32,
043B,マグピス,炎,210,こうふん,放熱器官,7,mvh_electric,トリプルボルトストライク,雷,物理,35,90,10,3発(発ごと命中)
043B,マグピス,炎,210,こうふん,放熱器官,8,MVP_022,スコーチフィスト,炎,物理,40,100,28,
043B,マグピス,炎,210,こうふん,放熱器官,8,MVP_023,フォスファーブロー,炎,物理,40,100,28,
043B,マグピス,炎,210,こうふん,放熱器官,8,MVP_061,バイオレットボルトストライク,雷,物理,40,100,30,
043B,マグピス,炎,210,こうふん,放熱器官,8,MVP_062,サンダーロアフィスト,雷,物理,40,100,28,
043B,マグピス,炎,210,こうふん,放熱器官,8,lock_on_laser,ロックオンレーザー,雷,特殊,40,100,30,
043B,マグピス,炎,210,こうふん,放熱器官,9,MVP_024,ロースパンチ,炎,物理,45,100,26,
043B,マグピス,炎,210,こうふん,放熱器官,9,MVP_063,フラッシュボルトブロー,雷,物理,45,100,28,
043B,マグピス,炎,210,こうふん,放熱器官,9,MV_168,スパークボルト,雷,物理,45,95,28,
043B,マグピス,炎,210,こうふん,放熱器官,9,MV_236,フレイムクロー,炎,物理,45,95,26,
043B,マグピス,炎,210,こうふん,放熱器官,9,mvn_040,ボルトトレイル,雷,特殊,45,100,24,
043B,マグピス,炎,210,こうふん,放熱器官,10,MVP_064,ボルトチャージパンチ,雷,物理,50,100,26,
043B,マグピス,炎,210,こうふん,放熱器官,10,MV_182,ショックスティング,雷,物理,50,100,30,
043B,マグピス,炎,210,こうふん,放熱器官,10,MV_246,フレイムファング,炎,物理,50,95,26,
043B,マグピス,炎,210,こうふん,放熱器官,10,MV_250,フレイムスラスト,炎,物理,50,100,27,
043B,マグピス,炎,210,こうふん,放熱器官,10,mvs_ep_fire,ヘルファイアピーク,炎,変化,0,100,10,
043B,マグピス,炎,210,こうふん,放熱器官,11,MV_183,ライトニングスラスト,雷,物理,55,100,27,
043B,マグピス,炎,210,こうふん,放熱器官,11,MV_237,ブレイズスラッシュ,炎,物理,55,95,24,
043B,マグピス,炎,210,こうふん,放熱器官,11,MV_245,フレイムホイール,炎,物理,55,95,24,
043B,マグピス,炎,210,こうふん,放熱器官,12,MVP_065,スイフトボルトスラスト,雷,物理,60,100,21,
043B,マグピス,炎,210,こうふん,放熱器官,12,MV_170,ディスチャージ,雷,物理,60,95,24,
043B,マグピス,炎,210,こうふん,放熱器官,13,MVP_066,ボルトリングフィスト,雷,物理,65,100,18,
043B,マグピス,炎,210,こうふん,放熱器官,14,MVP_067,ボルトトレイルストライク,雷,物理,70,100,15,
043B,マグピス,炎,210,こうふん,放熱器官,15,MVP_068,スタティックブロー,雷,物理,75,90,11,
043B,マグピス,炎,210,こうふん,放熱器官,15,MVP_069,ボルトコアパンチ,雷,物理,75,90,11,
043B,マグピス,炎,210,こうふん,放熱器官,16,MVP_070,ボルトフラッシュスラスト,雷,物理,80,100,6,
043B,マグピス,炎,210,こうふん,放熱器官,16,MVP_071,ボルトグレインフィスト,雷,物理,80,90,8,
044,ヒメウサ,無,210,こうふん,,3,mvn_078,ドラゴンファング,竜,特殊,15,100,36,
044,ヒメウサ,無,210,こうふん,,4,mvs_neutral_atk_accuracy,マッチレスエイム,無,変化,0,100,15,
044,ヒメウサ,無,210,こうふん,,6,MVP_001,ホワイトストライク,無,物理,30,100,30,
044,ヒメウサ,無,210,こうふん,,6,MV_137,バックフィスト,無,物理,30,100,36,
044,ヒメウサ,無,210,こうふん,,6,mvn_080,ドラゴンヴェインショット,竜,特殊,30,100,32,
044,ヒメウサ,無,210,こうふん,,6,mvn_082,ドラゴンクロー,竜,特殊,30,100,28,
044,ヒメウサ,無,210,こうふん,,7,MV_138,ダブルスラスト,無,物理,35,100,33,
044,ヒメウサ,無,210,こうふん,,7,MV_139,テイルスイープ,無,物理,35,100,33,
044,ヒメウサ,無,210,こうふん,,8,MV_140,ヘッドバット,無,物理,40,100,33,
044,ヒメウサ,無,210,こうふん,,8,MV_141,スピンタックル,無,物理,40,100,33,
044,ヒメウサ,無,210,こうふん,,9,MVP_141,ドラゴンファングストライク,竜,物理,45,100,30,
044,ヒメウサ,無,210,こうふん,,9,MV_142,フライングキック,無,物理,45,100,33,
044,ヒメウサ,無,210,こうふん,,9,MV_143,ブラントエッジ,無,物理,45,100,33,
044,ヒメウサ,無,210,こうふん,,9,mvn_083,ドラゴンリング,竜,特殊,45,100,26,
044,ヒメウサ,無,210,こうふん,,10,MVP_002,マッチレスブロー,無,物理,50,100,28,
044,ヒメウサ,無,210,こうふん,,10,MVP_142,ドラゴンスケイルフィスト,竜,物理,50,100,28,
044,ヒメウサ,無,210,こうふん,,10,MVP_143,ドラゴンヴェインブロー,竜,物理,50,100,28,
044,ヒメウサ,無,210,こうふん,,10,MV_145,ラッシュスラスト,無,物理,50,100,33,
044,ヒメウサ,無,210,こうふん,,10,mvs_ep_neutral,マッチレスピーク,無,変化,0,100,10,
044,ヒメウサ,無,210,こうふん,,11,MVP_144,ドラゴンブレスパンチ,竜,物理,55,100,26,
044,ヒメウサ,無,210,こうふん,,11,MV_116,ドラゴンファングスラスト,竜,物理,55,100,27,
044,ヒメウサ,無,210,こうふん,,12,MVP_145,ドラゴンクロースラスト,竜,物理,60,100,21,
044,ヒメウサ,無,210,こうふん,,12,MVP_146,ドラゴンリングフィスト,竜,物理,60,100,18,
044,ヒメウサ,無,210,こうふん,,13,MVP_147,ドラゴンヴェールストライク,竜,物理,65,100,15,
044,ヒメウサ,無,210,こうふん,,13,MV_112,ドラゴンクローコンボ,竜,物理,65,100,15,
044,ヒメウサ,無,210,こうふん,,14,MVP_148,ドラゴンヴォイスブロー,竜,物理,70,90,11,
044,ヒメウサ,無,210,こうふん,,14,MV_110,ツインドラゴンファング,竜,物理,70,95,13,
044,ヒメウサ,無,210,こうふん,,15,MVP_149,ドラゴンピアスパンチ,竜,物理,75,90,11,
044,ヒメウサ,無,210,こうふん,,15,MV_109,ドラゴンスケイルスラッシュ,竜,物理,75,100,9,
044,ヒメウサ,無,210,こうふん,,16,MVP_150,ドラゴンフォスファーフィスト,竜,物理,80,100,6,
044,ヒメウサ,無,210,こうふん,,16,MVP_151,ドラゴンハートストライク,竜,物理,80,90,8,
044B,ヨモギウサ,草,215,まいかぜ,,3,mvn_023,クリアストリーム,水,特殊,15,100,36,
044B,ヨモギウサ,草,215,まいかぜ,,4,mvs_grass_accuracy_evasion,フレッシュグリーンアイ,草,変化,0,100,15,
044B,ヨモギウサ,草,215,まいかぜ,,5,aqua_gun,アクアショット,水,特殊,25,100,36,
044B,ヨモギウサ,草,215,まいかぜ,,5,mvh_water,タービュレントラッシュ,水,物理,25,95,15,2〜5発
044B,ヨモギウサ,草,215,まいかぜ,,7,MV_212,ウォーターガン,水,物理,35,100,36,
044B,ヨモギウサ,草,215,まいかぜ,,7,MV_215,ウォーターカッター,水,特殊,35,100,30,
044B,ヨモギウサ,草,215,まいかぜ,,7,MV_281,リーフブレード,草,物理,35,100,36,
044B,ヨモギウサ,草,215,まいかぜ,,8,MVP_041,クリアストリームストライク,水,物理,40,100,30,
044B,ヨモギウサ,草,215,まいかぜ,,8,MVP_101,グリーンリーフストライク,草,物理,40,100,30,
044B,ヨモギウサ,草,215,まいかぜ,,8,MV_282,シードショット,草,物理,40,100,33,
044B,ヨモギウサ,草,215,まいかぜ,,9,MVP_042,ミラーウォーターブロー,水,物理,45,100,28,
044B,ヨモギウサ,草,215,まいかぜ,,9,MVP_102,アイビーストライクフィスト,草,物理,45,100,28,
044B,ヨモギウサ,草,215,まいかぜ,,9,MV_214,バブルバラージ,水,物理,45,100,33,
044B,ヨモギウサ,草,215,まいかぜ,,9,MV_283,ヴァインウィップ,草,物理,45,100,33,
044B,ヨモギウサ,草,215,まいかぜ,,9,mvn_028,スプラッシュ,水,特殊,45,100,26,
044B,ヨモギウサ,草,215,まいかぜ,,10,MVP_043,サーフサウンドフィスト,水,物理,50,100,28,
044B,ヨモギウサ,草,215,まいかぜ,,10,MVP_044,ドロップストライクパンチ,水,物理,50,100,26,
044B,ヨモギウサ,草,215,まいかぜ,,10,MVP_103,リーフヴェインブロー,草,物理,50,100,28,
044B,ヨモギウサ,草,215,まいかぜ,,10,MVP_104,フレッシュリーフパンチ,草,物理,50,100,26,
044B,ヨモギウサ,草,215,まいかぜ,,10,mvs_ep_grass,ヴァーダントピーク,草,変化,0,100,10,
044B,ヨモギウサ,草,215,まいかぜ,,11,MV_216,ウォーターブレード,水,物理,55,100,27,
044B,ヨモギウサ,草,215,まいかぜ,,11,MV_221,ストリームコンボ,水,物理,55,100,27,
044B,ヨモギウサ,草,215,まいかぜ,,11,MV_287,アイビーバインド,草,物理,55,100,27,
044B,ヨモギウサ,草,215,まいかぜ,,11,MV_288,ソーンウィップ,草,物理,55,100,24,
044B,ヨモギウサ,草,215,まいかぜ,,12,MVP_105,グラスリングスラスト,草,物理,60,100,21,
044B,ヨモギウサ,草,215,まいかぜ,,12,MV_222,ミラーウォータースラッシュ,水,物理,60,100,24,
044B,ヨモギウサ,草,215,まいかぜ,,12,MV_227,アクアジェット,水,物理,60,100,27,
044B,ヨモギウサ,草,215,まいかぜ,,13,MVP_045,ウォーターリングスラスト,水,物理,65,100,21,
044B,ヨモギウサ,草,215,まいかぜ,,13,MV_230,アクアファング,水,物理,65,100,24,
044B,ヨモギウサ,草,215,まいかぜ,,14,MVP_046,スプラッシュフィスト,水,物理,70,100,18,
044B,ヨモギウサ,草,215,まいかぜ,,14,MVP_047,ウォーターヴェインストライク,水,物理,70,100,15,
044B,ヨモギウサ,草,215,まいかぜ,,15,MVP_048,アズールウェーブブロー,水,物理,75,90,11,
044B,ヨモギウサ,草,215,まいかぜ,,15,MVP_049,ドロップレットパンチ,水,物理,75,90,11,
044B,ヨモギウサ,草,215,まいかぜ,,16,MVP_050,アクアヴェールフィスト,水,物理,80,100,6,
044B,ヨモギウサ,草,215,まいかぜ,,16,MVP_051,リップルストライク,水,物理,80,90,8,
045,クララン,水,235,水のきずな,,3,mvn_045,クロッド,地,特殊,15,100,36,
045,クララン,水,235,水のきずな,,4,MV_280,サンドバインド,地,特殊,20,100,28,
045,クララン,水,235,水のきずな,,4,mvs_water_def_accuracy,サーフェスガード,水,変化,0,100,15,
045,クララン,水,235,水のきずな,,4,mvs_water_def_evasion,サーフェスヴェール,水,変化,0,100,15,
045,クララン,水,235,水のきずな,,5,mvh_ground,ロックバラージブロー,地,物理,25,95,15,2〜5発
045,クララン,水,235,水のきずな,,5,mvh_water,タービュレントラッシュ,水,物理,25,95,15,2〜5発
045,クララン,水,235,水のきずな,,6,mvn_048,クラッシュソイル,地,特殊,30,100,30,
045,クララン,水,235,水のきずな,,7,MV_212,ウォーターガン,水,物理,35,100,36,
045,クララン,水,235,水のきずな,,7,MV_256,ストーンペブル,地,物理,35,100,36,
045,クララン,水,235,水のきずな,,8,MVP_041,クリアストリームストライク,水,物理,40,100,30,
045,クララン,水,235,水のきずな,,8,MVP_081,クロッドストライク,地,物理,40,100,30,
045,クララン,水,235,水のきずな,,8,MV_260,ブラインドサンド,地,物理,40,100,32,
045,クララン,水,235,水のきずな,,8,mvn_049,アースヴェール,地,特殊,40,100,28,
045,クララン,水,235,水のきずな,,9,MVP_042,ミラーウォーターブロー,水,物理,45,100,28,
045,クララン,水,235,水のきずな,,9,MV_214,バブルバラージ,水,物理,45,100,33,
045,クララン,水,235,水のきずな,,9,MV_257,ロックバレット,地,物理,45,100,33,
045,クララン,水,235,水のきずな,,9,MV_259,サンドスプレー,地,物理,45,100,30,
045,クララン,水,235,水のきずな,,10,MVP_043,サーフサウンドフィスト,水,物理,50,100,28,
045,クララン,水,235,水のきずな,,10,MVP_044,ドロップストライクパンチ,水,物理,50,100,26,
045,クララン,水,235,水のきずな,,10,MVP_082,ベッドロックフィスト,地,物理,50,100,28,
045,クララン,水,235,水のきずな,,10,MVP_083,レイラインブロー,地,物理,50,100,28,
045,クララン,水,235,水のきずな,,11,MVP_084,クラッシュソイルパンチ,地,物理,55,100,26,
045,クララン,水,235,水のきずな,,11,MV_216,ウォーターブレード,水,物理,55,100,27,
045,クララン,水,235,水のきずな,,11,MV_221,ストリームコンボ,水,物理,55,100,27,
045,クララン,水,235,水のきずな,,11,MV_258,フィッシャースラスト,地,物理,55,100,27,
045,クララン,水,235,水のきずな,,12,MVP_085,アースヴェールスラスト,地,物理,60,100,21,
045,クララン,水,235,水のきずな,,12,MV_272,シャープロックスラスト,地,物理,60,100,24,
045,クララン,水,235,水のきずな,,13,MVP_086,ロックシャードフィスト,地,物理,65,100,18,
045,クララン,水,235,水のきずな,,13,MV_263,ロックスマッシュ,地,物理,65,100,18,
045,クララン,水,235,水のきずな,,14,MVP_087,アースウォールストライク,地,物理,70,100,15,
045,クララン,水,235,水のきずな,,14,MV_274,ベッドロックブレイク,地,物理,70,100,12,
045,クララン,水,235,水のきずな,,15,MVP_088,ハードグラウンドブロー,地,物理,75,90,11,
045,クララン,水,235,水のきずな,,15,MVP_089,ペブルブローパンチ,地,物理,75,90,11,
045,クララン,水,235,水のきずな,,16,MVP_090,アースリングフィスト,地,物理,80,100,6,
045,クララン,水,235,水のきずな,,16,MVP_091,ソリッドソイルストライク,地,物理,80,90,8,
046,ユララン,水/闇,240,ヘイズ,,3,mvn_045,クロッド,地,特殊,15,100,36,
046,ユララン,水/闇,240,ヘイズ,,3,mvn_067,ホワイトアイス,氷,特殊,15,85,36,
046,ユララン,水/闇,240,ヘイズ,,4,MV_280,サンドバインド,地,特殊,20,100,28,
046,ユララン,水/闇,240,ヘイズ,,4,mvs_water_def_accuracy,サーフェスガード,水,変化,0,100,15,
046,ユララン,水/闇,240,ヘイズ,,5,mvh_dark,シャドウバラージ,闇,物理,25,95,15,2〜5発
046,ユララン,水/闇,240,ヘイズ,,5,mvh_ground,ロックバラージブロー,地,物理,25,95,15,2〜5発
046,ユララン,水/闇,240,ヘイズ,,5,mvh_water,タービュレントラッシュ,水,物理,25,95,15,2〜5発
046,ユララン,水/闇,240,ヘイズ,,6,MV_205,フロストネット,氷,特殊,30,95,28,
046,ユララン,水/闇,240,ヘイズ,,6,ice_cutter,アイスカッター,氷,特殊,30,100,33,
046,ユララン,水/闇,240,ヘイズ,,6,mvn_048,クラッシュソイル,地,特殊,30,100,30,
046,ユララン,水/闇,240,ヘイズ,,7,MV_121,シャドウピアス,闇,物理,35,100,34,
046,ユララン,水/闇,240,ヘイズ,,7,MV_123,ダスクブレード,闇,物理,35,100,32,
046,ユララン,水/闇,240,ヘイズ,,7,MV_187,アイスペブル,氷,物理,35,100,36,
046,ユララン,水/闇,240,ヘイズ,,7,MV_212,ウォーターガン,水,物理,35,100,36,
046,ユララン,水/闇,240,ヘイズ,,7,MV_256,ストーンペブル,地,物理,35,100,36,
046,ユララン,水/闇,240,ヘイズ,,7,mvh_ice,トリプルアイスブレード,氷,物理,35,90,10,3発(発ごと命中)
046,ユララン,水/闇,240,ヘイズ,,7,mvs_toxic_dark,トキシックドロップ,闇,変化,0,100,10,
046,ユララン,水/闇,240,ヘイズ,,8,MVP_041,クリアストリームストライク,水,物理,40,100,30,
046,ユララン,水/闇,240,ヘイズ,,8,MVP_081,クロッドストライク,地,物理,40,100,30,
046,ユララン,水/闇,240,ヘイズ,,8,MVP_121,ホワイトアイスストライク,氷,物理,40,100,30,
046,ユララン,水/闇,240,ヘイズ,,8,MV_124,シャドウステッチ,闇,物理,40,100,32,
046,ユララン,水/闇,240,ヘイズ,,8,MV_125,ダークウェッジ,闇,物理,40,100,32,
046,ユララン,水/闇,240,ヘイズ,,8,MV_188,アイスブレード,氷,物理,40,100,33,
046,ユララン,水/闇,240,ヘイズ,,8,MV_260,ブラインドサンド,地,物理,40,100,32,
046,ユララン,水/闇,240,ヘイズ,,9,MVP_042,ミラーウォーターブロー,水,物理,45,100,28,
046,ユララン,水/闇,240,ヘイズ,,9,MVP_122,フリーズフィスト,氷,物理,45,100,28,
046,ユララン,水/闇,240,ヘイズ,,9,MVP_123,フロストストライクブロー,氷,物理,45,100,28,
046,ユララン,水/闇,240,ヘイズ,,9,MV_257,ロックバレット,地,物理,45,100,33,
046,ユララン,水/闇,240,ヘイズ,,9,MV_259,サンドスプレー,地,物理,45,100,30,
046,ユララン,水/闇,240,ヘイズ,,10,MVP_082,ベッドロックフィスト,地,物理,50,100,28,
046,ユララン,水/闇,240,ヘイズ,,10,MVP_083,レイラインブロー,地,物理,50,100,28,
046,ユララン,水/闇,240,ヘイズ,,10,MVP_124,アイスリングパンチ,氷,物理,50,100,26,
046,ユララン,水/闇,240,ヘイズ,,10,MV_189,フロストショット,氷,物理,50,100,30,
046,ユララン,水/闇,240,ヘイズ,,11,MVP_084,クラッシュソイルパンチ,地,物理,55,100,26,
046,ユララン,水/闇,240,ヘイズ,,11,MV_190,アイスニードル,氷,物理,55,100,27,
046,ユララン,水/闇,240,ヘイズ,,11,MV_211,フローズンブレード,氷,物理,55,95,26,
046,ユララン,水/闇,240,ヘイズ,,11,MV_258,フィッシャースラスト,地,物理,55,100,27,
046,ユララン,水/闇,240,ヘイズ,,12,MVP_085,アースヴェールスラスト,地,物理,60,100,21,
047,リオリネ,水,200,けいかいかん,,1,MV_232,クリアストリームスタンス,水,変化,0,100,15,
047,リオリネ,水,200,けいかいかん,,3,mvn_045,クロッド,地,特殊,15,100,36,
047,リオリネ,水,200,けいかいかん,,4,MV_280,サンドバインド,地,特殊,20,100,28,
047,リオリネ,水,200,けいかいかん,,5,mvh_ground,ロックバラージブロー,地,物理,25,95,15,2〜5発
047,リオリネ,水,200,けいかいかん,,5,mvh_water,タービュレントラッシュ,水,物理,25,95,15,2〜5発
047,リオリネ,水,200,けいかいかん,,6,mvn_048,クラッシュソイル,地,特殊,30,100,30,
047,リオリネ,水,200,けいかいかん,,7,MV_212,ウォーターガン,水,物理,35,100,36,
047,リオリネ,水,200,けいかいかん,,7,MV_256,ストーンペブル,地,物理,35,100,36,
047,リオリネ,水,200,けいかいかん,,7,mvw_rain,レインダンス,水,変化,0,100,16,
047,リオリネ,水,200,けいかいかん,,8,MVP_041,クリアストリームストライク,水,物理,40,100,30,
047,リオリネ,水,200,けいかいかん,,8,MVP_081,クロッドストライク,地,物理,40,100,30,
047,リオリネ,水,200,けいかいかん,,8,MV_260,ブラインドサンド,地,物理,40,100,32,
047,リオリネ,水,200,けいかいかん,,8,mvn_049,アースヴェール,地,特殊,40,100,28,
047,リオリネ,水,200,けいかいかん,,9,MVP_042,ミラーウォーターブロー,水,物理,45,100,28,
047,リオリネ,水,200,けいかいかん,,9,MV_214,バブルバラージ,水,物理,45,100,33,
047,リオリネ,水,200,けいかいかん,,9,MV_257,ロックバレット,地,物理,45,100,33,
047,リオリネ,水,200,けいかいかん,,9,MV_259,サンドスプレー,地,物理,45,100,30,
047,リオリネ,水,200,けいかいかん,,10,MVP_043,サーフサウンドフィスト,水,物理,50,100,28,
047,リオリネ,水,200,けいかいかん,,10,MVP_044,ドロップストライクパンチ,水,物理,50,100,26,
047,リオリネ,水,200,けいかいかん,,10,MVP_082,ベッドロックフィスト,地,物理,50,100,28,
047,リオリネ,水,200,けいかいかん,,10,MVP_083,レイラインブロー,地,物理,50,100,28,
047,リオリネ,水,200,けいかいかん,,11,MVP_084,クラッシュソイルパンチ,地,物理,55,100,26,
047,リオリネ,水,200,けいかいかん,,11,MV_216,ウォーターブレード,水,物理,55,100,27,
047,リオリネ,水,200,けいかいかん,,11,MV_221,ストリームコンボ,水,物理,55,100,27,
047,リオリネ,水,200,けいかいかん,,11,MV_258,フィッシャースラスト,地,物理,55,100,27,
047,リオリネ,水,200,けいかいかん,,12,MVP_085,アースヴェールスラスト,地,物理,60,100,21,
047,リオリネ,水,200,けいかいかん,,12,MV_222,ミラーウォータースラッシュ,水,物理,60,100,24,
047,リオリネ,水,200,けいかいかん,,12,MV_272,シャープロックスラスト,地,物理,60,100,24,
047,リオリネ,水,200,けいかいかん,,13,MVP_086,ロックシャードフィスト,地,物理,65,100,18,
047,リオリネ,水,200,けいかいかん,,13,MV_263,ロックスマッシュ,地,物理,65,100,18,
047,リオリネ,水,200,けいかいかん,,14,MVP_087,アースウォールストライク,地,物理,70,100,15,
047,リオリネ,水,200,けいかいかん,,14,MV_274,ベッドロックブレイク,地,物理,70,100,12,
047,リオリネ,水,200,けいかいかん,,15,MVP_088,ハードグラウンドブロー,地,物理,75,90,11,
047,リオリネ,水,200,けいかいかん,,15,MVP_089,ペブルブローパンチ,地,物理,75,90,11,
047,リオリネ,水,200,けいかいかん,,16,MVP_090,アースリングフィスト,地,物理,80,100,6,
047,リオリネ,水,200,けいかいかん,,16,MVP_091,ソリッドソイルストライク,地,物理,80,90,8,
048,ヒメンダコ,水/闇,225,あくい,,3,mvn_045,クロッド,地,特殊,15,100,36,
048,ヒメンダコ,水/闇,225,あくい,,3,mvn_067,ホワイトアイス,氷,特殊,15,85,36,
048,ヒメンダコ,水/闇,225,あくい,,4,MV_280,サンドバインド,地,特殊,20,100,28,
048,ヒメンダコ,水/闇,225,あくい,,4,mvs_water_def_evasion,サーフェスヴェール,水,変化,0,100,15,
048,ヒメンダコ,水/闇,225,あくい,,5,mvh_dark,シャドウバラージ,闇,物理,25,95,15,2〜5発
048,ヒメンダコ,水/闇,225,あくい,,5,mvh_ground,ロックバラージブロー,地,物理,25,95,15,2〜5発
048,ヒメンダコ,水/闇,225,あくい,,5,mvh_water,タービュレントラッシュ,水,物理,25,95,15,2〜5発
048,ヒメンダコ,水/闇,225,あくい,,6,MV_205,フロストネット,氷,特殊,30,95,28,
048,ヒメンダコ,水/闇,225,あくい,,6,ice_cutter,アイスカッター,氷,特殊,30,100,33,
048,ヒメンダコ,水/闇,225,あくい,,6,mvn_048,クラッシュソイル,地,特殊,30,100,30,
048,ヒメンダコ,水/闇,225,あくい,,7,MV_121,シャドウピアス,闇,物理,35,100,34,
048,ヒメンダコ,水/闇,225,あくい,,7,MV_123,ダスクブレード,闇,物理,35,100,32,
048,ヒメンダコ,水/闇,225,あくい,,7,MV_187,アイスペブル,氷,物理,35,100,36,
048,ヒメンダコ,水/闇,225,あくい,,7,MV_212,ウォーターガン,水,物理,35,100,36,
048,ヒメンダコ,水/闇,225,あくい,,7,MV_256,ストーンペブル,地,物理,35,100,36,
048,ヒメンダコ,水/闇,225,あくい,,7,mvh_ice,トリプルアイスブレード,氷,物理,35,90,10,3発(発ごと命中)
048,ヒメンダコ,水/闇,225,あくい,,7,mvw_fog,フォグヴェール,闇,変化,0,100,16,
048,ヒメンダコ,水/闇,225,あくい,,8,MVP_041,クリアストリームストライク,水,物理,40,100,30,
048,ヒメンダコ,水/闇,225,あくい,,8,MVP_081,クロッドストライク,地,物理,40,100,30,
048,ヒメンダコ,水/闇,225,あくい,,8,MVP_121,ホワイトアイスストライク,氷,物理,40,100,30,
048,ヒメンダコ,水/闇,225,あくい,,8,MV_124,シャドウステッチ,闇,物理,40,100,32,
048,ヒメンダコ,水/闇,225,あくい,,8,MV_125,ダークウェッジ,闇,物理,40,100,32,
048,ヒメンダコ,水/闇,225,あくい,,8,MV_188,アイスブレード,氷,物理,40,100,33,
048,ヒメンダコ,水/闇,225,あくい,,8,MV_260,ブラインドサンド,地,物理,40,100,32,
048,ヒメンダコ,水/闇,225,あくい,,9,MVP_042,ミラーウォーターブロー,水,物理,45,100,28,
048,ヒメンダコ,水/闇,225,あくい,,9,MVP_122,フリーズフィスト,氷,物理,45,100,28,
048,ヒメンダコ,水/闇,225,あくい,,9,MVP_123,フロストストライクブロー,氷,物理,45,100,28,
048,ヒメンダコ,水/闇,225,あくい,,9,MVP_161,ブラックミストストライク,闇,物理,45,100,30,
048,ヒメンダコ,水/闇,225,あくい,,9,MV_257,ロックバレット,地,物理,45,100,33,
048,ヒメンダコ,水/闇,225,あくい,,9,MV_259,サンドスプレー,地,物理,45,100,30,
048,ヒメンダコ,水/闇,225,あくい,,10,MVP_082,ベッドロックフィスト,地,物理,50,100,28,
048,ヒメンダコ,水/闇,225,あくい,,10,MVP_083,レイラインブロー,地,物理,50,100,28,
048,ヒメンダコ,水/闇,225,あくい,,10,MVP_124,アイスリングパンチ,氷,物理,50,100,26,
048,ヒメンダコ,水/闇,225,あくい,,10,MV_189,フロストショット,氷,物理,50,100,30,
048,ヒメンダコ,水/闇,225,あくい,,11,MVP_084,クラッシュソイルパンチ,地,物理,55,100,26,
048,ヒメンダコ,水/闇,225,あくい,,11,MV_190,アイスニードル,氷,物理,55,100,27,
048,ヒメンダコ,水/闇,225,あくい,,11,MV_211,フローズンブレード,氷,物理,55,95,26,
048,ヒメンダコ,水/闇,225,あくい,,11,MV_258,フィッシャースラスト,地,物理,55,100,27,
048B,ユメンダコ,水/無,230,ディープダイブ,,3,mvn_045,クロッド,地,特殊,15,100,36,
048B,ユメンダコ,水/無,230,ディープダイブ,,3,mvn_078,ドラゴンファング,竜,特殊,15,100,36,
048B,ユメンダコ,水/無,230,ディープダイブ,,4,MV_280,サンドバインド,地,特殊,20,100,28,
048B,ユメンダコ,水/無,230,ディープダイブ,,4,mvs_water_def_accuracy,サーフェスガード,水,変化,0,100,15,
048B,ユメンダコ,水/無,230,ディープダイブ,,4,mvs_water_def_evasion,サーフェスヴェール,水,変化,0,100,15,
048B,ユメンダコ,水/無,230,ディープダイブ,,5,mvh_ground,ロックバラージブロー,地,物理,25,95,15,2〜5発
048B,ユメンダコ,水/無,230,ディープダイブ,,5,mvh_water,タービュレントラッシュ,水,物理,25,95,15,2〜5発
048B,ユメンダコ,水/無,230,ディープダイブ,,6,MVP_001,ホワイトストライク,無,物理,30,100,30,
048B,ユメンダコ,水/無,230,ディープダイブ,,6,MV_137,バックフィスト,無,物理,30,100,36,
048B,ユメンダコ,水/無,230,ディープダイブ,,6,mvn_048,クラッシュソイル,地,特殊,30,100,30,
048B,ユメンダコ,水/無,230,ディープダイブ,,6,mvn_080,ドラゴンヴェインショット,竜,特殊,30,100,32,
048B,ユメンダコ,水/無,230,ディープダイブ,,6,mvn_082,ドラゴンクロー,竜,特殊,30,100,28,
048B,ユメンダコ,水/無,230,ディープダイブ,,7,MV_138,ダブルスラスト,無,物理,35,100,33,
048B,ユメンダコ,水/無,230,ディープダイブ,,7,MV_139,テイルスイープ,無,物理,35,100,33,
048B,ユメンダコ,水/無,230,ディープダイブ,,7,MV_212,ウォーターガン,水,物理,35,100,36,
048B,ユメンダコ,水/無,230,ディープダイブ,,7,MV_256,ストーンペブル,地,物理,35,100,36,
048B,ユメンダコ,水/無,230,ディープダイブ,,8,MVP_041,クリアストリームストライク,水,物理,40,100,30,
048B,ユメンダコ,水/無,230,ディープダイブ,,8,MVP_081,クロッドストライク,地,物理,40,100,30,
048B,ユメンダコ,水/無,230,ディープダイブ,,8,MV_140,ヘッドバット,無,物理,40,100,33,
048B,ユメンダコ,水/無,230,ディープダイブ,,8,MV_141,スピンタックル,無,物理,40,100,33,
048B,ユメンダコ,水/無,230,ディープダイブ,,8,MV_260,ブラインドサンド,地,物理,40,100,32,
048B,ユメンダコ,水/無,230,ディープダイブ,,9,MVP_042,ミラーウォーターブロー,水,物理,45,100,28,
048B,ユメンダコ,水/無,230,ディープダイブ,,9,MVP_141,ドラゴンファングストライク,竜,物理,45,100,30,
048B,ユメンダコ,水/無,230,ディープダイブ,,9,MV_257,ロックバレット,地,物理,45,100,33,
048B,ユメンダコ,水/無,230,ディープダイブ,,9,MV_259,サンドスプレー,地,物理,45,100,30,
048B,ユメンダコ,水/無,230,ディープダイブ,,10,MVP_082,ベッドロックフィスト,地,物理,50,100,28,
048B,ユメンダコ,水/無,230,ディープダイブ,,10,MVP_083,レイラインブロー,地,物理,50,100,28,
048B,ユメンダコ,水/無,230,ディープダイブ,,10,MVP_142,ドラゴンスケイルフィスト,竜,物理,50,100,28,
048B,ユメンダコ,水/無,230,ディープダイブ,,10,MVP_143,ドラゴンヴェインブロー,竜,物理,50,100,28,
048B,ユメンダコ,水/無,230,ディープダイブ,,11,MVP_084,クラッシュソイルパンチ,地,物理,55,100,26,
048B,ユメンダコ,水/無,230,ディープダイブ,,11,MVP_144,ドラゴンブレスパンチ,竜,物理,55,100,26,
048B,ユメンダコ,水/無,230,ディープダイブ,,11,MV_116,ドラゴンファングスラスト,竜,物理,55,100,27,
048B,ユメンダコ,水/無,230,ディープダイブ,,11,MV_258,フィッシャースラスト,地,物理,55,100,27,
048B,ユメンダコ,水/無,230,ディープダイブ,,12,MVP_085,アースヴェールスラスト,地,物理,60,100,21,
048B,ユメンダコ,水/無,230,ディープダイブ,,12,MVP_145,ドラゴンクロースラスト,竜,物理,60,100,21,
048B,ユメンダコ,水/無,230,ディープダイブ,,12,MVP_146,ドラゴンリングフィスト,竜,物理,60,100,18,
048B,ユメンダコ,水/無,230,ディープダイブ,,12,MV_272,シャープロックスラスト,地,物理,60,100,24,
048B,ユメンダコ,水/無,230,ディープダイブ,,13,MVP_086,ロックシャードフィスト,地,物理,65,100,18,
049,エアムルグ,無,220,無派,グライド,3,mvn_078,ドラゴンファング,竜,特殊,15,100,36,
049,エアムルグ,無,220,無派,グライド,6,MVP_001,ホワイトストライク,無,物理,30,100,30,
049,エアムルグ,無,220,無派,グライド,6,MV_137,バックフィスト,無,物理,30,100,36,
049,エアムルグ,無,220,無派,グライド,6,mvn_080,ドラゴンヴェインショット,竜,特殊,30,100,32,
049,エアムルグ,無,220,無派,グライド,6,mvn_082,ドラゴンクロー,竜,特殊,30,100,28,
049,エアムルグ,無,220,無派,グライド,7,MV_138,ダブルスラスト,無,物理,35,100,33,
049,エアムルグ,無,220,無派,グライド,7,MV_139,テイルスイープ,無,物理,35,100,33,
049,エアムルグ,無,220,無派,グライド,7,mvs_big_neutral,リックレススタンス,無,変化,0,100,10,
049,エアムルグ,無,220,無派,グライド,8,MV_140,ヘッドバット,無,物理,40,100,33,
049,エアムルグ,無,220,無派,グライド,8,MV_141,スピンタックル,無,物理,40,100,33,
049,エアムルグ,無,220,無派,グライド,9,MVP_141,ドラゴンファングストライク,竜,物理,45,100,30,
049,エアムルグ,無,220,無派,グライド,9,MV_142,フライングキック,無,物理,45,100,33,
049,エアムルグ,無,220,無派,グライド,9,MV_143,ブラントエッジ,無,物理,45,100,33,
049,エアムルグ,無,220,無派,グライド,9,mvn_083,ドラゴンリング,竜,特殊,45,100,26,
049,エアムルグ,無,220,無派,グライド,10,MVP_002,マッチレスブロー,無,物理,50,100,28,
049,エアムルグ,無,220,無派,グライド,10,MVP_142,ドラゴンスケイルフィスト,竜,物理,50,100,28,
049,エアムルグ,無,220,無派,グライド,10,MVP_143,ドラゴンヴェインブロー,竜,物理,50,100,28,
049,エアムルグ,無,220,無派,グライド,10,MV_145,ラッシュスラスト,無,物理,50,100,33,
049,エアムルグ,無,220,無派,グライド,10,mvs_ep_neutral,マッチレスピーク,無,変化,0,100,10,
049,エアムルグ,無,220,無派,グライド,11,MVP_144,ドラゴンブレスパンチ,竜,物理,55,100,26,
049,エアムルグ,無,220,無派,グライド,11,MV_116,ドラゴンファングスラスト,竜,物理,55,100,27,
049,エアムルグ,無,220,無派,グライド,12,MVP_145,ドラゴンクロースラスト,竜,物理,60,100,21,
049,エアムルグ,無,220,無派,グライド,12,MVP_146,ドラゴンリングフィスト,竜,物理,60,100,18,
049,エアムルグ,無,220,無派,グライド,13,MVP_147,ドラゴンヴェールストライク,竜,物理,65,100,15,
049,エアムルグ,無,220,無派,グライド,13,MV_112,ドラゴンクローコンボ,竜,物理,65,100,15,
049,エアムルグ,無,220,無派,グライド,14,MVP_148,ドラゴンヴォイスブロー,竜,物理,70,90,11,
049,エアムルグ,無,220,無派,グライド,14,MV_110,ツインドラゴンファング,竜,物理,70,95,13,
049,エアムルグ,無,220,無派,グライド,15,MVP_149,ドラゴンピアスパンチ,竜,物理,75,90,11,
049,エアムルグ,無,220,無派,グライド,15,MV_109,ドラゴンスケイルスラッシュ,竜,物理,75,100,9,
049,エアムルグ,無,220,無派,グライド,16,MVP_150,ドラゴンフォスファーフィスト,竜,物理,80,100,6,
049,エアムルグ,無,220,無派,グライド,16,MVP_151,ドラゴンハートストライク,竜,物理,80,90,8,
050,ニャンシー,闇,250,パープルヘイズ,,3,mvn_067,ホワイトアイス,氷,特殊,15,85,36,
050,ニャンシー,闇,250,パープルヘイズ,,5,mvh_dark,シャドウバラージ,闇,物理,25,95,15,2〜5発
050,ニャンシー,闇,250,パープルヘイズ,,6,MV_205,フロストネット,氷,特殊,30,95,28,
050,ニャンシー,闇,250,パープルヘイズ,,6,ice_cutter,アイスカッター,氷,特殊,30,100,33,
050,ニャンシー,闇,250,パープルヘイズ,,7,MV_121,シャドウピアス,闇,物理,35,100,34,
050,ニャンシー,闇,250,パープルヘイズ,,7,MV_123,ダスクブレード,闇,物理,35,100,32,
050,ニャンシー,闇,250,パープルヘイズ,,7,MV_187,アイスペブル,氷,物理,35,100,36,
050,ニャンシー,闇,250,パープルヘイズ,,7,mvh_ice,トリプルアイスブレード,氷,物理,35,90,10,3発(発ごと命中)
050,ニャンシー,闇,250,パープルヘイズ,,7,mvs_toxic_dark,トキシックドロップ,闇,変化,0,100,10,
050,ニャンシー,闇,250,パープルヘイズ,,7,mvw_fog,フォグヴェール,闇,変化,0,100,16,
050,ニャンシー,闇,250,パープルヘイズ,,8,MVP_121,ホワイトアイスストライク,氷,物理,40,100,30,
050,ニャンシー,闇,250,パープルヘイズ,,8,MV_124,シャドウステッチ,闇,物理,40,100,32,
050,ニャンシー,闇,250,パープルヘイズ,,8,MV_125,ダークウェッジ,闇,物理,40,100,32,
050,ニャンシー,闇,250,パープルヘイズ,,8,MV_188,アイスブレード,氷,物理,40,100,33,
050,ニャンシー,闇,250,パープルヘイズ,,9,MVP_122,フリーズフィスト,氷,物理,45,100,28,
050,ニャンシー,闇,250,パープルヘイズ,,9,MVP_123,フロストストライクブロー,氷,物理,45,100,28,
050,ニャンシー,闇,250,パープルヘイズ,,9,MVP_161,ブラックミストストライク,闇,物理,45,100,30,
050,ニャンシー,闇,250,パープルヘイズ,,9,MV_126,カースチェイン,闇,物理,45,100,32,
050,ニャンシー,闇,250,パープルヘイズ,,9,mvn_073,フローズンクラウド,氷,特殊,45,100,24,
050,ニャンシー,闇,250,パープルヘイズ,,10,MVP_124,アイスリングパンチ,氷,物理,50,100,26,
050,ニャンシー,闇,250,パープルヘイズ,,10,MVP_162,シャドウストライクフィスト,闇,物理,50,100,28,
050,ニャンシー,闇,250,パープルヘイズ,,10,MVP_163,カースブローパンチ,闇,物理,50,100,28,
050,ニャンシー,闇,250,パープルヘイズ,,10,MV_189,フロストショット,氷,物理,50,100,30,
050,ニャンシー,闇,250,パープルヘイズ,,11,MV_190,アイスニードル,氷,物理,55,100,27,
050,ニャンシー,闇,250,パープルヘイズ,,11,MV_211,フローズンブレード,氷,物理,55,95,26,
050,ニャンシー,闇,250,パープルヘイズ,,12,MVP_125,チルスラスト,氷,物理,60,100,21,
050,ニャンシー,闇,250,パープルヘイズ,,12,MV_195,アイスファング,氷,物理,60,95,24,
050,ニャンシー,闇,250,パープルヘイズ,,13,MV_192,ブリザードブロー,氷,物理,65,100,21,
050,ニャンシー,闇,250,パープルヘイズ,,13,MV_200,アイスブレードコンボ,氷,物理,65,100,21,
050,ニャンシー,闇,250,パープルヘイズ,,14,MVP_126,アイスシャードフィスト,氷,物理,70,100,18,
050,ニャンシー,闇,250,パープルヘイズ,,14,MVP_127,フローズンクラウドストライク,氷,物理,70,100,15,
050,ニャンシー,闇,250,パープルヘイズ,,15,MVP_128,アイスヴェールブロー,氷,物理,75,90,11,
050,ニャンシー,闇,250,パープルヘイズ,,15,MVP_129,フロストブロッサムパンチ,氷,物理,75,90,11,
050,ニャンシー,闇,250,パープルヘイズ,,16,MVP_130,アイスコアフィスト,氷,物理,80,100,6,
050,ニャンシー,闇,250,パープルヘイズ,,16,MVP_131,コールドストライクスラスト,氷,物理,80,90,8,
051,ホークウィン,無,275,無のきずな,飛行,3,mvn_078,ドラゴンファング,竜,特殊,15,100,36,
051,ホークウィン,無,275,無のきずな,飛行,4,mvs_neutral_atk_accuracy,マッチレスエイム,無,変化,0,100,15,
051,ホークウィン,無,275,無のきずな,飛行,4,mvs_neutral_atk_def,マッチレスガード,無,変化,0,100,15,
051,ホークウィン,無,275,無のきずな,飛行,6,MVP_001,ホワイトストライク,無,物理,30,100,30,
051,ホークウィン,無,275,無のきずな,飛行,6,MV_137,バックフィスト,無,物理,30,100,36,
051,ホークウィン,無,275,無のきずな,飛行,6,mvn_080,ドラゴンヴェインショット,竜,特殊,30,100,32,
051,ホークウィン,無,275,無のきずな,飛行,6,mvn_082,ドラゴンクロー,竜,特殊,30,100,28,
051,ホークウィン,無,275,無のきずな,飛行,7,MV_138,ダブルスラスト,無,物理,35,100,33,
051,ホークウィン,無,275,無のきずな,飛行,7,MV_139,テイルスイープ,無,物理,35,100,33,
051,ホークウィン,無,275,無のきずな,飛行,8,MV_140,ヘッドバット,無,物理,40,100,33,
051,ホークウィン,無,275,無のきずな,飛行,8,MV_141,スピンタックル,無,物理,40,100,33,
051,ホークウィン,無,275,無のきずな,飛行,9,MVP_141,ドラゴンファングストライク,竜,物理,45,100,30,
051,ホークウィン,無,275,無のきずな,飛行,9,MV_142,フライングキック,無,物理,45,100,33,
051,ホークウィン,無,275,無のきずな,飛行,9,MV_143,ブラントエッジ,無,物理,45,100,33,
051,ホークウィン,無,275,無のきずな,飛行,9,mvn_083,ドラゴンリング,竜,特殊,45,100,26,
051,ホークウィン,無,275,無のきずな,飛行,10,MVP_002,マッチレスブロー,無,物理,50,100,28,
051,ホークウィン,無,275,無のきずな,飛行,10,MVP_142,ドラゴンスケイルフィスト,竜,物理,50,100,28,
051,ホークウィン,無,275,無のきずな,飛行,10,MVP_143,ドラゴンヴェインブロー,竜,物理,50,100,28,
051,ホークウィン,無,275,無のきずな,飛行,11,MVP_144,ドラゴンブレスパンチ,竜,物理,55,100,26,
051,ホークウィン,無,275,無のきずな,飛行,11,MV_116,ドラゴンファングスラスト,竜,物理,55,100,27,
051,ホークウィン,無,275,無のきずな,飛行,12,MVP_145,ドラゴンクロースラスト,竜,物理,60,100,21,
051,ホークウィン,無,275,無のきずな,飛行,12,MVP_146,ドラゴンリングフィスト,竜,物理,60,100,18,
051,ホークウィン,無,275,無のきずな,飛行,13,MVP_147,ドラゴンヴェールストライク,竜,物理,65,100,15,
051,ホークウィン,無,275,無のきずな,飛行,13,MV_112,ドラゴンクローコンボ,竜,物理,65,100,15,
051,ホークウィン,無,275,無のきずな,飛行,14,MVP_148,ドラゴンヴォイスブロー,竜,物理,70,90,11,
051,ホークウィン,無,275,無のきずな,飛行,14,MV_110,ツインドラゴンファング,竜,物理,70,95,13,
051,ホークウィン,無,275,無のきずな,飛行,15,MVP_149,ドラゴンピアスパンチ,竜,物理,75,90,11,
051,ホークウィン,無,275,無のきずな,飛行,15,MV_109,ドラゴンスケイルスラッシュ,竜,物理,75,100,9,
051,ホークウィン,無,275,無のきずな,飛行,16,MVP_150,ドラゴンフォスファーフィスト,竜,物理,80,100,6,
051,ホークウィン,無,275,無のきずな,飛行,16,MVP_151,ドラゴンハートストライク,竜,物理,80,90,8,
052,ニャンバット,闇,270,ヘイズ,,3,mvn_067,ホワイトアイス,氷,特殊,15,85,36,
052,ニャンバット,闇,270,ヘイズ,,4,MV_122,カースウィスパー,闇,変化,0,100,15,
052,ニャンバット,闇,270,ヘイズ,,5,mvh_dark,シャドウバラージ,闇,物理,25,95,15,2〜5発
052,ニャンバット,闇,270,ヘイズ,,6,MV_205,フロストネット,氷,特殊,30,95,28,
052,ニャンバット,闇,270,ヘイズ,,6,ice_cutter,アイスカッター,氷,特殊,30,100,33,
052,ニャンバット,闇,270,ヘイズ,,7,MV_121,シャドウピアス,闇,物理,35,100,34,
052,ニャンバット,闇,270,ヘイズ,,7,MV_123,ダスクブレード,闇,物理,35,100,32,
052,ニャンバット,闇,270,ヘイズ,,7,MV_187,アイスペブル,氷,物理,35,100,36,
052,ニャンバット,闇,270,ヘイズ,,7,mvh_ice,トリプルアイスブレード,氷,物理,35,90,10,3発(発ごと命中)
052,ニャンバット,闇,270,ヘイズ,,8,MVP_121,ホワイトアイスストライク,氷,物理,40,100,30,
052,ニャンバット,闇,270,ヘイズ,,8,MV_124,シャドウステッチ,闇,物理,40,100,32,
052,ニャンバット,闇,270,ヘイズ,,8,MV_125,ダークウェッジ,闇,物理,40,100,32,
052,ニャンバット,闇,270,ヘイズ,,8,MV_188,アイスブレード,氷,物理,40,100,33,
052,ニャンバット,闇,270,ヘイズ,,9,MVP_122,フリーズフィスト,氷,物理,45,100,28,
052,ニャンバット,闇,270,ヘイズ,,9,MVP_123,フロストストライクブロー,氷,物理,45,100,28,
052,ニャンバット,闇,270,ヘイズ,,9,MVP_161,ブラックミストストライク,闇,物理,45,100,30,
052,ニャンバット,闇,270,ヘイズ,,9,MV_126,カースチェイン,闇,物理,45,100,32,
052,ニャンバット,闇,270,ヘイズ,,9,mvn_073,フローズンクラウド,氷,特殊,45,100,24,
052,ニャンバット,闇,270,ヘイズ,,10,MVP_124,アイスリングパンチ,氷,物理,50,100,26,
052,ニャンバット,闇,270,ヘイズ,,10,MVP_162,シャドウストライクフィスト,闇,物理,50,100,28,
052,ニャンバット,闇,270,ヘイズ,,10,MVP_163,カースブローパンチ,闇,物理,50,100,28,
052,ニャンバット,闇,270,ヘイズ,,10,MV_189,フロストショット,氷,物理,50,100,30,
052,ニャンバット,闇,270,ヘイズ,,10,poison_fog,ポイズンフォグ,闇,変化,0,100,10,
052,ニャンバット,闇,270,ヘイズ,,11,MV_190,アイスニードル,氷,物理,55,100,27,
052,ニャンバット,闇,270,ヘイズ,,11,MV_211,フローズンブレード,氷,物理,55,95,26,
052,ニャンバット,闇,270,ヘイズ,,12,MVP_125,チルスラスト,氷,物理,60,100,21,
052,ニャンバット,闇,270,ヘイズ,,12,MV_195,アイスファング,氷,物理,60,95,24,
052,ニャンバット,闇,270,ヘイズ,,13,MV_192,ブリザードブロー,氷,物理,65,100,21,
052,ニャンバット,闇,270,ヘイズ,,13,MV_200,アイスブレードコンボ,氷,物理,65,100,21,
052,ニャンバット,闇,270,ヘイズ,,14,MVP_126,アイスシャードフィスト,氷,物理,70,100,18,
052,ニャンバット,闇,270,ヘイズ,,14,MVP_127,フローズンクラウドストライク,氷,物理,70,100,15,
052,ニャンバット,闇,270,ヘイズ,,15,MVP_128,アイスヴェールブロー,氷,物理,75,90,11,
052,ニャンバット,闇,270,ヘイズ,,15,MVP_129,フロストブロッサムパンチ,氷,物理,75,90,11,
052,ニャンバット,闇,270,ヘイズ,,16,MVP_130,アイスコアフィスト,氷,物理,80,100,6,
053,クルットリ,無,205,けいかいかん,,1,MV_161,ディスラプト,無,変化,0,100,15,
053,クルットリ,無,205,けいかいかん,,1,MV_162,インティミデート,無,変化,0,100,15,
053,クルットリ,無,205,けいかいかん,,3,mvn_078,ドラゴンファング,竜,特殊,15,100,36,
053,クルットリ,無,205,けいかいかん,,6,MVP_001,ホワイトストライク,無,物理,30,100,30,
053,クルットリ,無,205,けいかいかん,,6,MV_137,バックフィスト,無,物理,30,100,36,
053,クルットリ,無,205,けいかいかん,,6,mvn_080,ドラゴンヴェインショット,竜,特殊,30,100,32,
053,クルットリ,無,205,けいかいかん,,6,mvn_082,ドラゴンクロー,竜,特殊,30,100,28,
053,クルットリ,無,205,けいかいかん,,7,MV_138,ダブルスラスト,無,物理,35,100,33,
053,クルットリ,無,205,けいかいかん,,7,MV_139,テイルスイープ,無,物理,35,100,33,
053,クルットリ,無,205,けいかいかん,,8,MV_140,ヘッドバット,無,物理,40,100,33,
053,クルットリ,無,205,けいかいかん,,8,MV_141,スピンタックル,無,物理,40,100,33,
053,クルットリ,無,205,けいかいかん,,9,MVP_141,ドラゴンファングストライク,竜,物理,45,100,30,
053,クルットリ,無,205,けいかいかん,,9,MV_142,フライングキック,無,物理,45,100,33,
053,クルットリ,無,205,けいかいかん,,9,MV_143,ブラントエッジ,無,物理,45,100,33,
053,クルットリ,無,205,けいかいかん,,9,mvn_083,ドラゴンリング,竜,特殊,45,100,26,
053,クルットリ,無,205,けいかいかん,,10,MVP_002,マッチレスブロー,無,物理,50,100,28,
053,クルットリ,無,205,けいかいかん,,10,MVP_142,ドラゴンスケイルフィスト,竜,物理,50,100,28,
053,クルットリ,無,205,けいかいかん,,10,MVP_143,ドラゴンヴェインブロー,竜,物理,50,100,28,
053,クルットリ,無,205,けいかいかん,,10,MV_145,ラッシュスラスト,無,物理,50,100,33,
053,クルットリ,無,205,けいかいかん,,11,MVP_144,ドラゴンブレスパンチ,竜,物理,55,100,26,
053,クルットリ,無,205,けいかいかん,,11,MV_116,ドラゴンファングスラスト,竜,物理,55,100,27,
053,クルットリ,無,205,けいかいかん,,12,MVP_145,ドラゴンクロースラスト,竜,物理,60,100,21,
053,クルットリ,無,205,けいかいかん,,12,MVP_146,ドラゴンリングフィスト,竜,物理,60,100,18,
053,クルットリ,無,205,けいかいかん,,13,MVP_147,ドラゴンヴェールストライク,竜,物理,65,100,15,
053,クルットリ,無,205,けいかいかん,,13,MV_112,ドラゴンクローコンボ,竜,物理,65,100,15,
053,クルットリ,無,205,けいかいかん,,14,MVP_148,ドラゴンヴォイスブロー,竜,物理,70,90,11,
053,クルットリ,無,205,けいかいかん,,14,MV_110,ツインドラゴンファング,竜,物理,70,95,13,
053,クルットリ,無,205,けいかいかん,,15,MVP_149,ドラゴンピアスパンチ,竜,物理,75,90,11,
053,クルットリ,無,205,けいかいかん,,15,MV_109,ドラゴンスケイルスラッシュ,竜,物理,75,100,9,
053,クルットリ,無,205,けいかいかん,,16,MVP_150,ドラゴンフォスファーフィスト,竜,物理,80,100,6,
053,クルットリ,無,205,けいかいかん,,16,MVP_151,ドラゴンハートストライク,竜,物理,80,90,8,
054,ライコーン,雷,290,雷のちから,,1,MV_179,アクセラレート,雷,変化,0,100,15,
054,ライコーン,雷,290,雷のちから,,3,mvn_056,グリーンリーフ,草,特殊,15,100,36,
054,ライコーン,雷,290,雷のちから,,4,mvs_electric_accuracy_crit,ボルトサイト,雷,変化,0,100,15,
054,ライコーン,雷,290,雷のちから,,5,MV_285,グラスノット,草,特殊,25,100,28,
054,ライコーン,雷,290,雷のちから,,5,mvn_060,グラスリング,草,特殊,25,100,28,
054,ライコーン,雷,290,雷のちから,,6,mvn_059,フレッシュリーフ,草,特殊,30,100,30,
054,ライコーン,雷,290,雷のちから,,7,MV_281,リーフブレード,草,物理,35,100,36,
054,ライコーン,雷,290,雷のちから,,7,mvh_electric,トリプルボルトストライク,雷,物理,35,90,10,3発(発ごと命中)
054,ライコーン,雷,290,雷のちから,,8,MVP_061,バイオレットボルトストライク,雷,物理,40,100,30,
054,ライコーン,雷,290,雷のちから,,8,MVP_062,サンダーロアフィスト,雷,物理,40,100,28,
054,ライコーン,雷,290,雷のちから,,8,MVP_101,グリーンリーフストライク,草,物理,40,100,30,
054,ライコーン,雷,290,雷のちから,,8,MV_282,シードショット,草,物理,40,100,33,
054,ライコーン,雷,290,雷のちから,,9,MVP_063,フラッシュボルトブロー,雷,物理,45,100,28,
054,ライコーン,雷,290,雷のちから,,9,MVP_102,アイビーストライクフィスト,草,物理,45,100,28,
054,ライコーン,雷,290,雷のちから,,9,MV_168,スパークボルト,雷,物理,45,95,28,
054,ライコーン,雷,290,雷のちから,,9,MV_283,ヴァインウィップ,草,物理,45,100,33,
054,ライコーン,雷,290,雷のちから,,9,mvn_061,ヴァーダントリーフ,草,特殊,45,100,26,
054,ライコーン,雷,290,雷のちから,,9,spine_vine,スパインヴァイン,草,特殊,45,100,21,
054,ライコーン,雷,290,雷のちから,,10,MVP_064,ボルトチャージパンチ,雷,物理,50,100,26,
054,ライコーン,雷,290,雷のちから,,10,MVP_103,リーフヴェインブロー,草,物理,50,100,28,
054,ライコーン,雷,290,雷のちから,,10,MVP_104,フレッシュリーフパンチ,草,物理,50,100,26,
054,ライコーン,雷,290,雷のちから,,10,MV_182,ショックスティング,雷,物理,50,100,30,
054,ライコーン,雷,290,雷のちから,,11,MV_183,ライトニングスラスト,雷,物理,55,100,27,
054,ライコーン,雷,290,雷のちから,,11,MV_287,アイビーバインド,草,物理,55,100,27,
054,ライコーン,雷,290,雷のちから,,11,MV_288,ソーンウィップ,草,物理,55,100,24,
054,ライコーン,雷,290,雷のちから,,12,MVP_065,スイフトボルトスラスト,雷,物理,60,100,21,
054,ライコーン,雷,290,雷のちから,,12,MVP_105,グラスリングスラスト,草,物理,60,100,21,
054,ライコーン,雷,290,雷のちから,,12,MV_296,ブライアウィップ,草,物理,60,100,21,
054,ライコーン,雷,290,雷のちから,,13,MVP_106,ヴァーダントリーフフィスト,草,物理,65,100,18,
054,ライコーン,雷,290,雷のちから,,13,MVP_107,リーフスウォームストライク,草,物理,65,100,15,
054,ライコーン,雷,290,雷のちから,,14,MV_289,パワーウィップ,草,物理,70,100,12,
054,ライコーン,雷,290,雷のちから,,14,MV_297,ティンバーストライク,草,物理,70,100,15,
054,ライコーン,雷,290,雷のちから,,15,MVP_108,グラスヴェールブロー,草,物理,75,90,11,
054,ライコーン,雷,290,雷のちから,,15,MVP_109,ヴァインブローパンチ,草,物理,75,90,11,
054,ライコーン,雷,290,雷のちから,,16,MVP_110,グリーンアレイフィスト,草,物理,80,100,6,
054B,レイコーン,氷,295,ゆきすべり,,3,mvn_023,クリアストリーム,水,特殊,15,100,36,
054B,レイコーン,氷,295,ゆきすべり,,4,mvs_ice_atk_evasion,グレイシャーステップ,氷,変化,0,100,15,
054B,レイコーン,氷,295,ゆきすべり,,5,aqua_gun,アクアショット,水,特殊,25,100,36,
054B,レイコーン,氷,295,ゆきすべり,,5,mvh_water,タービュレントラッシュ,水,物理,25,95,15,2〜5発
054B,レイコーン,氷,295,ゆきすべり,,7,MV_187,アイスペブル,氷,物理,35,100,36,
054B,レイコーン,氷,295,ゆきすべり,,7,MV_212,ウォーターガン,水,物理,35,100,36,
054B,レイコーン,氷,295,ゆきすべり,,7,MV_215,ウォーターカッター,水,特殊,35,100,30,
054B,レイコーン,氷,295,ゆきすべり,,7,mvh_ice,トリプルアイスブレード,氷,物理,35,90,10,3発(発ごと命中)
054B,レイコーン,氷,295,ゆきすべり,,7,mvw_snow,スノーダンス,氷,変化,0,100,16,
054B,レイコーン,氷,295,ゆきすべり,,8,MVP_041,クリアストリームストライク,水,物理,40,100,30,
054B,レイコーン,氷,295,ゆきすべり,,8,MVP_121,ホワイトアイスストライク,氷,物理,40,100,30,
054B,レイコーン,氷,295,ゆきすべり,,8,MV_188,アイスブレード,氷,物理,40,100,33,
054B,レイコーン,氷,295,ゆきすべり,,9,MVP_042,ミラーウォーターブロー,水,物理,45,100,28,
054B,レイコーン,氷,295,ゆきすべり,,9,MVP_122,フリーズフィスト,氷,物理,45,100,28,
054B,レイコーン,氷,295,ゆきすべり,,9,MVP_123,フロストストライクブロー,氷,物理,45,100,28,
054B,レイコーン,氷,295,ゆきすべり,,9,MV_214,バブルバラージ,水,物理,45,100,33,
054B,レイコーン,氷,295,ゆきすべり,,9,mvn_028,スプラッシュ,水,特殊,45,100,26,
054B,レイコーン,氷,295,ゆきすべり,,10,MVP_043,サーフサウンドフィスト,水,物理,50,100,28,
054B,レイコーン,氷,295,ゆきすべり,,10,MVP_044,ドロップストライクパンチ,水,物理,50,100,26,
054B,レイコーン,氷,295,ゆきすべり,,10,MVP_124,アイスリングパンチ,氷,物理,50,100,26,
054B,レイコーン,氷,295,ゆきすべり,,10,MV_189,フロストショット,氷,物理,50,100,30,
054B,レイコーン,氷,295,ゆきすべり,,11,MV_190,アイスニードル,氷,物理,55,100,27,
054B,レイコーン,氷,295,ゆきすべり,,11,MV_216,ウォーターブレード,水,物理,55,100,27,
054B,レイコーン,氷,295,ゆきすべり,,11,MV_221,ストリームコンボ,水,物理,55,100,27,
054B,レイコーン,氷,295,ゆきすべり,,12,MV_222,ミラーウォータースラッシュ,水,物理,60,100,24,
054B,レイコーン,氷,295,ゆきすべり,,12,MV_227,アクアジェット,水,物理,60,100,27,
054B,レイコーン,氷,295,ゆきすべり,,13,MVP_045,ウォーターリングスラスト,水,物理,65,100,21,
054B,レイコーン,氷,295,ゆきすべり,,13,MV_230,アクアファング,水,物理,65,100,24,
054B,レイコーン,氷,295,ゆきすべり,,14,MVP_046,スプラッシュフィスト,水,物理,70,100,18,
054B,レイコーン,氷,295,ゆきすべり,,14,MVP_047,ウォーターヴェインストライク,水,物理,70,100,15,
054B,レイコーン,氷,295,ゆきすべり,,15,MVP_048,アズールウェーブブロー,水,物理,75,90,11,
054B,レイコーン,氷,295,ゆきすべり,,15,MVP_049,ドロップレットパンチ,水,物理,75,90,11,
054B,レイコーン,氷,295,ゆきすべり,,16,MVP_050,アクアヴェールフィスト,水,物理,80,100,6,
055,シャーキッド,水,255,おこりんぼ,,3,mvn_045,クロッド,地,特殊,15,100,36,
055,シャーキッド,水,255,おこりんぼ,,4,MV_280,サンドバインド,地,特殊,20,100,28,
055,シャーキッド,水,255,おこりんぼ,,4,mvs_water_def_accuracy,サーフェスガード,水,変化,0,100,15,
055,シャーキッド,水,255,おこりんぼ,,4,mvs_water_def_evasion,サーフェスヴェール,水,変化,0,100,15,
055,シャーキッド,水,255,おこりんぼ,,5,mvh_ground,ロックバラージブロー,地,物理,25,95,15,2〜5発
055,シャーキッド,水,255,おこりんぼ,,5,mvh_water,タービュレントラッシュ,水,物理,25,95,15,2〜5発
055,シャーキッド,水,255,おこりんぼ,,6,mvn_048,クラッシュソイル,地,特殊,30,100,30,
055,シャーキッド,水,255,おこりんぼ,,7,MV_212,ウォーターガン,水,物理,35,100,36,
055,シャーキッド,水,255,おこりんぼ,,7,MV_256,ストーンペブル,地,物理,35,100,36,
055,シャーキッド,水,255,おこりんぼ,,8,MVP_041,クリアストリームストライク,水,物理,40,100,30,
055,シャーキッド,水,255,おこりんぼ,,8,MVP_081,クロッドストライク,地,物理,40,100,30,
055,シャーキッド,水,255,おこりんぼ,,8,MV_260,ブラインドサンド,地,物理,40,100,32,
055,シャーキッド,水,255,おこりんぼ,,8,mvn_049,アースヴェール,地,特殊,40,100,28,
055,シャーキッド,水,255,おこりんぼ,,9,MVP_042,ミラーウォーターブロー,水,物理,45,100,28,
055,シャーキッド,水,255,おこりんぼ,,9,MV_214,バブルバラージ,水,物理,45,100,33,
055,シャーキッド,水,255,おこりんぼ,,9,MV_257,ロックバレット,地,物理,45,100,33,
055,シャーキッド,水,255,おこりんぼ,,9,MV_259,サンドスプレー,地,物理,45,100,30,
055,シャーキッド,水,255,おこりんぼ,,10,MVP_043,サーフサウンドフィスト,水,物理,50,100,28,
055,シャーキッド,水,255,おこりんぼ,,10,MVP_044,ドロップストライクパンチ,水,物理,50,100,26,
055,シャーキッド,水,255,おこりんぼ,,10,MVP_082,ベッドロックフィスト,地,物理,50,100,28,
055,シャーキッド,水,255,おこりんぼ,,10,MVP_083,レイラインブロー,地,物理,50,100,28,
055,シャーキッド,水,255,おこりんぼ,,11,MVP_084,クラッシュソイルパンチ,地,物理,55,100,26,
055,シャーキッド,水,255,おこりんぼ,,11,MV_216,ウォーターブレード,水,物理,55,100,27,
055,シャーキッド,水,255,おこりんぼ,,11,MV_221,ストリームコンボ,水,物理,55,100,27,
055,シャーキッド,水,255,おこりんぼ,,11,MV_258,フィッシャースラスト,地,物理,55,100,27,
055,シャーキッド,水,255,おこりんぼ,,12,MVP_085,アースヴェールスラスト,地,物理,60,100,21,
055,シャーキッド,水,255,おこりんぼ,,12,MV_272,シャープロックスラスト,地,物理,60,100,24,
055,シャーキッド,水,255,おこりんぼ,,13,MVP_086,ロックシャードフィスト,地,物理,65,100,18,
055,シャーキッド,水,255,おこりんぼ,,13,MV_263,ロックスマッシュ,地,物理,65,100,18,
055,シャーキッド,水,255,おこりんぼ,,14,MVP_087,アースウォールストライク,地,物理,70,100,15,
055,シャーキッド,水,255,おこりんぼ,,14,MV_274,ベッドロックブレイク,地,物理,70,100,12,
055,シャーキッド,水,255,おこりんぼ,,15,MVP_088,ハードグラウンドブロー,地,物理,75,90,11,
055,シャーキッド,水,255,おこりんぼ,,15,MVP_089,ペブルブローパンチ,地,物理,75,90,11,
055,シャーキッド,水,255,おこりんぼ,,16,MVP_090,アースリングフィスト,地,物理,80,100,6,
055,シャーキッド,水,255,おこりんぼ,,16,MVP_091,ソリッドソイルストライク,地,物理,80,90,8,
055B,シャーマンダー,炎,255,おこりんぼ,放熱器官,3,mvn_034,バイオレットボルト,雷,特殊,15,85,36,
055B,シャーマンダー,炎,255,おこりんぼ,放熱器官,4,mvs_fire_atk_crit,フレイムファングスタンス,炎,変化,0,100,15,
055B,シャーマンダー,炎,255,おこりんぼ,放熱器官,5,MV_185,ボルトライトバレット,雷,特殊,25,100,33,
055B,シャーマンダー,炎,255,おこりんぼ,放熱器官,6,shockwave,ショックウェーブ,雷,特殊,30,100,36,
055B,シャーマンダー,炎,255,おこりんぼ,放熱器官,7,MVP_021,クリムゾンストライク,炎,物理,35,100,30,
055B,シャーマンダー,炎,255,おこりんぼ,放熱器官,7,MV_233,シンダー,炎,物理,35,95,32,
055B,シャーマンダー,炎,255,おこりんぼ,放熱器官,7,mvh_electric,トリプルボルトストライク,雷,物理,35,90,10,3発(発ごと命中)
055B,シャーマンダー,炎,255,おこりんぼ,放熱器官,8,MVP_022,スコーチフィスト,炎,物理,40,100,28,
055B,シャーマンダー,炎,255,おこりんぼ,放熱器官,8,MVP_023,フォスファーブロー,炎,物理,40,100,28,
055B,シャーマンダー,炎,255,おこりんぼ,放熱器官,8,MVP_061,バイオレットボルトストライク,雷,物理,40,100,30,
055B,シャーマンダー,炎,255,おこりんぼ,放熱器官,8,MVP_062,サンダーロアフィスト,雷,物理,40,100,28,
055B,シャーマンダー,炎,255,おこりんぼ,放熱器官,8,lock_on_laser,ロックオンレーザー,雷,特殊,40,100,30,
055B,シャーマンダー,炎,255,おこりんぼ,放熱器官,9,MVP_024,ロースパンチ,炎,物理,45,100,26,
055B,シャーマンダー,炎,255,おこりんぼ,放熱器官,9,MVP_063,フラッシュボルトブロー,雷,物理,45,100,28,
055B,シャーマンダー,炎,255,おこりんぼ,放熱器官,9,MV_168,スパークボルト,雷,物理,45,95,28,
055B,シャーマンダー,炎,255,おこりんぼ,放熱器官,9,MV_236,フレイムクロー,炎,物理,45,95,26,
055B,シャーマンダー,炎,255,おこりんぼ,放熱器官,9,mvn_040,ボルトトレイル,雷,特殊,45,100,24,
055B,シャーマンダー,炎,255,おこりんぼ,放熱器官,10,MVP_064,ボルトチャージパンチ,雷,物理,50,100,26,
055B,シャーマンダー,炎,255,おこりんぼ,放熱器官,10,MV_182,ショックスティング,雷,物理,50,100,30,
055B,シャーマンダー,炎,255,おこりんぼ,放熱器官,10,MV_246,フレイムファング,炎,物理,50,95,26,
055B,シャーマンダー,炎,255,おこりんぼ,放熱器官,10,MV_250,フレイムスラスト,炎,物理,50,100,27,
055B,シャーマンダー,炎,255,おこりんぼ,放熱器官,10,mvs_ep_fire,ヘルファイアピーク,炎,変化,0,100,10,
055B,シャーマンダー,炎,255,おこりんぼ,放熱器官,11,MV_183,ライトニングスラスト,雷,物理,55,100,27,
055B,シャーマンダー,炎,255,おこりんぼ,放熱器官,11,MV_237,ブレイズスラッシュ,炎,物理,55,95,24,
055B,シャーマンダー,炎,255,おこりんぼ,放熱器官,12,MVP_065,スイフトボルトスラスト,雷,物理,60,100,21,
055B,シャーマンダー,炎,255,おこりんぼ,放熱器官,12,MV_170,ディスチャージ,雷,物理,60,95,24,
055B,シャーマンダー,炎,255,おこりんぼ,放熱器官,13,MVP_066,ボルトリングフィスト,雷,物理,65,100,18,
055B,シャーマンダー,炎,255,おこりんぼ,放熱器官,14,MVP_067,ボルトトレイルストライク,雷,物理,70,100,15,
055B,シャーマンダー,炎,255,おこりんぼ,放熱器官,15,MVP_068,スタティックブロー,雷,物理,75,90,11,
055B,シャーマンダー,炎,255,おこりんぼ,放熱器官,15,MVP_069,ボルトコアパンチ,雷,物理,75,90,11,
055B,シャーマンダー,炎,255,おこりんぼ,放熱器官,16,MVP_070,ボルトフラッシュスラスト,雷,物理,80,100,6,
055B,シャーマンダー,炎,255,おこりんぼ,放熱器官,16,MVP_071,ボルトグレインフィスト,雷,物理,80,90,8,
056,ツキカゲ,闇,260,えいそう,,3,mvn_067,ホワイトアイス,氷,特殊,15,85,36,
056,ツキカゲ,闇,260,えいそう,,5,mvh_dark,シャドウバラージ,闇,物理,25,95,15,2〜5発
056,ツキカゲ,闇,260,えいそう,,6,MV_205,フロストネット,氷,特殊,30,95,28,
056,ツキカゲ,闇,260,えいそう,,6,ice_cutter,アイスカッター,氷,特殊,30,100,33,
056,ツキカゲ,闇,260,えいそう,,7,MV_121,シャドウピアス,闇,物理,35,100,34,
056,ツキカゲ,闇,260,えいそう,,7,MV_123,ダスクブレード,闇,物理,35,100,32,
056,ツキカゲ,闇,260,えいそう,,7,MV_187,アイスペブル,氷,物理,35,100,36,
056,ツキカゲ,闇,260,えいそう,,7,mvh_ice,トリプルアイスブレード,氷,物理,35,90,10,3発(発ごと命中)
056,ツキカゲ,闇,260,えいそう,,7,mvs_toxic_dark,トキシックドロップ,闇,変化,0,100,10,
056,ツキカゲ,闇,260,えいそう,,7,mvw_fog,フォグヴェール,闇,変化,0,100,16,
056,ツキカゲ,闇,260,えいそう,,8,MVP_121,ホワイトアイスストライク,氷,物理,40,100,30,
056,ツキカゲ,闇,260,えいそう,,8,MV_124,シャドウステッチ,闇,物理,40,100,32,
056,ツキカゲ,闇,260,えいそう,,8,MV_125,ダークウェッジ,闇,物理,40,100,32,
056,ツキカゲ,闇,260,えいそう,,8,MV_188,アイスブレード,氷,物理,40,100,33,
056,ツキカゲ,闇,260,えいそう,,9,MVP_122,フリーズフィスト,氷,物理,45,100,28,
056,ツキカゲ,闇,260,えいそう,,9,MVP_123,フロストストライクブロー,氷,物理,45,100,28,
056,ツキカゲ,闇,260,えいそう,,9,MVP_161,ブラックミストストライク,闇,物理,45,100,30,
056,ツキカゲ,闇,260,えいそう,,9,MV_126,カースチェイン,闇,物理,45,100,32,
056,ツキカゲ,闇,260,えいそう,,9,mvn_073,フローズンクラウド,氷,特殊,45,100,24,
056,ツキカゲ,闇,260,えいそう,,10,MVP_124,アイスリングパンチ,氷,物理,50,100,26,
056,ツキカゲ,闇,260,えいそう,,10,MVP_162,シャドウストライクフィスト,闇,物理,50,100,28,
056,ツキカゲ,闇,260,えいそう,,10,MVP_163,カースブローパンチ,闇,物理,50,100,28,
056,ツキカゲ,闇,260,えいそう,,10,MV_189,フロストショット,氷,物理,50,100,30,
056,ツキカゲ,闇,260,えいそう,,11,MV_190,アイスニードル,氷,物理,55,100,27,
056,ツキカゲ,闇,260,えいそう,,11,MV_211,フローズンブレード,氷,物理,55,95,26,
056,ツキカゲ,闇,260,えいそう,,12,MVP_125,チルスラスト,氷,物理,60,100,21,
056,ツキカゲ,闇,260,えいそう,,12,MV_195,アイスファング,氷,物理,60,95,24,
056,ツキカゲ,闇,260,えいそう,,13,MV_192,ブリザードブロー,氷,物理,65,100,21,
056,ツキカゲ,闇,260,えいそう,,13,MV_200,アイスブレードコンボ,氷,物理,65,100,21,
056,ツキカゲ,闇,260,えいそう,,14,MVP_126,アイスシャードフィスト,氷,物理,70,100,18,
056,ツキカゲ,闇,260,えいそう,,14,MVP_127,フローズンクラウドストライク,氷,物理,70,100,15,
056,ツキカゲ,闇,260,えいそう,,15,MVP_128,アイスヴェールブロー,氷,物理,75,90,11,
056,ツキカゲ,闇,260,えいそう,,15,MVP_129,フロストブロッサムパンチ,氷,物理,75,90,11,
056,ツキカゲ,闇,260,えいそう,,16,MVP_130,アイスコアフィスト,氷,物理,80,100,6,
056,ツキカゲ,闇,260,えいそう,,16,MVP_131,コールドストライクスラスト,氷,物理,80,90,8,
056B,ユキカゲ,氷,265,えいそう,,3,mvn_023,クリアストリーム,水,特殊,15,100,36,
056B,ユキカゲ,氷,265,えいそう,,4,mvs_ice_atk_evasion,グレイシャーステップ,氷,変化,0,100,15,
056B,ユキカゲ,氷,265,えいそう,,5,aqua_gun,アクアショット,水,特殊,25,100,36,
056B,ユキカゲ,氷,265,えいそう,,5,mvh_water,タービュレントラッシュ,水,物理,25,95,15,2〜5発
056B,ユキカゲ,氷,265,えいそう,,7,MV_187,アイスペブル,氷,物理,35,100,36,
056B,ユキカゲ,氷,265,えいそう,,7,MV_212,ウォーターガン,水,物理,35,100,36,
056B,ユキカゲ,氷,265,えいそう,,7,MV_215,ウォーターカッター,水,特殊,35,100,30,
056B,ユキカゲ,氷,265,えいそう,,7,mvh_ice,トリプルアイスブレード,氷,物理,35,90,10,3発(発ごと命中)
056B,ユキカゲ,氷,265,えいそう,,7,mvw_snow,スノーダンス,氷,変化,0,100,16,
056B,ユキカゲ,氷,265,えいそう,,8,MVP_041,クリアストリームストライク,水,物理,40,100,30,
056B,ユキカゲ,氷,265,えいそう,,8,MVP_121,ホワイトアイスストライク,氷,物理,40,100,30,
056B,ユキカゲ,氷,265,えいそう,,8,MV_188,アイスブレード,氷,物理,40,100,33,
056B,ユキカゲ,氷,265,えいそう,,9,MVP_042,ミラーウォーターブロー,水,物理,45,100,28,
056B,ユキカゲ,氷,265,えいそう,,9,MVP_122,フリーズフィスト,氷,物理,45,100,28,
056B,ユキカゲ,氷,265,えいそう,,9,MVP_123,フロストストライクブロー,氷,物理,45,100,28,
056B,ユキカゲ,氷,265,えいそう,,9,MV_214,バブルバラージ,水,物理,45,100,33,
056B,ユキカゲ,氷,265,えいそう,,9,mvn_028,スプラッシュ,水,特殊,45,100,26,
056B,ユキカゲ,氷,265,えいそう,,10,MVP_043,サーフサウンドフィスト,水,物理,50,100,28,
056B,ユキカゲ,氷,265,えいそう,,10,MVP_044,ドロップストライクパンチ,水,物理,50,100,26,
056B,ユキカゲ,氷,265,えいそう,,10,MVP_124,アイスリングパンチ,氷,物理,50,100,26,
056B,ユキカゲ,氷,265,えいそう,,10,MV_189,フロストショット,氷,物理,50,100,30,
056B,ユキカゲ,氷,265,えいそう,,11,MV_190,アイスニードル,氷,物理,55,100,27,
056B,ユキカゲ,氷,265,えいそう,,11,MV_216,ウォーターブレード,水,物理,55,100,27,
056B,ユキカゲ,氷,265,えいそう,,11,MV_221,ストリームコンボ,水,物理,55,100,27,
056B,ユキカゲ,氷,265,えいそう,,12,MV_222,ミラーウォータースラッシュ,水,物理,60,100,24,
056B,ユキカゲ,氷,265,えいそう,,12,MV_227,アクアジェット,水,物理,60,100,27,
056B,ユキカゲ,氷,265,えいそう,,13,MVP_045,ウォーターリングスラスト,水,物理,65,100,21,
056B,ユキカゲ,氷,265,えいそう,,13,MV_230,アクアファング,水,物理,65,100,24,
056B,ユキカゲ,氷,265,えいそう,,14,MVP_046,スプラッシュフィスト,水,物理,70,100,18,
056B,ユキカゲ,氷,265,えいそう,,14,MVP_047,ウォーターヴェインストライク,水,物理,70,100,15,
056B,ユキカゲ,氷,265,えいそう,,15,MVP_048,アズールウェーブブロー,水,物理,75,90,11,
056B,ユキカゲ,氷,265,えいそう,,15,MVP_049,ドロップレットパンチ,水,物理,75,90,11,
056B,ユキカゲ,氷,265,えいそう,,16,MVP_050,アクアヴェールフィスト,水,物理,80,100,6,
056B,ユキカゲ,氷,265,えいそう,,16,MVP_051,リップルストライク,水,物理,80,90,8,
057,マスクロウ,闇,250,どくせんボディ,,3,mvn_067,ホワイトアイス,氷,特殊,15,85,36,
057,マスクロウ,闇,250,どくせんボディ,,4,MV_122,カースウィスパー,闇,変化,0,100,15,
057,マスクロウ,闇,250,どくせんボディ,,5,mvh_dark,シャドウバラージ,闇,物理,25,95,15,2〜5発
057,マスクロウ,闇,250,どくせんボディ,,6,MV_205,フロストネット,氷,特殊,30,95,28,
057,マスクロウ,闇,250,どくせんボディ,,6,ice_cutter,アイスカッター,氷,特殊,30,100,33,
057,マスクロウ,闇,250,どくせんボディ,,7,MV_121,シャドウピアス,闇,物理,35,100,34,
057,マスクロウ,闇,250,どくせんボディ,,7,MV_123,ダスクブレード,闇,物理,35,100,32,
057,マスクロウ,闇,250,どくせんボディ,,7,MV_187,アイスペブル,氷,物理,35,100,36,
057,マスクロウ,闇,250,どくせんボディ,,7,mvh_ice,トリプルアイスブレード,氷,物理,35,90,10,3発(発ごと命中)
057,マスクロウ,闇,250,どくせんボディ,,8,MVP_121,ホワイトアイスストライク,氷,物理,40,100,30,
057,マスクロウ,闇,250,どくせんボディ,,8,MV_124,シャドウステッチ,闇,物理,40,100,32,
057,マスクロウ,闇,250,どくせんボディ,,8,MV_125,ダークウェッジ,闇,物理,40,100,32,
057,マスクロウ,闇,250,どくせんボディ,,8,MV_188,アイスブレード,氷,物理,40,100,33,
057,マスクロウ,闇,250,どくせんボディ,,9,MVP_122,フリーズフィスト,氷,物理,45,100,28,
057,マスクロウ,闇,250,どくせんボディ,,9,MVP_123,フロストストライクブロー,氷,物理,45,100,28,
057,マスクロウ,闇,250,どくせんボディ,,9,MVP_161,ブラックミストストライク,闇,物理,45,100,30,
057,マスクロウ,闇,250,どくせんボディ,,9,MV_126,カースチェイン,闇,物理,45,100,32,
057,マスクロウ,闇,250,どくせんボディ,,9,mvn_073,フローズンクラウド,氷,特殊,45,100,24,
057,マスクロウ,闇,250,どくせんボディ,,10,MVP_124,アイスリングパンチ,氷,物理,50,100,26,
057,マスクロウ,闇,250,どくせんボディ,,10,MVP_162,シャドウストライクフィスト,闇,物理,50,100,28,
057,マスクロウ,闇,250,どくせんボディ,,10,MVP_163,カースブローパンチ,闇,物理,50,100,28,
057,マスクロウ,闇,250,どくせんボディ,,10,MV_189,フロストショット,氷,物理,50,100,30,
057,マスクロウ,闇,250,どくせんボディ,,10,poison_fog,ポイズンフォグ,闇,変化,0,100,10,
057,マスクロウ,闇,250,どくせんボディ,,11,MV_190,アイスニードル,氷,物理,55,100,27,
057,マスクロウ,闇,250,どくせんボディ,,11,MV_211,フローズンブレード,氷,物理,55,95,26,
057,マスクロウ,闇,250,どくせんボディ,,12,MVP_125,チルスラスト,氷,物理,60,100,21,
057,マスクロウ,闇,250,どくせんボディ,,12,MV_195,アイスファング,氷,物理,60,95,24,
057,マスクロウ,闇,250,どくせんボディ,,13,MV_192,ブリザードブロー,氷,物理,65,100,21,
057,マスクロウ,闇,250,どくせんボディ,,13,MV_200,アイスブレードコンボ,氷,物理,65,100,21,
057,マスクロウ,闇,250,どくせんボディ,,14,MVP_126,アイスシャードフィスト,氷,物理,70,100,18,
057,マスクロウ,闇,250,どくせんボディ,,14,MVP_127,フローズンクラウドストライク,氷,物理,70,100,15,
057,マスクロウ,闇,250,どくせんボディ,,15,MVP_128,アイスヴェールブロー,氷,物理,75,90,11,
057,マスクロウ,闇,250,どくせんボディ,,15,MVP_129,フロストブロッサムパンチ,氷,物理,75,90,11,
057,マスクロウ,闇,250,どくせんボディ,,16,MVP_130,アイスコアフィスト,氷,物理,80,100,6,
057,マスクロウ,闇,250,どくせんボディ,,16,MVP_131,コールドストライクスラスト,氷,物理,80,90,8,
058,ブルフェルノ,炎,275,フェーン,放熱器官,3,mvn_034,バイオレットボルト,雷,特殊,15,85,36,
058,ブルフェルノ,炎,275,フェーン,放熱器官,4,mvs_fire_atk_crit,フレイムファングスタンス,炎,変化,0,100,15,
058,ブルフェルノ,炎,275,フェーン,放熱器官,5,MV_185,ボルトライトバレット,雷,特殊,25,100,33,
058,ブルフェルノ,炎,275,フェーン,放熱器官,6,shockwave,ショックウェーブ,雷,特殊,30,100,36,
058,ブルフェルノ,炎,275,フェーン,放熱器官,7,MVP_021,クリムゾンストライク,炎,物理,35,100,30,
058,ブルフェルノ,炎,275,フェーン,放熱器官,7,MV_233,シンダー,炎,物理,35,95,32,
058,ブルフェルノ,炎,275,フェーン,放熱器官,7,mvh_electric,トリプルボルトストライク,雷,物理,35,90,10,3発(発ごと命中)
058,ブルフェルノ,炎,275,フェーン,放熱器官,8,MVP_022,スコーチフィスト,炎,物理,40,100,28,
058,ブルフェルノ,炎,275,フェーン,放熱器官,8,MVP_023,フォスファーブロー,炎,物理,40,100,28,
058,ブルフェルノ,炎,275,フェーン,放熱器官,8,MVP_061,バイオレットボルトストライク,雷,物理,40,100,30,
058,ブルフェルノ,炎,275,フェーン,放熱器官,8,MVP_062,サンダーロアフィスト,雷,物理,40,100,28,
058,ブルフェルノ,炎,275,フェーン,放熱器官,8,lock_on_laser,ロックオンレーザー,雷,特殊,40,100,30,
058,ブルフェルノ,炎,275,フェーン,放熱器官,9,MVP_024,ロースパンチ,炎,物理,45,100,26,
058,ブルフェルノ,炎,275,フェーン,放熱器官,9,MVP_063,フラッシュボルトブロー,雷,物理,45,100,28,
058,ブルフェルノ,炎,275,フェーン,放熱器官,9,MV_168,スパークボルト,雷,物理,45,95,28,
058,ブルフェルノ,炎,275,フェーン,放熱器官,9,MV_236,フレイムクロー,炎,物理,45,95,26,
058,ブルフェルノ,炎,275,フェーン,放熱器官,9,mvn_040,ボルトトレイル,雷,特殊,45,100,24,
058,ブルフェルノ,炎,275,フェーン,放熱器官,10,MVP_064,ボルトチャージパンチ,雷,物理,50,100,26,
058,ブルフェルノ,炎,275,フェーン,放熱器官,10,MV_182,ショックスティング,雷,物理,50,100,30,
058,ブルフェルノ,炎,275,フェーン,放熱器官,10,MV_246,フレイムファング,炎,物理,50,95,26,
058,ブルフェルノ,炎,275,フェーン,放熱器官,10,MV_250,フレイムスラスト,炎,物理,50,100,27,
058,ブルフェルノ,炎,275,フェーン,放熱器官,10,mvs_ep_fire,ヘルファイアピーク,炎,変化,0,100,10,
058,ブルフェルノ,炎,275,フェーン,放熱器官,11,MV_183,ライトニングスラスト,雷,物理,55,100,27,
058,ブルフェルノ,炎,275,フェーン,放熱器官,11,MV_237,ブレイズスラッシュ,炎,物理,55,95,24,
058,ブルフェルノ,炎,275,フェーン,放熱器官,12,MVP_065,スイフトボルトスラスト,雷,物理,60,100,21,
058,ブルフェルノ,炎,275,フェーン,放熱器官,12,MV_170,ディスチャージ,雷,物理,60,95,24,
058,ブルフェルノ,炎,275,フェーン,放熱器官,13,MVP_066,ボルトリングフィスト,雷,物理,65,100,18,
058,ブルフェルノ,炎,275,フェーン,放熱器官,14,MVP_067,ボルトトレイルストライク,雷,物理,70,100,15,
058,ブルフェルノ,炎,275,フェーン,放熱器官,15,MVP_068,スタティックブロー,雷,物理,75,90,11,
058,ブルフェルノ,炎,275,フェーン,放熱器官,15,MVP_069,ボルトコアパンチ,雷,物理,75,90,11,
058,ブルフェルノ,炎,275,フェーン,放熱器官,16,MVP_070,ボルトフラッシュスラスト,雷,物理,80,100,6,
058,ブルフェルノ,炎,275,フェーン,放熱器官,16,MVP_071,ボルトグレインフィスト,雷,物理,80,90,8,
059,モコチッチ,氷,195,けいかいかん,,3,mvn_023,クリアストリーム,水,特殊,15,100,36,
059,モコチッチ,氷,195,けいかいかん,,4,mvs_ice_atk_crit,グレイシャーファングスタンス,氷,変化,0,100,15,
059,モコチッチ,氷,195,けいかいかん,,4,mvs_ice_atk_evasion,グレイシャーステップ,氷,変化,0,100,15,
059,モコチッチ,氷,195,けいかいかん,,5,aqua_gun,アクアショット,水,特殊,25,100,36,
059,モコチッチ,氷,195,けいかいかん,,5,mvh_water,タービュレントラッシュ,水,物理,25,95,15,2〜5発
059,モコチッチ,氷,195,けいかいかん,,7,MV_187,アイスペブル,氷,物理,35,100,36,
059,モコチッチ,氷,195,けいかいかん,,7,MV_212,ウォーターガン,水,物理,35,100,36,
059,モコチッチ,氷,195,けいかいかん,,7,MV_215,ウォーターカッター,水,特殊,35,100,30,
059,モコチッチ,氷,195,けいかいかん,,7,mvh_ice,トリプルアイスブレード,氷,物理,35,90,10,3発(発ごと命中)
059,モコチッチ,氷,195,けいかいかん,,8,MVP_041,クリアストリームストライク,水,物理,40,100,30,
059,モコチッチ,氷,195,けいかいかん,,8,MVP_121,ホワイトアイスストライク,氷,物理,40,100,30,
059,モコチッチ,氷,195,けいかいかん,,8,MV_188,アイスブレード,氷,物理,40,100,33,
059,モコチッチ,氷,195,けいかいかん,,9,MVP_042,ミラーウォーターブロー,水,物理,45,100,28,
059,モコチッチ,氷,195,けいかいかん,,9,MVP_122,フリーズフィスト,氷,物理,45,100,28,
059,モコチッチ,氷,195,けいかいかん,,9,MVP_123,フロストストライクブロー,氷,物理,45,100,28,
059,モコチッチ,氷,195,けいかいかん,,9,MV_214,バブルバラージ,水,物理,45,100,33,
059,モコチッチ,氷,195,けいかいかん,,9,mvn_028,スプラッシュ,水,特殊,45,100,26,
059,モコチッチ,氷,195,けいかいかん,,10,MVP_043,サーフサウンドフィスト,水,物理,50,100,28,
059,モコチッチ,氷,195,けいかいかん,,10,MVP_044,ドロップストライクパンチ,水,物理,50,100,26,
059,モコチッチ,氷,195,けいかいかん,,10,MVP_124,アイスリングパンチ,氷,物理,50,100,26,
059,モコチッチ,氷,195,けいかいかん,,10,MV_189,フロストショット,氷,物理,50,100,30,
059,モコチッチ,氷,195,けいかいかん,,11,MV_190,アイスニードル,氷,物理,55,100,27,
059,モコチッチ,氷,195,けいかいかん,,11,MV_211,フローズンブレード,氷,物理,55,95,26,
059,モコチッチ,氷,195,けいかいかん,,11,MV_216,ウォーターブレード,水,物理,55,100,27,
059,モコチッチ,氷,195,けいかいかん,,11,MV_221,ストリームコンボ,水,物理,55,100,27,
059,モコチッチ,氷,195,けいかいかん,,12,MV_222,ミラーウォータースラッシュ,水,物理,60,100,24,
059,モコチッチ,氷,195,けいかいかん,,12,MV_227,アクアジェット,水,物理,60,100,27,
059,モコチッチ,氷,195,けいかいかん,,13,MVP_045,ウォーターリングスラスト,水,物理,65,100,21,
059,モコチッチ,氷,195,けいかいかん,,13,MV_230,アクアファング,水,物理,65,100,24,
059,モコチッチ,氷,195,けいかいかん,,14,MVP_046,スプラッシュフィスト,水,物理,70,100,18,
059,モコチッチ,氷,195,けいかいかん,,14,MVP_047,ウォーターヴェインストライク,水,物理,70,100,15,
059,モコチッチ,氷,195,けいかいかん,,15,MVP_048,アズールウェーブブロー,水,物理,75,90,11,
059,モコチッチ,氷,195,けいかいかん,,15,MVP_049,ドロップレットパンチ,水,物理,75,90,11,
059,モコチッチ,氷,195,けいかいかん,,16,MVP_050,アクアヴェールフィスト,水,物理,80,100,6,
059,モコチッチ,氷,195,けいかいかん,,16,MVP_051,リップルストライク,水,物理,80,90,8,
060,イバラヒメ,草,240,ふわふわ,,3,mvn_023,クリアストリーム,水,特殊,15,100,36,
060,イバラヒメ,草,240,ふわふわ,,4,mvs_grass_def_crit,フレッシュグリーンアーマー,草,変化,0,100,15,
060,イバラヒメ,草,240,ふわふわ,,5,aqua_gun,アクアショット,水,特殊,25,100,36,
060,イバラヒメ,草,240,ふわふわ,,5,mvh_water,タービュレントラッシュ,水,物理,25,95,15,2〜5発
060,イバラヒメ,草,240,ふわふわ,,7,MV_212,ウォーターガン,水,物理,35,100,36,
060,イバラヒメ,草,240,ふわふわ,,7,MV_215,ウォーターカッター,水,特殊,35,100,30,
060,イバラヒメ,草,240,ふわふわ,,7,MV_281,リーフブレード,草,物理,35,100,36,
060,イバラヒメ,草,240,ふわふわ,,7,mvw_gale,ゲイルコール,草,変化,0,100,16,
060,イバラヒメ,草,240,ふわふわ,,8,MVP_041,クリアストリームストライク,水,物理,40,100,30,
060,イバラヒメ,草,240,ふわふわ,,8,MVP_101,グリーンリーフストライク,草,物理,40,100,30,
060,イバラヒメ,草,240,ふわふわ,,8,MV_282,シードショット,草,物理,40,100,33,
060,イバラヒメ,草,240,ふわふわ,,9,MVP_042,ミラーウォーターブロー,水,物理,45,100,28,
060,イバラヒメ,草,240,ふわふわ,,9,MVP_102,アイビーストライクフィスト,草,物理,45,100,28,
060,イバラヒメ,草,240,ふわふわ,,9,MV_214,バブルバラージ,水,物理,45,100,33,
060,イバラヒメ,草,240,ふわふわ,,9,MV_283,ヴァインウィップ,草,物理,45,100,33,
060,イバラヒメ,草,240,ふわふわ,,9,mvn_028,スプラッシュ,水,特殊,45,100,26,
060,イバラヒメ,草,240,ふわふわ,,10,MVP_043,サーフサウンドフィスト,水,物理,50,100,28,
060,イバラヒメ,草,240,ふわふわ,,10,MVP_044,ドロップストライクパンチ,水,物理,50,100,26,
060,イバラヒメ,草,240,ふわふわ,,10,MVP_103,リーフヴェインブロー,草,物理,50,100,28,
060,イバラヒメ,草,240,ふわふわ,,10,MVP_104,フレッシュリーフパンチ,草,物理,50,100,26,
060,イバラヒメ,草,240,ふわふわ,,11,MV_216,ウォーターブレード,水,物理,55,100,27,
060,イバラヒメ,草,240,ふわふわ,,11,MV_221,ストリームコンボ,水,物理,55,100,27,
060,イバラヒメ,草,240,ふわふわ,,11,MV_287,アイビーバインド,草,物理,55,100,27,
060,イバラヒメ,草,240,ふわふわ,,11,MV_288,ソーンウィップ,草,物理,55,100,24,
060,イバラヒメ,草,240,ふわふわ,,12,MV_222,ミラーウォータースラッシュ,水,物理,60,100,24,
060,イバラヒメ,草,240,ふわふわ,,12,MV_227,アクアジェット,水,物理,60,100,27,
060,イバラヒメ,草,240,ふわふわ,,13,MVP_045,ウォーターリングスラスト,水,物理,65,100,21,
060,イバラヒメ,草,240,ふわふわ,,13,MV_230,アクアファング,水,物理,65,100,24,
060,イバラヒメ,草,240,ふわふわ,,14,MVP_046,スプラッシュフィスト,水,物理,70,100,18,
060,イバラヒメ,草,240,ふわふわ,,14,MVP_047,ウォーターヴェインストライク,水,物理,70,100,15,
060,イバラヒメ,草,240,ふわふわ,,15,MVP_048,アズールウェーブブロー,水,物理,75,90,11,
060,イバラヒメ,草,240,ふわふわ,,15,MVP_049,ドロップレットパンチ,水,物理,75,90,11,
060,イバラヒメ,草,240,ふわふわ,,16,MVP_050,アクアヴェールフィスト,水,物理,80,100,6,
060,イバラヒメ,草,240,ふわふわ,,16,MVP_051,リップルストライク,水,物理,80,90,8,
061,パピテフ,草,230,まいかぜ,,1,MV_299,ライフスタンス,草,変化,0,100,15,
061,パピテフ,草,230,まいかぜ,,3,mvn_023,クリアストリーム,水,特殊,15,100,36,
061,パピテフ,草,230,まいかぜ,,5,aqua_gun,アクアショット,水,特殊,25,100,36,
061,パピテフ,草,230,まいかぜ,,5,mvh_water,タービュレントラッシュ,水,物理,25,95,15,2〜5発
061,パピテフ,草,230,まいかぜ,,7,MV_212,ウォーターガン,水,物理,35,100,36,
061,パピテフ,草,230,まいかぜ,,7,MV_215,ウォーターカッター,水,特殊,35,100,30,
061,パピテフ,草,230,まいかぜ,,7,MV_281,リーフブレード,草,物理,35,100,36,
061,パピテフ,草,230,まいかぜ,,7,mvw_gale,ゲイルコール,草,変化,0,100,16,
061,パピテフ,草,230,まいかぜ,,8,MVP_041,クリアストリームストライク,水,物理,40,100,30,
061,パピテフ,草,230,まいかぜ,,8,MVP_101,グリーンリーフストライク,草,物理,40,100,30,
061,パピテフ,草,230,まいかぜ,,8,MV_282,シードショット,草,物理,40,100,33,
061,パピテフ,草,230,まいかぜ,,9,MVP_042,ミラーウォーターブロー,水,物理,45,100,28,
061,パピテフ,草,230,まいかぜ,,9,MVP_102,アイビーストライクフィスト,草,物理,45,100,28,
061,パピテフ,草,230,まいかぜ,,9,MV_214,バブルバラージ,水,物理,45,100,33,
061,パピテフ,草,230,まいかぜ,,9,MV_283,ヴァインウィップ,草,物理,45,100,33,
061,パピテフ,草,230,まいかぜ,,9,mvn_028,スプラッシュ,水,特殊,45,100,26,
061,パピテフ,草,230,まいかぜ,,10,MVP_043,サーフサウンドフィスト,水,物理,50,100,28,
061,パピテフ,草,230,まいかぜ,,10,MVP_044,ドロップストライクパンチ,水,物理,50,100,26,
061,パピテフ,草,230,まいかぜ,,10,MVP_103,リーフヴェインブロー,草,物理,50,100,28,
061,パピテフ,草,230,まいかぜ,,10,MVP_104,フレッシュリーフパンチ,草,物理,50,100,26,
061,パピテフ,草,230,まいかぜ,,11,MV_216,ウォーターブレード,水,物理,55,100,27,
061,パピテフ,草,230,まいかぜ,,11,MV_221,ストリームコンボ,水,物理,55,100,27,
061,パピテフ,草,230,まいかぜ,,11,MV_287,アイビーバインド,草,物理,55,100,27,
061,パピテフ,草,230,まいかぜ,,11,MV_288,ソーンウィップ,草,物理,55,100,24,
061,パピテフ,草,230,まいかぜ,,12,MVP_105,グラスリングスラスト,草,物理,60,100,21,
061,パピテフ,草,230,まいかぜ,,12,MV_222,ミラーウォータースラッシュ,水,物理,60,100,24,
061,パピテフ,草,230,まいかぜ,,12,MV_227,アクアジェット,水,物理,60,100,27,
061,パピテフ,草,230,まいかぜ,,13,MVP_045,ウォーターリングスラスト,水,物理,65,100,21,
061,パピテフ,草,230,まいかぜ,,13,MV_230,アクアファング,水,物理,65,100,24,
061,パピテフ,草,230,まいかぜ,,14,MVP_046,スプラッシュフィスト,水,物理,70,100,18,
061,パピテフ,草,230,まいかぜ,,14,MVP_047,ウォーターヴェインストライク,水,物理,70,100,15,
061,パピテフ,草,230,まいかぜ,,15,MVP_048,アズールウェーブブロー,水,物理,75,90,11,
061,パピテフ,草,230,まいかぜ,,15,MVP_049,ドロップレットパンチ,水,物理,75,90,11,
061,パピテフ,草,230,まいかぜ,,16,MVP_050,アクアヴェールフィスト,水,物理,80,100,6,
061,パピテフ,草,230,まいかぜ,,16,MVP_051,リップルストライク,水,物理,80,90,8,
062,パチマル,雷,225,雷のちから,,1,MV_176,ボルトルアー,雷,変化,0,100,15,
062,パチマル,雷,225,雷のちから,,1,MV_177,チャージアップ,雷,変化,0,100,15,
062,パチマル,雷,225,雷のちから,,3,mvn_056,グリーンリーフ,草,特殊,15,100,36,
062,パチマル,雷,225,雷のちから,,5,MV_285,グラスノット,草,特殊,25,100,28,
062,パチマル,雷,225,雷のちから,,5,mvn_060,グラスリング,草,特殊,25,100,28,
062,パチマル,雷,225,雷のちから,,6,mvn_059,フレッシュリーフ,草,特殊,30,100,30,
062,パチマル,雷,225,雷のちから,,7,MV_281,リーフブレード,草,物理,35,100,36,
062,パチマル,雷,225,雷のちから,,7,mvh_electric,トリプルボルトストライク,雷,物理,35,90,10,3発(発ごと命中)
062,パチマル,雷,225,雷のちから,,8,MVP_061,バイオレットボルトストライク,雷,物理,40,100,30,
062,パチマル,雷,225,雷のちから,,8,MVP_062,サンダーロアフィスト,雷,物理,40,100,28,
062,パチマル,雷,225,雷のちから,,8,MVP_101,グリーンリーフストライク,草,物理,40,100,30,
062,パチマル,雷,225,雷のちから,,8,MV_282,シードショット,草,物理,40,100,33,
062,パチマル,雷,225,雷のちから,,9,MVP_063,フラッシュボルトブロー,雷,物理,45,100,28,
062,パチマル,雷,225,雷のちから,,9,MVP_102,アイビーストライクフィスト,草,物理,45,100,28,
062,パチマル,雷,225,雷のちから,,9,MV_168,スパークボルト,雷,物理,45,95,28,
062,パチマル,雷,225,雷のちから,,9,MV_283,ヴァインウィップ,草,物理,45,100,33,
062,パチマル,雷,225,雷のちから,,9,mvn_061,ヴァーダントリーフ,草,特殊,45,100,26,
062,パチマル,雷,225,雷のちから,,9,spine_vine,スパインヴァイン,草,特殊,45,100,21,
062,パチマル,雷,225,雷のちから,,10,MVP_064,ボルトチャージパンチ,雷,物理,50,100,26,
062,パチマル,雷,225,雷のちから,,10,MVP_103,リーフヴェインブロー,草,物理,50,100,28,
062,パチマル,雷,225,雷のちから,,10,MVP_104,フレッシュリーフパンチ,草,物理,50,100,26,
062,パチマル,雷,225,雷のちから,,10,MV_182,ショックスティング,雷,物理,50,100,30,
062,パチマル,雷,225,雷のちから,,11,MV_183,ライトニングスラスト,雷,物理,55,100,27,
062,パチマル,雷,225,雷のちから,,11,MV_287,アイビーバインド,草,物理,55,100,27,
062,パチマル,雷,225,雷のちから,,11,MV_288,ソーンウィップ,草,物理,55,100,24,
062,パチマル,雷,225,雷のちから,,12,MVP_065,スイフトボルトスラスト,雷,物理,60,100,21,
062,パチマル,雷,225,雷のちから,,12,MVP_105,グラスリングスラスト,草,物理,60,100,21,
062,パチマル,雷,225,雷のちから,,12,MV_170,ディスチャージ,雷,物理,60,95,24,
062,パチマル,雷,225,雷のちから,,12,MV_296,ブライアウィップ,草,物理,60,100,21,
062,パチマル,雷,225,雷のちから,,13,MVP_106,ヴァーダントリーフフィスト,草,物理,65,100,18,
062,パチマル,雷,225,雷のちから,,13,MVP_107,リーフスウォームストライク,草,物理,65,100,15,
062,パチマル,雷,225,雷のちから,,14,MV_289,パワーウィップ,草,物理,70,100,12,
062,パチマル,雷,225,雷のちから,,14,MV_297,ティンバーストライク,草,物理,70,100,15,
062,パチマル,雷,225,雷のちから,,15,MVP_108,グラスヴェールブロー,草,物理,75,90,11,
062,パチマル,雷,225,雷のちから,,15,MVP_109,ヴァインブローパンチ,草,物理,75,90,11,
062,パチマル,雷,225,雷のちから,,16,MVP_110,グリーンアレイフィスト,草,物理,80,100,6,
062,パチマル,雷,225,雷のちから,,16,MVP_111,リーフハイドストライク,草,物理,80,90,8,
063,シルフィア,竜,280,竜のちから,飛行,3,mvn_012,クリムゾン,炎,特殊,15,85,36,
063,シルフィア,竜,280,竜のちから,飛行,4,MV_247,ファイアスフィア,炎,特殊,20,100,30,
063,シルフィア,竜,280,竜のちから,飛行,4,mvs_dragon_def_evasion,ドラゴンオーラヴェール,竜,変化,0,100,15,
063,シルフィア,竜,280,竜のちから,飛行,6,MV_234,ブレイズバレット,炎,特殊,30,95,30,
063,シルフィア,竜,280,竜のちから,飛行,7,MVP_021,クリムゾンストライク,炎,物理,35,100,30,
063,シルフィア,竜,280,竜のちから,飛行,7,MV_233,シンダー,炎,物理,35,95,32,
063,シルフィア,竜,280,竜のちから,飛行,8,MVP_022,スコーチフィスト,炎,物理,40,100,28,
063,シルフィア,竜,280,竜のちから,飛行,8,MVP_023,フォスファーブロー,炎,物理,40,100,28,
063,シルフィア,竜,280,竜のちから,飛行,8,MV_255,ブレイズバラージ,炎,特殊,40,95,26,
063,シルフィア,竜,280,竜のちから,飛行,9,MVP_024,ロースパンチ,炎,物理,45,100,26,
063,シルフィア,竜,280,竜のちから,飛行,9,MVP_141,ドラゴンファングストライク,竜,物理,45,100,30,
063,シルフィア,竜,280,竜のちから,飛行,9,MV_236,フレイムクロー,炎,物理,45,95,26,
063,シルフィア,竜,280,竜のちから,飛行,10,MVP_142,ドラゴンスケイルフィスト,竜,物理,50,100,28,
063,シルフィア,竜,280,竜のちから,飛行,10,MVP_143,ドラゴンヴェインブロー,竜,物理,50,100,28,
063,シルフィア,竜,280,竜のちから,飛行,10,MV_246,フレイムファング,炎,物理,50,95,26,
063,シルフィア,竜,280,竜のちから,飛行,10,MV_250,フレイムスラスト,炎,物理,50,100,27,
063,シルフィア,竜,280,竜のちから,飛行,10,mvs_ep_dragon,ドラゴンハートピーク,竜,変化,0,100,10,
063,シルフィア,竜,280,竜のちから,飛行,11,MVP_144,ドラゴンブレスパンチ,竜,物理,55,100,26,
063,シルフィア,竜,280,竜のちから,飛行,11,MV_116,ドラゴンファングスラスト,竜,物理,55,100,27,
063,シルフィア,竜,280,竜のちから,飛行,11,MV_237,ブレイズスラッシュ,炎,物理,55,95,24,
063,シルフィア,竜,280,竜のちから,飛行,11,MV_245,フレイムホイール,炎,物理,55,95,24,
063,シルフィア,竜,280,竜のちから,飛行,12,MVP_025,シアリングスラスト,炎,物理,60,100,21,
063,シルフィア,竜,280,竜のちから,飛行,12,MVP_145,ドラゴンクロースラスト,竜,物理,60,100,21,
063,シルフィア,竜,280,竜のちから,飛行,12,MVP_146,ドラゴンリングフィスト,竜,物理,60,100,18,
063,シルフィア,竜,280,竜のちから,飛行,12,MV_253,ブレイジングパンチ,炎,物理,60,100,24,
063,シルフィア,竜,280,竜のちから,飛行,13,MVP_147,ドラゴンヴェールストライク,竜,物理,65,100,15,
063,シルフィア,竜,280,竜のちから,飛行,13,MV_112,ドラゴンクローコンボ,竜,物理,65,100,15,
063,シルフィア,竜,280,竜のちから,飛行,13,MV_238,ワイルドファイアフィスト,炎,物理,65,95,21,
063,シルフィア,竜,280,竜のちから,飛行,13,MV_252,シアリングスラッシュ,炎,物理,65,100,21,
063,シルフィア,竜,280,竜のちから,飛行,14,MVP_026,エンバーフィスト,炎,物理,70,100,18,
063,シルフィア,竜,280,竜のちから,飛行,14,MVP_027,フレイムストライク,炎,物理,70,100,15,
063,シルフィア,竜,280,竜のちから,飛行,15,MVP_028,フレイムアレイブロー,炎,物理,75,90,11,
063,シルフィア,竜,280,竜のちから,飛行,15,MVP_029,ヘルフレイムパンチ,炎,物理,75,90,11,
063B,シルティア,竜/水,290,竜のまもり,飛行,3,mvn_012,クリムゾン,炎,特殊,15,85,36,
063B,シルティア,竜/水,290,竜のまもり,飛行,3,mvn_045,クロッド,地,特殊,15,100,36,
063B,シルティア,竜/水,290,竜のまもり,飛行,4,MV_247,ファイアスフィア,炎,特殊,20,100,30,
063B,シルティア,竜/水,290,竜のまもり,飛行,4,MV_280,サンドバインド,地,特殊,20,100,28,
063B,シルティア,竜/水,290,竜のまもり,飛行,4,mvs_water_def_accuracy,サーフェスガード,水,変化,0,100,15,
063B,シルティア,竜/水,290,竜のまもり,飛行,5,mvh_ground,ロックバラージブロー,地,物理,25,95,15,2〜5発
063B,シルティア,竜/水,290,竜のまもり,飛行,5,mvh_water,タービュレントラッシュ,水,物理,25,95,15,2〜5発
063B,シルティア,竜/水,290,竜のまもり,飛行,6,MV_234,ブレイズバレット,炎,特殊,30,95,30,
063B,シルティア,竜/水,290,竜のまもり,飛行,6,mvn_048,クラッシュソイル,地,特殊,30,100,30,
063B,シルティア,竜/水,290,竜のまもり,飛行,7,MVP_021,クリムゾンストライク,炎,物理,35,100,30,
063B,シルティア,竜/水,290,竜のまもり,飛行,7,MV_212,ウォーターガン,水,物理,35,100,36,
063B,シルティア,竜/水,290,竜のまもり,飛行,7,MV_233,シンダー,炎,物理,35,95,32,
063B,シルティア,竜/水,290,竜のまもり,飛行,7,MV_256,ストーンペブル,地,物理,35,100,36,
063B,シルティア,竜/水,290,竜のまもり,飛行,8,MVP_022,スコーチフィスト,炎,物理,40,100,28,
063B,シルティア,竜/水,290,竜のまもり,飛行,8,MVP_023,フォスファーブロー,炎,物理,40,100,28,
063B,シルティア,竜/水,290,竜のまもり,飛行,8,MVP_041,クリアストリームストライク,水,物理,40,100,30,
063B,シルティア,竜/水,290,竜のまもり,飛行,8,MVP_081,クロッドストライク,地,物理,40,100,30,
063B,シルティア,竜/水,290,竜のまもり,飛行,8,MV_260,ブラインドサンド,地,物理,40,100,32,
063B,シルティア,竜/水,290,竜のまもり,飛行,9,MVP_024,ロースパンチ,炎,物理,45,100,26,
063B,シルティア,竜/水,290,竜のまもり,飛行,9,MVP_042,ミラーウォーターブロー,水,物理,45,100,28,
063B,シルティア,竜/水,290,竜のまもり,飛行,9,MVP_141,ドラゴンファングストライク,竜,物理,45,100,30,
063B,シルティア,竜/水,290,竜のまもり,飛行,9,MV_214,バブルバラージ,水,物理,45,100,33,
063B,シルティア,竜/水,290,竜のまもり,飛行,9,MV_236,フレイムクロー,炎,物理,45,95,26,
063B,シルティア,竜/水,290,竜のまもり,飛行,9,MV_257,ロックバレット,地,物理,45,100,33,
063B,シルティア,竜/水,290,竜のまもり,飛行,9,MV_259,サンドスプレー,地,物理,45,100,30,
063B,シルティア,竜/水,290,竜のまもり,飛行,10,MVP_043,サーフサウンドフィスト,水,物理,50,100,28,
063B,シルティア,竜/水,290,竜のまもり,飛行,10,MVP_044,ドロップストライクパンチ,水,物理,50,100,26,
063B,シルティア,竜/水,290,竜のまもり,飛行,10,MVP_082,ベッドロックフィスト,地,物理,50,100,28,
063B,シルティア,竜/水,290,竜のまもり,飛行,10,MVP_083,レイラインブロー,地,物理,50,100,28,
063B,シルティア,竜/水,290,竜のまもり,飛行,10,MVP_142,ドラゴンスケイルフィスト,竜,物理,50,100,28,
063B,シルティア,竜/水,290,竜のまもり,飛行,10,MV_246,フレイムファング,炎,物理,50,95,26,
063B,シルティア,竜/水,290,竜のまもり,飛行,10,MV_250,フレイムスラスト,炎,物理,50,100,27,
063B,シルティア,竜/水,290,竜のまもり,飛行,10,mvs_ep_water,ディープウォーターピーク,水,変化,0,100,10,
063B,シルティア,竜/水,290,竜のまもり,飛行,11,MVP_084,クラッシュソイルパンチ,地,物理,55,100,26,
063B,シルティア,竜/水,290,竜のまもり,飛行,11,MV_237,ブレイズスラッシュ,炎,物理,55,95,24,
064,カバネドリ,炎/闇,295,燃えるこぶし,飛行,3,mvn_034,バイオレットボルト,雷,特殊,15,85,36,
064,カバネドリ,炎/闇,295,燃えるこぶし,飛行,3,mvn_067,ホワイトアイス,氷,特殊,15,85,36,
064,カバネドリ,炎/闇,295,燃えるこぶし,飛行,4,mvs_dark_def_crit,ダークナイトアーマー,闇,変化,0,100,15,
064,カバネドリ,炎/闇,295,燃えるこぶし,飛行,5,MV_185,ボルトライトバレット,雷,特殊,25,100,33,
064,カバネドリ,炎/闇,295,燃えるこぶし,飛行,5,mvh_dark,シャドウバラージ,闇,物理,25,95,15,2〜5発
064,カバネドリ,炎/闇,295,燃えるこぶし,飛行,6,MV_205,フロストネット,氷,特殊,30,95,28,
064,カバネドリ,炎/闇,295,燃えるこぶし,飛行,6,ice_cutter,アイスカッター,氷,特殊,30,100,33,
064,カバネドリ,炎/闇,295,燃えるこぶし,飛行,6,shockwave,ショックウェーブ,雷,特殊,30,100,36,
064,カバネドリ,炎/闇,295,燃えるこぶし,飛行,7,MVP_021,クリムゾンストライク,炎,物理,35,100,30,
064,カバネドリ,炎/闇,295,燃えるこぶし,飛行,7,MV_121,シャドウピアス,闇,物理,35,100,34,
064,カバネドリ,炎/闇,295,燃えるこぶし,飛行,7,MV_123,ダスクブレード,闇,物理,35,100,32,
064,カバネドリ,炎/闇,295,燃えるこぶし,飛行,7,MV_187,アイスペブル,氷,物理,35,100,36,
064,カバネドリ,炎/闇,295,燃えるこぶし,飛行,7,MV_233,シンダー,炎,物理,35,95,32,
064,カバネドリ,炎/闇,295,燃えるこぶし,飛行,7,mvh_electric,トリプルボルトストライク,雷,物理,35,90,10,3発(発ごと命中)
064,カバネドリ,炎/闇,295,燃えるこぶし,飛行,7,mvh_ice,トリプルアイスブレード,氷,物理,35,90,10,3発(発ごと命中)
064,カバネドリ,炎/闇,295,燃えるこぶし,飛行,8,MVP_022,スコーチフィスト,炎,物理,40,100,28,
064,カバネドリ,炎/闇,295,燃えるこぶし,飛行,8,MVP_023,フォスファーブロー,炎,物理,40,100,28,
064,カバネドリ,炎/闇,295,燃えるこぶし,飛行,8,MVP_061,バイオレットボルトストライク,雷,物理,40,100,30,
064,カバネドリ,炎/闇,295,燃えるこぶし,飛行,8,MVP_062,サンダーロアフィスト,雷,物理,40,100,28,
064,カバネドリ,炎/闇,295,燃えるこぶし,飛行,8,MVP_121,ホワイトアイスストライク,氷,物理,40,100,30,
064,カバネドリ,炎/闇,295,燃えるこぶし,飛行,8,MV_124,シャドウステッチ,闇,物理,40,100,32,
064,カバネドリ,炎/闇,295,燃えるこぶし,飛行,8,MV_125,ダークウェッジ,闇,物理,40,100,32,
064,カバネドリ,炎/闇,295,燃えるこぶし,飛行,8,MV_188,アイスブレード,氷,物理,40,100,33,
064,カバネドリ,炎/闇,295,燃えるこぶし,飛行,9,MVP_063,フラッシュボルトブロー,雷,物理,45,100,28,
064,カバネドリ,炎/闇,295,燃えるこぶし,飛行,9,MVP_122,フリーズフィスト,氷,物理,45,100,28,
064,カバネドリ,炎/闇,295,燃えるこぶし,飛行,9,MVP_123,フロストストライクブロー,氷,物理,45,100,28,
064,カバネドリ,炎/闇,295,燃えるこぶし,飛行,9,MV_168,スパークボルト,雷,物理,45,95,28,
064,カバネドリ,炎/闇,295,燃えるこぶし,飛行,10,MVP_064,ボルトチャージパンチ,雷,物理,50,100,26,
064,カバネドリ,炎/闇,295,燃えるこぶし,飛行,10,MVP_124,アイスリングパンチ,氷,物理,50,100,26,
064,カバネドリ,炎/闇,295,燃えるこぶし,飛行,10,MV_182,ショックスティング,雷,物理,50,100,30,
064,カバネドリ,炎/闇,295,燃えるこぶし,飛行,10,MV_189,フロストショット,氷,物理,50,100,30,
064,カバネドリ,炎/闇,295,燃えるこぶし,飛行,10,mvs_ep_dark,アビスピーク,闇,変化,0,100,10,
064,カバネドリ,炎/闇,295,燃えるこぶし,飛行,11,MV_183,ライトニングスラスト,雷,物理,55,100,27,
064,カバネドリ,炎/闇,295,燃えるこぶし,飛行,11,MV_190,アイスニードル,氷,物理,55,100,27,
064,カバネドリ,炎/闇,295,燃えるこぶし,飛行,11,MV_211,フローズンブレード,氷,物理,55,95,26,
064B,シロカバネ,氷/闇,305,フリーフォール,飛行,3,mvn_023,クリアストリーム,水,特殊,15,100,36,
064B,シロカバネ,氷/闇,305,フリーフォール,飛行,5,aqua_gun,アクアショット,水,特殊,25,100,36,
064B,シロカバネ,氷/闇,305,フリーフォール,飛行,5,mvh_dark,シャドウバラージ,闇,物理,25,95,15,2〜5発
064B,シロカバネ,氷/闇,305,フリーフォール,飛行,5,mvh_water,タービュレントラッシュ,水,物理,25,95,15,2〜5発
064B,シロカバネ,氷/闇,305,フリーフォール,飛行,7,MV_121,シャドウピアス,闇,物理,35,100,34,
064B,シロカバネ,氷/闇,305,フリーフォール,飛行,7,MV_123,ダスクブレード,闇,物理,35,100,32,
064B,シロカバネ,氷/闇,305,フリーフォール,飛行,7,MV_187,アイスペブル,氷,物理,35,100,36,
064B,シロカバネ,氷/闇,305,フリーフォール,飛行,7,MV_212,ウォーターガン,水,物理,35,100,36,
064B,シロカバネ,氷/闇,305,フリーフォール,飛行,7,MV_215,ウォーターカッター,水,特殊,35,100,30,
064B,シロカバネ,氷/闇,305,フリーフォール,飛行,7,mvh_ice,トリプルアイスブレード,氷,物理,35,90,10,3発(発ごと命中)
064B,シロカバネ,氷/闇,305,フリーフォール,飛行,8,MVP_041,クリアストリームストライク,水,物理,40,100,30,
064B,シロカバネ,氷/闇,305,フリーフォール,飛行,8,MVP_121,ホワイトアイスストライク,氷,物理,40,100,30,
064B,シロカバネ,氷/闇,305,フリーフォール,飛行,8,MV_124,シャドウステッチ,闇,物理,40,100,32,
064B,シロカバネ,氷/闇,305,フリーフォール,飛行,8,MV_125,ダークウェッジ,闇,物理,40,100,32,
064B,シロカバネ,氷/闇,305,フリーフォール,飛行,8,MV_188,アイスブレード,氷,物理,40,100,33,
064B,シロカバネ,氷/闇,305,フリーフォール,飛行,9,MVP_042,ミラーウォーターブロー,水,物理,45,100,28,
064B,シロカバネ,氷/闇,305,フリーフォール,飛行,9,MV_214,バブルバラージ,水,物理,45,100,33,
064B,シロカバネ,氷/闇,305,フリーフォール,飛行,9,mvn_028,スプラッシュ,水,特殊,45,100,26,
064B,シロカバネ,氷/闇,305,フリーフォール,飛行,10,MVP_043,サーフサウンドフィスト,水,物理,50,100,28,
064B,シロカバネ,氷/闇,305,フリーフォール,飛行,10,MVP_044,ドロップストライクパンチ,水,物理,50,100,26,
064B,シロカバネ,氷/闇,305,フリーフォール,飛行,10,mvs_ep_dark,アビスピーク,闇,変化,0,100,10,
064B,シロカバネ,氷/闇,305,フリーフォール,飛行,10,mvs_ep_ice,フリーズピーク,氷,変化,0,100,10,
064B,シロカバネ,氷/闇,305,フリーフォール,飛行,11,MV_216,ウォーターブレード,水,物理,55,100,27,
064B,シロカバネ,氷/闇,305,フリーフォール,飛行,11,MV_221,ストリームコンボ,水,物理,55,100,27,
064B,シロカバネ,氷/闇,305,フリーフォール,飛行,12,MV_222,ミラーウォータースラッシュ,水,物理,60,100,24,
064B,シロカバネ,氷/闇,305,フリーフォール,飛行,12,MV_227,アクアジェット,水,物理,60,100,27,
064B,シロカバネ,氷/闇,305,フリーフォール,飛行,13,MVP_045,ウォーターリングスラスト,水,物理,65,100,21,
064B,シロカバネ,氷/闇,305,フリーフォール,飛行,13,MV_230,アクアファング,水,物理,65,100,24,
064B,シロカバネ,氷/闇,305,フリーフォール,飛行,14,MVP_046,スプラッシュフィスト,水,物理,70,100,18,
064B,シロカバネ,氷/闇,305,フリーフォール,飛行,14,MVP_047,ウォーターヴェインストライク,水,物理,70,100,15,
064B,シロカバネ,氷/闇,305,フリーフォール,飛行,15,MVP_048,アズールウェーブブロー,水,物理,75,90,11,
064B,シロカバネ,氷/闇,305,フリーフォール,飛行,15,MVP_049,ドロップレットパンチ,水,物理,75,90,11,
065,ヤミトバリ,闇,315,パープルヘイズ,,3,air_cannon,エアーキャノン,無,特殊,15,100,42,
065,ヤミトバリ,闇,315,パープルヘイズ,,3,mvn_067,ホワイトアイス,氷,特殊,15,85,36,
065,ヤミトバリ,闇,315,パープルヘイズ,,4,MV_129,ネザーコール,闇,変化,0,100,15,
065,ヤミトバリ,闇,315,パープルヘイズ,,5,MV_160,クリティカルエイム,無,特殊,25,100,28,
065,ヤミトバリ,闇,315,パープルヘイズ,,5,mvh_dark,シャドウバラージ,闇,物理,25,95,15,2〜5発
065,ヤミトバリ,闇,315,パープルヘイズ,,6,MVP_001,ホワイトストライク,無,物理,30,100,30,
065,ヤミトバリ,闇,315,パープルヘイズ,,6,MV_137,バックフィスト,無,物理,30,100,36,
065,ヤミトバリ,闇,315,パープルヘイズ,,6,MV_205,フロストネット,氷,特殊,30,95,28,
065,ヤミトバリ,闇,315,パープルヘイズ,,6,ice_cutter,アイスカッター,氷,特殊,30,100,33,
065,ヤミトバリ,闇,315,パープルヘイズ,,6,mvn_003,ヴォイドエコー,無,特殊,30,90,32,
065,ヤミトバリ,闇,315,パープルヘイズ,,7,MV_121,シャドウピアス,闇,物理,35,100,34,
065,ヤミトバリ,闇,315,パープルヘイズ,,7,MV_123,ダスクブレード,闇,物理,35,100,32,
065,ヤミトバリ,闇,315,パープルヘイズ,,7,MV_138,ダブルスラスト,無,物理,35,100,33,
065,ヤミトバリ,闇,315,パープルヘイズ,,7,MV_139,テイルスイープ,無,物理,35,100,33,
065,ヤミトバリ,闇,315,パープルヘイズ,,7,MV_187,アイスペブル,氷,物理,35,100,36,
065,ヤミトバリ,闇,315,パープルヘイズ,,7,mvh_ice,トリプルアイスブレード,氷,物理,35,90,10,3発(発ごと命中)
065,ヤミトバリ,闇,315,パープルヘイズ,,8,MVP_121,ホワイトアイスストライク,氷,物理,40,100,30,
065,ヤミトバリ,闇,315,パープルヘイズ,,8,MV_124,シャドウステッチ,闇,物理,40,100,32,
065,ヤミトバリ,闇,315,パープルヘイズ,,8,MV_125,ダークウェッジ,闇,物理,40,100,32,
065,ヤミトバリ,闇,315,パープルヘイズ,,8,MV_140,ヘッドバット,無,物理,40,100,33,
065,ヤミトバリ,闇,315,パープルヘイズ,,8,MV_141,スピンタックル,無,物理,40,100,33,
065,ヤミトバリ,闇,315,パープルヘイズ,,8,MV_188,アイスブレード,氷,物理,40,100,33,
065,ヤミトバリ,闇,315,パープルヘイズ,,9,MVP_122,フリーズフィスト,氷,物理,45,100,28,
065,ヤミトバリ,闇,315,パープルヘイズ,,9,MVP_123,フロストストライクブロー,氷,物理,45,100,28,
065,ヤミトバリ,闇,315,パープルヘイズ,,9,MVP_161,ブラックミストストライク,闇,物理,45,100,30,
065,ヤミトバリ,闇,315,パープルヘイズ,,9,MV_126,カースチェイン,闇,物理,45,100,32,
065,ヤミトバリ,闇,315,パープルヘイズ,,9,MV_142,フライングキック,無,物理,45,100,33,
065,ヤミトバリ,闇,315,パープルヘイズ,,9,MV_143,ブラントエッジ,無,物理,45,100,33,
065,ヤミトバリ,闇,315,パープルヘイズ,,10,MVP_002,マッチレスブロー,無,物理,50,100,28,
065,ヤミトバリ,闇,315,パープルヘイズ,,10,MVP_124,アイスリングパンチ,氷,物理,50,100,26,
065,ヤミトバリ,闇,315,パープルヘイズ,,10,MVP_162,シャドウストライクフィスト,闇,物理,50,100,28,
065,ヤミトバリ,闇,315,パープルヘイズ,,10,MVP_163,カースブローパンチ,闇,物理,50,100,28,
065,ヤミトバリ,闇,315,パープルヘイズ,,10,MV_145,ラッシュスラスト,無,物理,50,100,33,
066,ヴィオレッタ,草,320,ふわふわ,,1,MV_299,ライフスタンス,草,変化,0,100,15,
066,ヴィオレッタ,草,320,ふわふわ,,3,air_cannon,エアーキャノン,無,特殊,15,100,42,
066,ヴィオレッタ,草,320,ふわふわ,,3,mvn_023,クリアストリーム,水,特殊,15,100,36,
066,ヴィオレッタ,草,320,ふわふわ,,5,MV_160,クリティカルエイム,無,特殊,25,100,28,
066,ヴィオレッタ,草,320,ふわふわ,,5,aqua_gun,アクアショット,水,特殊,25,100,36,
066,ヴィオレッタ,草,320,ふわふわ,,5,mvh_water,タービュレントラッシュ,水,物理,25,95,15,2〜5発
066,ヴィオレッタ,草,320,ふわふわ,,6,MVP_001,ホワイトストライク,無,物理,30,100,30,
066,ヴィオレッタ,草,320,ふわふわ,,6,MV_137,バックフィスト,無,物理,30,100,36,
066,ヴィオレッタ,草,320,ふわふわ,,6,mvn_003,ヴォイドエコー,無,特殊,30,90,32,
066,ヴィオレッタ,草,320,ふわふわ,,6,mvn_004,ベアストライク,無,特殊,30,90,30,
066,ヴィオレッタ,草,320,ふわふわ,,7,MV_138,ダブルスラスト,無,物理,35,100,33,
066,ヴィオレッタ,草,320,ふわふわ,,7,MV_139,テイルスイープ,無,物理,35,100,33,
066,ヴィオレッタ,草,320,ふわふわ,,7,MV_212,ウォーターガン,水,物理,35,100,36,
066,ヴィオレッタ,草,320,ふわふわ,,7,MV_281,リーフブレード,草,物理,35,100,36,
066,ヴィオレッタ,草,320,ふわふわ,,8,MVP_041,クリアストリームストライク,水,物理,40,100,30,
066,ヴィオレッタ,草,320,ふわふわ,,8,MVP_101,グリーンリーフストライク,草,物理,40,100,30,
066,ヴィオレッタ,草,320,ふわふわ,,8,MV_140,ヘッドバット,無,物理,40,100,33,
066,ヴィオレッタ,草,320,ふわふわ,,8,MV_141,スピンタックル,無,物理,40,100,33,
066,ヴィオレッタ,草,320,ふわふわ,,8,MV_282,シードショット,草,物理,40,100,33,
066,ヴィオレッタ,草,320,ふわふわ,,9,MVP_042,ミラーウォーターブロー,水,物理,45,100,28,
066,ヴィオレッタ,草,320,ふわふわ,,9,MVP_102,アイビーストライクフィスト,草,物理,45,100,28,
066,ヴィオレッタ,草,320,ふわふわ,,9,MV_142,フライングキック,無,物理,45,100,33,
066,ヴィオレッタ,草,320,ふわふわ,,9,MV_143,ブラントエッジ,無,物理,45,100,33,
066,ヴィオレッタ,草,320,ふわふわ,,9,MV_214,バブルバラージ,水,物理,45,100,33,
066,ヴィオレッタ,草,320,ふわふわ,,9,MV_283,ヴァインウィップ,草,物理,45,100,33,
066,ヴィオレッタ,草,320,ふわふわ,,10,MVP_002,マッチレスブロー,無,物理,50,100,28,
066,ヴィオレッタ,草,320,ふわふわ,,10,MVP_043,サーフサウンドフィスト,水,物理,50,100,28,
066,ヴィオレッタ,草,320,ふわふわ,,10,MVP_044,ドロップストライクパンチ,水,物理,50,100,26,
066,ヴィオレッタ,草,320,ふわふわ,,10,MVP_103,リーフヴェインブロー,草,物理,50,100,28,
066,ヴィオレッタ,草,320,ふわふわ,,10,MVP_104,フレッシュリーフパンチ,草,物理,50,100,26,
066,ヴィオレッタ,草,320,ふわふわ,,10,MV_145,ラッシュスラスト,無,物理,50,100,33,
066,ヴィオレッタ,草,320,ふわふわ,,11,MVP_003,ヴォイドクラッシュ,無,物理,55,100,28,
066,ヴィオレッタ,草,320,ふわふわ,,11,MV_144,クラッシュブロー,無,物理,55,100,30,
067,ビーナイト,草,260,むれのいちいん,,1,MV_300,リーフハイドスタンス,草,変化,0,100,15,
067,ビーナイト,草,260,むれのいちいん,,3,mvn_023,クリアストリーム,水,特殊,15,100,36,
067,ビーナイト,草,260,むれのいちいん,,5,aqua_gun,アクアショット,水,特殊,25,100,36,
067,ビーナイト,草,260,むれのいちいん,,5,mvh_water,タービュレントラッシュ,水,物理,25,95,15,2〜5発
067,ビーナイト,草,260,むれのいちいん,,7,MV_212,ウォーターガン,水,物理,35,100,36,
067,ビーナイト,草,260,むれのいちいん,,7,MV_215,ウォーターカッター,水,特殊,35,100,30,
067,ビーナイト,草,260,むれのいちいん,,7,MV_281,リーフブレード,草,物理,35,100,36,
067,ビーナイト,草,260,むれのいちいん,,8,MVP_041,クリアストリームストライク,水,物理,40,100,30,
067,ビーナイト,草,260,むれのいちいん,,8,MVP_101,グリーンリーフストライク,草,物理,40,100,30,
067,ビーナイト,草,260,むれのいちいん,,8,MV_282,シードショット,草,物理,40,100,33,
067,ビーナイト,草,260,むれのいちいん,,9,MVP_042,ミラーウォーターブロー,水,物理,45,100,28,
067,ビーナイト,草,260,むれのいちいん,,9,MVP_102,アイビーストライクフィスト,草,物理,45,100,28,
067,ビーナイト,草,260,むれのいちいん,,9,MV_214,バブルバラージ,水,物理,45,100,33,
067,ビーナイト,草,260,むれのいちいん,,9,MV_283,ヴァインウィップ,草,物理,45,100,33,
067,ビーナイト,草,260,むれのいちいん,,9,mvn_028,スプラッシュ,水,特殊,45,100,26,
067,ビーナイト,草,260,むれのいちいん,,10,MVP_043,サーフサウンドフィスト,水,物理,50,100,28,
067,ビーナイト,草,260,むれのいちいん,,10,MVP_044,ドロップストライクパンチ,水,物理,50,100,26,
067,ビーナイト,草,260,むれのいちいん,,10,MVP_103,リーフヴェインブロー,草,物理,50,100,28,
067,ビーナイト,草,260,むれのいちいん,,10,MVP_104,フレッシュリーフパンチ,草,物理,50,100,26,
067,ビーナイト,草,260,むれのいちいん,,10,mvs_ep_grass,ヴァーダントピーク,草,変化,0,100,10,
067,ビーナイト,草,260,むれのいちいん,,11,MV_216,ウォーターブレード,水,物理,55,100,27,
067,ビーナイト,草,260,むれのいちいん,,11,MV_221,ストリームコンボ,水,物理,55,100,27,
067,ビーナイト,草,260,むれのいちいん,,11,MV_287,アイビーバインド,草,物理,55,100,27,
067,ビーナイト,草,260,むれのいちいん,,11,MV_288,ソーンウィップ,草,物理,55,100,24,
067,ビーナイト,草,260,むれのいちいん,,12,MV_222,ミラーウォータースラッシュ,水,物理,60,100,24,
067,ビーナイト,草,260,むれのいちいん,,12,MV_227,アクアジェット,水,物理,60,100,27,
067,ビーナイト,草,260,むれのいちいん,,13,MVP_045,ウォーターリングスラスト,水,物理,65,100,21,
067,ビーナイト,草,260,むれのいちいん,,13,MV_230,アクアファング,水,物理,65,100,24,
067,ビーナイト,草,260,むれのいちいん,,14,MVP_046,スプラッシュフィスト,水,物理,70,100,18,
067,ビーナイト,草,260,むれのいちいん,,14,MVP_047,ウォーターヴェインストライク,水,物理,70,100,15,
067,ビーナイト,草,260,むれのいちいん,,15,MVP_048,アズールウェーブブロー,水,物理,75,90,11,
067,ビーナイト,草,260,むれのいちいん,,15,MVP_049,ドロップレットパンチ,水,物理,75,90,11,
067,ビーナイト,草,260,むれのいちいん,,16,MVP_050,アクアヴェールフィスト,水,物理,80,100,6,
067,ビーナイト,草,260,むれのいちいん,,16,MVP_051,リップルストライク,水,物理,80,90,8,
068,クインビーナ,草,295,とうそつのリーダー,,3,mvn_023,クリアストリーム,水,特殊,15,100,36,
068,クインビーナ,草,295,とうそつのリーダー,,4,mvs_grass_accuracy_evasion,フレッシュグリーンアイ,草,変化,0,100,15,
068,クインビーナ,草,295,とうそつのリーダー,,5,aqua_gun,アクアショット,水,特殊,25,100,36,
068,クインビーナ,草,295,とうそつのリーダー,,5,mvh_water,タービュレントラッシュ,水,物理,25,95,15,2〜5発
068,クインビーナ,草,295,とうそつのリーダー,,7,MV_212,ウォーターガン,水,物理,35,100,36,
068,クインビーナ,草,295,とうそつのリーダー,,7,MV_215,ウォーターカッター,水,特殊,35,100,30,
068,クインビーナ,草,295,とうそつのリーダー,,7,MV_281,リーフブレード,草,物理,35,100,36,
068,クインビーナ,草,295,とうそつのリーダー,,8,MVP_041,クリアストリームストライク,水,物理,40,100,30,
068,クインビーナ,草,295,とうそつのリーダー,,8,MVP_101,グリーンリーフストライク,草,物理,40,100,30,
068,クインビーナ,草,295,とうそつのリーダー,,8,MV_282,シードショット,草,物理,40,100,33,
068,クインビーナ,草,295,とうそつのリーダー,,9,MVP_042,ミラーウォーターブロー,水,物理,45,100,28,
068,クインビーナ,草,295,とうそつのリーダー,,9,MVP_102,アイビーストライクフィスト,草,物理,45,100,28,
068,クインビーナ,草,295,とうそつのリーダー,,9,MV_214,バブルバラージ,水,物理,45,100,33,
068,クインビーナ,草,295,とうそつのリーダー,,9,MV_283,ヴァインウィップ,草,物理,45,100,33,
068,クインビーナ,草,295,とうそつのリーダー,,9,mvn_028,スプラッシュ,水,特殊,45,100,26,
068,クインビーナ,草,295,とうそつのリーダー,,10,MVP_043,サーフサウンドフィスト,水,物理,50,100,28,
068,クインビーナ,草,295,とうそつのリーダー,,10,MVP_044,ドロップストライクパンチ,水,物理,50,100,26,
068,クインビーナ,草,295,とうそつのリーダー,,10,MVP_103,リーフヴェインブロー,草,物理,50,100,28,
068,クインビーナ,草,295,とうそつのリーダー,,10,MVP_104,フレッシュリーフパンチ,草,物理,50,100,26,
068,クインビーナ,草,295,とうそつのリーダー,,10,mvs_ep_grass,ヴァーダントピーク,草,変化,0,100,10,
068,クインビーナ,草,295,とうそつのリーダー,,11,MV_216,ウォーターブレード,水,物理,55,100,27,
068,クインビーナ,草,295,とうそつのリーダー,,11,MV_221,ストリームコンボ,水,物理,55,100,27,
068,クインビーナ,草,295,とうそつのリーダー,,11,MV_287,アイビーバインド,草,物理,55,100,27,
068,クインビーナ,草,295,とうそつのリーダー,,11,MV_288,ソーンウィップ,草,物理,55,100,24,
068,クインビーナ,草,295,とうそつのリーダー,,12,MV_222,ミラーウォータースラッシュ,水,物理,60,100,24,
068,クインビーナ,草,295,とうそつのリーダー,,12,MV_227,アクアジェット,水,物理,60,100,27,
068,クインビーナ,草,295,とうそつのリーダー,,13,MVP_045,ウォーターリングスラスト,水,物理,65,100,21,
068,クインビーナ,草,295,とうそつのリーダー,,13,MV_230,アクアファング,水,物理,65,100,24,
068,クインビーナ,草,295,とうそつのリーダー,,14,MVP_046,スプラッシュフィスト,水,物理,70,100,18,
068,クインビーナ,草,295,とうそつのリーダー,,14,MVP_047,ウォーターヴェインストライク,水,物理,70,100,15,
068,クインビーナ,草,295,とうそつのリーダー,,15,MVP_048,アズールウェーブブロー,水,物理,75,90,11,
068,クインビーナ,草,295,とうそつのリーダー,,15,MVP_049,ドロップレットパンチ,水,物理,75,90,11,
068,クインビーナ,草,295,とうそつのリーダー,,16,MVP_050,アクアヴェールフィスト,水,物理,80,100,6,
069,ラブマンダー,闇,260,ヘイズ,,3,mvn_067,ホワイトアイス,氷,特殊,15,85,36,
069,ラブマンダー,闇,260,ヘイズ,,5,mvh_dark,シャドウバラージ,闇,物理,25,95,15,2〜5発
069,ラブマンダー,闇,260,ヘイズ,,6,MV_205,フロストネット,氷,特殊,30,95,28,
069,ラブマンダー,闇,260,ヘイズ,,6,ice_cutter,アイスカッター,氷,特殊,30,100,33,
069,ラブマンダー,闇,260,ヘイズ,,7,MV_121,シャドウピアス,闇,物理,35,100,34,
069,ラブマンダー,闇,260,ヘイズ,,7,MV_123,ダスクブレード,闇,物理,35,100,32,
069,ラブマンダー,闇,260,ヘイズ,,7,MV_187,アイスペブル,氷,物理,35,100,36,
069,ラブマンダー,闇,260,ヘイズ,,7,mvh_ice,トリプルアイスブレード,氷,物理,35,90,10,3発(発ごと命中)
069,ラブマンダー,闇,260,ヘイズ,,7,mvs_toxic_dark,トキシックドロップ,闇,変化,0,100,10,
069,ラブマンダー,闇,260,ヘイズ,,7,mvw_fog,フォグヴェール,闇,変化,0,100,16,
069,ラブマンダー,闇,260,ヘイズ,,8,MVP_121,ホワイトアイスストライク,氷,物理,40,100,30,
069,ラブマンダー,闇,260,ヘイズ,,8,MV_124,シャドウステッチ,闇,物理,40,100,32,
069,ラブマンダー,闇,260,ヘイズ,,8,MV_125,ダークウェッジ,闇,物理,40,100,32,
069,ラブマンダー,闇,260,ヘイズ,,8,MV_188,アイスブレード,氷,物理,40,100,33,
069,ラブマンダー,闇,260,ヘイズ,,9,MVP_122,フリーズフィスト,氷,物理,45,100,28,
069,ラブマンダー,闇,260,ヘイズ,,9,MVP_123,フロストストライクブロー,氷,物理,45,100,28,
069,ラブマンダー,闇,260,ヘイズ,,9,MVP_161,ブラックミストストライク,闇,物理,45,100,30,
069,ラブマンダー,闇,260,ヘイズ,,9,MV_126,カースチェイン,闇,物理,45,100,32,
069,ラブマンダー,闇,260,ヘイズ,,9,mvn_073,フローズンクラウド,氷,特殊,45,100,24,
069,ラブマンダー,闇,260,ヘイズ,,10,MVP_124,アイスリングパンチ,氷,物理,50,100,26,
069,ラブマンダー,闇,260,ヘイズ,,10,MVP_162,シャドウストライクフィスト,闇,物理,50,100,28,
069,ラブマンダー,闇,260,ヘイズ,,10,MVP_163,カースブローパンチ,闇,物理,50,100,28,
069,ラブマンダー,闇,260,ヘイズ,,10,MV_189,フロストショット,氷,物理,50,100,30,
069,ラブマンダー,闇,260,ヘイズ,,11,MV_190,アイスニードル,氷,物理,55,100,27,
069,ラブマンダー,闇,260,ヘイズ,,11,MV_211,フローズンブレード,氷,物理,55,95,26,
069,ラブマンダー,闇,260,ヘイズ,,12,MVP_125,チルスラスト,氷,物理,60,100,21,
069,ラブマンダー,闇,260,ヘイズ,,12,MV_195,アイスファング,氷,物理,60,95,24,
069,ラブマンダー,闇,260,ヘイズ,,13,MV_192,ブリザードブロー,氷,物理,65,100,21,
069,ラブマンダー,闇,260,ヘイズ,,13,MV_200,アイスブレードコンボ,氷,物理,65,100,21,
069,ラブマンダー,闇,260,ヘイズ,,14,MVP_126,アイスシャードフィスト,氷,物理,70,100,18,
069,ラブマンダー,闇,260,ヘイズ,,14,MVP_127,フローズンクラウドストライク,氷,物理,70,100,15,
069,ラブマンダー,闇,260,ヘイズ,,15,MVP_128,アイスヴェールブロー,氷,物理,75,90,11,
069,ラブマンダー,闇,260,ヘイズ,,15,MVP_129,フロストブロッサムパンチ,氷,物理,75,90,11,
069,ラブマンダー,闇,260,ヘイズ,,16,MVP_130,アイスコアフィスト,氷,物理,80,100,6,
069,ラブマンダー,闇,260,ヘイズ,,16,MVP_131,コールドストライクスラスト,氷,物理,80,90,8,
070,ニャンギマリ,無,270,無のちから,,3,mvn_078,ドラゴンファング,竜,特殊,15,100,36,
070,ニャンギマリ,無,270,無のちから,,4,mvs_neutral_atk_accuracy,マッチレスエイム,無,変化,0,100,15,
070,ニャンギマリ,無,270,無のちから,,4,mvs_neutral_atk_def,マッチレスガード,無,変化,0,100,15,
070,ニャンギマリ,無,270,無のちから,,6,MVP_001,ホワイトストライク,無,物理,30,100,30,
070,ニャンギマリ,無,270,無のちから,,6,MV_137,バックフィスト,無,物理,30,100,36,
070,ニャンギマリ,無,270,無のちから,,6,mvn_080,ドラゴンヴェインショット,竜,特殊,30,100,32,
070,ニャンギマリ,無,270,無のちから,,6,mvn_082,ドラゴンクロー,竜,特殊,30,100,28,
070,ニャンギマリ,無,270,無のちから,,7,MV_138,ダブルスラスト,無,物理,35,100,33,
070,ニャンギマリ,無,270,無のちから,,7,MV_139,テイルスイープ,無,物理,35,100,33,
070,ニャンギマリ,無,270,無のちから,,8,MV_140,ヘッドバット,無,物理,40,100,33,
070,ニャンギマリ,無,270,無のちから,,8,MV_141,スピンタックル,無,物理,40,100,33,
070,ニャンギマリ,無,270,無のちから,,9,MVP_141,ドラゴンファングストライク,竜,物理,45,100,30,
070,ニャンギマリ,無,270,無のちから,,9,MV_142,フライングキック,無,物理,45,100,33,
070,ニャンギマリ,無,270,無のちから,,9,MV_143,ブラントエッジ,無,物理,45,100,33,
070,ニャンギマリ,無,270,無のちから,,9,mvn_083,ドラゴンリング,竜,特殊,45,100,26,
070,ニャンギマリ,無,270,無のちから,,10,MVP_002,マッチレスブロー,無,物理,50,100,28,
070,ニャンギマリ,無,270,無のちから,,10,MVP_142,ドラゴンスケイルフィスト,竜,物理,50,100,28,
070,ニャンギマリ,無,270,無のちから,,10,MVP_143,ドラゴンヴェインブロー,竜,物理,50,100,28,
070,ニャンギマリ,無,270,無のちから,,11,MVP_144,ドラゴンブレスパンチ,竜,物理,55,100,26,
070,ニャンギマリ,無,270,無のちから,,11,MV_116,ドラゴンファングスラスト,竜,物理,55,100,27,
070,ニャンギマリ,無,270,無のちから,,12,MVP_145,ドラゴンクロースラスト,竜,物理,60,100,21,
070,ニャンギマリ,無,270,無のちから,,12,MVP_146,ドラゴンリングフィスト,竜,物理,60,100,18,
070,ニャンギマリ,無,270,無のちから,,13,MVP_147,ドラゴンヴェールストライク,竜,物理,65,100,15,
070,ニャンギマリ,無,270,無のちから,,13,MV_112,ドラゴンクローコンボ,竜,物理,65,100,15,
070,ニャンギマリ,無,270,無のちから,,14,MVP_148,ドラゴンヴォイスブロー,竜,物理,70,90,11,
070,ニャンギマリ,無,270,無のちから,,14,MV_110,ツインドラゴンファング,竜,物理,70,95,13,
070,ニャンギマリ,無,270,無のちから,,15,MVP_149,ドラゴンピアスパンチ,竜,物理,75,90,11,
070,ニャンギマリ,無,270,無のちから,,15,MV_109,ドラゴンスケイルスラッシュ,竜,物理,75,100,9,
070,ニャンギマリ,無,270,無のちから,,16,MVP_150,ドラゴンフォスファーフィスト,竜,物理,80,100,6,
070,ニャンギマリ,無,270,無のちから,,16,MVP_151,ドラゴンハートストライク,竜,物理,80,90,8,
071,モモンチュラ,闇,310,パープルヘイズ,ひらめきのよかん,3,air_cannon,エアーキャノン,無,特殊,15,100,42,
071,モモンチュラ,闇,310,パープルヘイズ,ひらめきのよかん,3,mvn_067,ホワイトアイス,氷,特殊,15,85,36,
071,モモンチュラ,闇,310,パープルヘイズ,ひらめきのよかん,4,MV_122,カースウィスパー,闇,変化,0,100,15,
071,モモンチュラ,闇,310,パープルヘイズ,ひらめきのよかん,5,MV_160,クリティカルエイム,無,特殊,25,100,28,
071,モモンチュラ,闇,310,パープルヘイズ,ひらめきのよかん,5,mvh_dark,シャドウバラージ,闇,物理,25,95,15,2〜5発
071,モモンチュラ,闇,310,パープルヘイズ,ひらめきのよかん,6,MVP_001,ホワイトストライク,無,物理,30,100,30,
071,モモンチュラ,闇,310,パープルヘイズ,ひらめきのよかん,6,MV_137,バックフィスト,無,物理,30,100,36,
071,モモンチュラ,闇,310,パープルヘイズ,ひらめきのよかん,6,MV_205,フロストネット,氷,特殊,30,95,28,
071,モモンチュラ,闇,310,パープルヘイズ,ひらめきのよかん,6,ice_cutter,アイスカッター,氷,特殊,30,100,33,
071,モモンチュラ,闇,310,パープルヘイズ,ひらめきのよかん,6,mvn_003,ヴォイドエコー,無,特殊,30,90,32,
071,モモンチュラ,闇,310,パープルヘイズ,ひらめきのよかん,7,MV_121,シャドウピアス,闇,物理,35,100,34,
071,モモンチュラ,闇,310,パープルヘイズ,ひらめきのよかん,7,MV_123,ダスクブレード,闇,物理,35,100,32,
071,モモンチュラ,闇,310,パープルヘイズ,ひらめきのよかん,7,MV_138,ダブルスラスト,無,物理,35,100,33,
071,モモンチュラ,闇,310,パープルヘイズ,ひらめきのよかん,7,MV_139,テイルスイープ,無,物理,35,100,33,
071,モモンチュラ,闇,310,パープルヘイズ,ひらめきのよかん,7,MV_187,アイスペブル,氷,物理,35,100,36,
071,モモンチュラ,闇,310,パープルヘイズ,ひらめきのよかん,7,mvh_ice,トリプルアイスブレード,氷,物理,35,90,10,3発(発ごと命中)
071,モモンチュラ,闇,310,パープルヘイズ,ひらめきのよかん,8,MVP_121,ホワイトアイスストライク,氷,物理,40,100,30,
071,モモンチュラ,闇,310,パープルヘイズ,ひらめきのよかん,8,MV_124,シャドウステッチ,闇,物理,40,100,32,
071,モモンチュラ,闇,310,パープルヘイズ,ひらめきのよかん,8,MV_125,ダークウェッジ,闇,物理,40,100,32,
071,モモンチュラ,闇,310,パープルヘイズ,ひらめきのよかん,8,MV_140,ヘッドバット,無,物理,40,100,33,
071,モモンチュラ,闇,310,パープルヘイズ,ひらめきのよかん,8,MV_141,スピンタックル,無,物理,40,100,33,
071,モモンチュラ,闇,310,パープルヘイズ,ひらめきのよかん,8,MV_188,アイスブレード,氷,物理,40,100,33,
071,モモンチュラ,闇,310,パープルヘイズ,ひらめきのよかん,9,MVP_122,フリーズフィスト,氷,物理,45,100,28,
071,モモンチュラ,闇,310,パープルヘイズ,ひらめきのよかん,9,MVP_123,フロストストライクブロー,氷,物理,45,100,28,
071,モモンチュラ,闇,310,パープルヘイズ,ひらめきのよかん,9,MVP_161,ブラックミストストライク,闇,物理,45,100,30,
071,モモンチュラ,闇,310,パープルヘイズ,ひらめきのよかん,9,MV_126,カースチェイン,闇,物理,45,100,32,
071,モモンチュラ,闇,310,パープルヘイズ,ひらめきのよかん,9,MV_142,フライングキック,無,物理,45,100,33,
071,モモンチュラ,闇,310,パープルヘイズ,ひらめきのよかん,9,MV_143,ブラントエッジ,無,物理,45,100,33,
071,モモンチュラ,闇,310,パープルヘイズ,ひらめきのよかん,10,MVP_002,マッチレスブロー,無,物理,50,100,28,
071,モモンチュラ,闇,310,パープルヘイズ,ひらめきのよかん,10,MVP_124,アイスリングパンチ,氷,物理,50,100,26,
071,モモンチュラ,闇,310,パープルヘイズ,ひらめきのよかん,10,MVP_162,シャドウストライクフィスト,闇,物理,50,100,28,
071,モモンチュラ,闇,310,パープルヘイズ,ひらめきのよかん,10,MVP_163,カースブローパンチ,闇,物理,50,100,28,
071,モモンチュラ,闇,310,パープルヘイズ,ひらめきのよかん,10,MV_145,ラッシュスラスト,無,物理,50,100,33,
071,モモンチュラ,闇,310,パープルヘイズ,ひらめきのよかん,10,poison_fog,ポイズンフォグ,闇,変化,0,100,10,
072,バニザラシ,氷/水,305,フリーフォール,潜航,3,mvn_045,クロッド,地,特殊,15,100,36,
072,バニザラシ,氷/水,305,フリーフォール,潜航,4,MV_280,サンドバインド,地,特殊,20,100,28,
072,バニザラシ,氷/水,305,フリーフォール,潜航,4,mvs_water_def_accuracy,サーフェスガード,水,変化,0,100,15,
072,バニザラシ,氷/水,305,フリーフォール,潜航,4,mvs_water_def_evasion,サーフェスヴェール,水,変化,0,100,15,
072,バニザラシ,氷/水,305,フリーフォール,潜航,5,mvh_ground,ロックバラージブロー,地,物理,25,95,15,2〜5発
072,バニザラシ,氷/水,305,フリーフォール,潜航,5,mvh_water,タービュレントラッシュ,水,物理,25,95,15,2〜5発
072,バニザラシ,氷/水,305,フリーフォール,潜航,6,mvn_048,クラッシュソイル,地,特殊,30,100,30,
072,バニザラシ,氷/水,305,フリーフォール,潜航,7,MV_187,アイスペブル,氷,物理,35,100,36,
072,バニザラシ,氷/水,305,フリーフォール,潜航,7,MV_212,ウォーターガン,水,物理,35,100,36,
072,バニザラシ,氷/水,305,フリーフォール,潜航,7,MV_256,ストーンペブル,地,物理,35,100,36,
072,バニザラシ,氷/水,305,フリーフォール,潜航,7,mvh_ice,トリプルアイスブレード,氷,物理,35,90,10,3発(発ごと命中)
072,バニザラシ,氷/水,305,フリーフォール,潜航,8,MVP_041,クリアストリームストライク,水,物理,40,100,30,
072,バニザラシ,氷/水,305,フリーフォール,潜航,8,MVP_081,クロッドストライク,地,物理,40,100,30,
072,バニザラシ,氷/水,305,フリーフォール,潜航,8,MVP_121,ホワイトアイスストライク,氷,物理,40,100,30,
072,バニザラシ,氷/水,305,フリーフォール,潜航,8,MV_188,アイスブレード,氷,物理,40,100,33,
072,バニザラシ,氷/水,305,フリーフォール,潜航,8,MV_260,ブラインドサンド,地,物理,40,100,32,
072,バニザラシ,氷/水,305,フリーフォール,潜航,8,mvn_049,アースヴェール,地,特殊,40,100,28,
072,バニザラシ,氷/水,305,フリーフォール,潜航,9,MVP_042,ミラーウォーターブロー,水,物理,45,100,28,
072,バニザラシ,氷/水,305,フリーフォール,潜航,9,MVP_122,フリーズフィスト,氷,物理,45,100,28,
072,バニザラシ,氷/水,305,フリーフォール,潜航,9,MV_257,ロックバレット,地,物理,45,100,33,
072,バニザラシ,氷/水,305,フリーフォール,潜航,9,MV_259,サンドスプレー,地,物理,45,100,30,
072,バニザラシ,氷/水,305,フリーフォール,潜航,10,MVP_082,ベッドロックフィスト,地,物理,50,100,28,
072,バニザラシ,氷/水,305,フリーフォール,潜航,10,MVP_083,レイラインブロー,地,物理,50,100,28,
072,バニザラシ,氷/水,305,フリーフォール,潜航,11,MVP_084,クラッシュソイルパンチ,地,物理,55,100,26,
072,バニザラシ,氷/水,305,フリーフォール,潜航,11,MV_258,フィッシャースラスト,地,物理,55,100,27,
072,バニザラシ,氷/水,305,フリーフォール,潜航,12,MVP_085,アースヴェールスラスト,地,物理,60,100,21,
072,バニザラシ,氷/水,305,フリーフォール,潜航,12,MV_272,シャープロックスラスト,地,物理,60,100,24,
072,バニザラシ,氷/水,305,フリーフォール,潜航,13,MVP_086,ロックシャードフィスト,地,物理,65,100,18,
072,バニザラシ,氷/水,305,フリーフォール,潜航,13,MV_263,ロックスマッシュ,地,物理,65,100,18,
072,バニザラシ,氷/水,305,フリーフォール,潜航,14,MVP_087,アースウォールストライク,地,物理,70,100,15,
072,バニザラシ,氷/水,305,フリーフォール,潜航,14,MV_274,ベッドロックブレイク,地,物理,70,100,12,
072,バニザラシ,氷/水,305,フリーフォール,潜航,15,MVP_088,ハードグラウンドブロー,地,物理,75,90,11,
072B,チョコザラシ,氷/地,310,たまゆき,,3,air_cannon,エアーキャノン,無,特殊,15,100,42,
072B,チョコザラシ,氷/地,310,たまゆき,,3,mvn_012,クリムゾン,炎,特殊,15,85,36,
072B,チョコザラシ,氷/地,310,たまゆき,,3,mvn_023,クリアストリーム,水,特殊,15,100,36,
072B,チョコザラシ,氷/地,310,たまゆき,,4,MV_247,ファイアスフィア,炎,特殊,20,100,30,
072B,チョコザラシ,氷/地,310,たまゆき,,5,MV_160,クリティカルエイム,無,特殊,25,100,28,
072B,チョコザラシ,氷/地,310,たまゆき,,5,aqua_gun,アクアショット,水,特殊,25,100,36,
072B,チョコザラシ,氷/地,310,たまゆき,,5,mvh_ground,ロックバラージブロー,地,物理,25,95,15,2〜5発
072B,チョコザラシ,氷/地,310,たまゆき,,5,mvh_water,タービュレントラッシュ,水,物理,25,95,15,2〜5発
072B,チョコザラシ,氷/地,310,たまゆき,,6,MVP_001,ホワイトストライク,無,物理,30,100,30,
072B,チョコザラシ,氷/地,310,たまゆき,,6,MV_137,バックフィスト,無,物理,30,100,36,
072B,チョコザラシ,氷/地,310,たまゆき,,7,MVP_021,クリムゾンストライク,炎,物理,35,100,30,
072B,チョコザラシ,氷/地,310,たまゆき,,7,MV_138,ダブルスラスト,無,物理,35,100,33,
072B,チョコザラシ,氷/地,310,たまゆき,,7,MV_139,テイルスイープ,無,物理,35,100,33,
072B,チョコザラシ,氷/地,310,たまゆき,,7,MV_187,アイスペブル,氷,物理,35,100,36,
072B,チョコザラシ,氷/地,310,たまゆき,,7,MV_212,ウォーターガン,水,物理,35,100,36,
072B,チョコザラシ,氷/地,310,たまゆき,,7,MV_233,シンダー,炎,物理,35,95,32,
072B,チョコザラシ,氷/地,310,たまゆき,,7,MV_256,ストーンペブル,地,物理,35,100,36,
072B,チョコザラシ,氷/地,310,たまゆき,,7,mvh_ice,トリプルアイスブレード,氷,物理,35,90,10,3発(発ごと命中)
072B,チョコザラシ,氷/地,310,たまゆき,,7,mvw_sandstorm,サンドストーム,地,変化,0,100,16,
072B,チョコザラシ,氷/地,310,たまゆき,,7,mvw_snow,スノーダンス,氷,変化,0,100,16,
072B,チョコザラシ,氷/地,310,たまゆき,,8,MVP_022,スコーチフィスト,炎,物理,40,100,28,
072B,チョコザラシ,氷/地,310,たまゆき,,8,MVP_023,フォスファーブロー,炎,物理,40,100,28,
072B,チョコザラシ,氷/地,310,たまゆき,,8,MVP_041,クリアストリームストライク,水,物理,40,100,30,
072B,チョコザラシ,氷/地,310,たまゆき,,8,MVP_081,クロッドストライク,地,物理,40,100,30,
072B,チョコザラシ,氷/地,310,たまゆき,,8,MVP_121,ホワイトアイスストライク,氷,物理,40,100,30,
072B,チョコザラシ,氷/地,310,たまゆき,,8,MV_140,ヘッドバット,無,物理,40,100,33,
072B,チョコザラシ,氷/地,310,たまゆき,,8,MV_141,スピンタックル,無,物理,40,100,33,
072B,チョコザラシ,氷/地,310,たまゆき,,8,MV_188,アイスブレード,氷,物理,40,100,33,
072B,チョコザラシ,氷/地,310,たまゆき,,8,MV_260,ブラインドサンド,地,物理,40,100,32,
072B,チョコザラシ,氷/地,310,たまゆき,,9,MVP_024,ロースパンチ,炎,物理,45,100,26,
072B,チョコザラシ,氷/地,310,たまゆき,,9,MVP_042,ミラーウォーターブロー,水,物理,45,100,28,
072B,チョコザラシ,氷/地,310,たまゆき,,9,MVP_122,フリーズフィスト,氷,物理,45,100,28,
072B,チョコザラシ,氷/地,310,たまゆき,,9,MV_142,フライングキック,無,物理,45,100,33,
072B,チョコザラシ,氷/地,310,たまゆき,,9,MV_143,ブラントエッジ,無,物理,45,100,33,
073,ダリザード,闇,210,こうふん,,3,mvn_067,ホワイトアイス,氷,特殊,15,85,36,
073,ダリザード,闇,210,こうふん,,4,mvs_dark_accuracy_evasion,ダークナイトアイ,闇,変化,0,100,15,
073,ダリザード,闇,210,こうふん,,4,mvs_dark_def_crit,ダークナイトアーマー,闇,変化,0,100,15,
073,ダリザード,闇,210,こうふん,,5,mvh_dark,シャドウバラージ,闇,物理,25,95,15,2〜5発
073,ダリザード,闇,210,こうふん,,6,MV_205,フロストネット,氷,特殊,30,95,28,
073,ダリザード,闇,210,こうふん,,6,ice_cutter,アイスカッター,氷,特殊,30,100,33,
073,ダリザード,闇,210,こうふん,,7,MV_121,シャドウピアス,闇,物理,35,100,34,
073,ダリザード,闇,210,こうふん,,7,MV_123,ダスクブレード,闇,物理,35,100,32,
073,ダリザード,闇,210,こうふん,,7,MV_187,アイスペブル,氷,物理,35,100,36,
073,ダリザード,闇,210,こうふん,,7,mvh_ice,トリプルアイスブレード,氷,物理,35,90,10,3発(発ごと命中)
073,ダリザード,闇,210,こうふん,,8,MVP_121,ホワイトアイスストライク,氷,物理,40,100,30,
073,ダリザード,闇,210,こうふん,,8,MV_124,シャドウステッチ,闇,物理,40,100,32,
073,ダリザード,闇,210,こうふん,,8,MV_125,ダークウェッジ,闇,物理,40,100,32,
073,ダリザード,闇,210,こうふん,,8,MV_188,アイスブレード,氷,物理,40,100,33,
073,ダリザード,闇,210,こうふん,,9,MVP_122,フリーズフィスト,氷,物理,45,100,28,
073,ダリザード,闇,210,こうふん,,9,MVP_123,フロストストライクブロー,氷,物理,45,100,28,
073,ダリザード,闇,210,こうふん,,9,MVP_161,ブラックミストストライク,闇,物理,45,100,30,
073,ダリザード,闇,210,こうふん,,9,MV_126,カースチェイン,闇,物理,45,100,32,
073,ダリザード,闇,210,こうふん,,9,mvn_073,フローズンクラウド,氷,特殊,45,100,24,
073,ダリザード,闇,210,こうふん,,10,MVP_124,アイスリングパンチ,氷,物理,50,100,26,
073,ダリザード,闇,210,こうふん,,10,MVP_162,シャドウストライクフィスト,闇,物理,50,100,28,
073,ダリザード,闇,210,こうふん,,10,MVP_163,カースブローパンチ,闇,物理,50,100,28,
073,ダリザード,闇,210,こうふん,,10,MV_189,フロストショット,氷,物理,50,100,30,
073,ダリザード,闇,210,こうふん,,11,MVP_164,ダークネススラスト,闇,物理,55,100,26,
073,ダリザード,闇,210,こうふん,,11,MV_190,アイスニードル,氷,物理,55,100,27,
073,ダリザード,闇,210,こうふん,,11,MV_211,フローズンブレード,氷,物理,55,95,26,
073,ダリザード,闇,210,こうふん,,12,MVP_125,チルスラスト,氷,物理,60,100,21,
073,ダリザード,闇,210,こうふん,,12,MV_195,アイスファング,氷,物理,60,95,24,
073,ダリザード,闇,210,こうふん,,13,MV_192,ブリザードブロー,氷,物理,65,100,21,
073,ダリザード,闇,210,こうふん,,13,MV_200,アイスブレードコンボ,氷,物理,65,100,21,
073,ダリザード,闇,210,こうふん,,14,MVP_126,アイスシャードフィスト,氷,物理,70,100,18,
073,ダリザード,闇,210,こうふん,,14,MVP_127,フローズンクラウドストライク,氷,物理,70,100,15,
073,ダリザード,闇,210,こうふん,,15,MVP_128,アイスヴェールブロー,氷,物理,75,90,11,
073,ダリザード,闇,210,こうふん,,15,MVP_129,フロストブロッサムパンチ,氷,物理,75,90,11,
073,ダリザード,闇,210,こうふん,,16,MVP_130,アイスコアフィスト,氷,物理,80,100,6,
073,ダリザード,闇,210,こうふん,,16,MVP_131,コールドストライクスラスト,氷,物理,80,90,8,
073B,チリザード,炎,210,こうふん,放熱器官,3,mvn_034,バイオレットボルト,雷,特殊,15,85,36,
073B,チリザード,炎,210,こうふん,放熱器官,5,MV_185,ボルトライトバレット,雷,特殊,25,100,33,
073B,チリザード,炎,210,こうふん,放熱器官,6,shockwave,ショックウェーブ,雷,特殊,30,100,36,
073B,チリザード,炎,210,こうふん,放熱器官,7,MVP_021,クリムゾンストライク,炎,物理,35,100,30,
073B,チリザード,炎,210,こうふん,放熱器官,7,MV_233,シンダー,炎,物理,35,95,32,
073B,チリザード,炎,210,こうふん,放熱器官,7,mvh_electric,トリプルボルトストライク,雷,物理,35,90,10,3発(発ごと命中)
073B,チリザード,炎,210,こうふん,放熱器官,7,mvw_sunny,サンライトソング,炎,変化,0,100,16,
073B,チリザード,炎,210,こうふん,放熱器官,8,MVP_022,スコーチフィスト,炎,物理,40,100,28,
073B,チリザード,炎,210,こうふん,放熱器官,8,MVP_023,フォスファーブロー,炎,物理,40,100,28,
073B,チリザード,炎,210,こうふん,放熱器官,8,MVP_061,バイオレットボルトストライク,雷,物理,40,100,30,
073B,チリザード,炎,210,こうふん,放熱器官,8,MVP_062,サンダーロアフィスト,雷,物理,40,100,28,
073B,チリザード,炎,210,こうふん,放熱器官,8,lock_on_laser,ロックオンレーザー,雷,特殊,40,100,30,
073B,チリザード,炎,210,こうふん,放熱器官,9,MVP_024,ロースパンチ,炎,物理,45,100,26,
073B,チリザード,炎,210,こうふん,放熱器官,9,MVP_063,フラッシュボルトブロー,雷,物理,45,100,28,
073B,チリザード,炎,210,こうふん,放熱器官,9,MV_168,スパークボルト,雷,物理,45,95,28,
073B,チリザード,炎,210,こうふん,放熱器官,9,MV_236,フレイムクロー,炎,物理,45,95,26,
073B,チリザード,炎,210,こうふん,放熱器官,9,mvn_040,ボルトトレイル,雷,特殊,45,100,24,
073B,チリザード,炎,210,こうふん,放熱器官,10,MVP_064,ボルトチャージパンチ,雷,物理,50,100,26,
073B,チリザード,炎,210,こうふん,放熱器官,10,MV_182,ショックスティング,雷,物理,50,100,30,
073B,チリザード,炎,210,こうふん,放熱器官,10,MV_246,フレイムファング,炎,物理,50,95,26,
073B,チリザード,炎,210,こうふん,放熱器官,10,MV_250,フレイムスラスト,炎,物理,50,100,27,
073B,チリザード,炎,210,こうふん,放熱器官,10,mvs_ep_fire,ヘルファイアピーク,炎,変化,0,100,10,
073B,チリザード,炎,210,こうふん,放熱器官,11,MV_183,ライトニングスラスト,雷,物理,55,100,27,
073B,チリザード,炎,210,こうふん,放熱器官,11,MV_237,ブレイズスラッシュ,炎,物理,55,95,24,
073B,チリザード,炎,210,こうふん,放熱器官,11,MV_245,フレイムホイール,炎,物理,55,95,24,
073B,チリザード,炎,210,こうふん,放熱器官,12,MVP_065,スイフトボルトスラスト,雷,物理,60,100,21,
073B,チリザード,炎,210,こうふん,放熱器官,12,MV_170,ディスチャージ,雷,物理,60,95,24,
073B,チリザード,炎,210,こうふん,放熱器官,13,MVP_066,ボルトリングフィスト,雷,物理,65,100,18,
073B,チリザード,炎,210,こうふん,放熱器官,14,MVP_067,ボルトトレイルストライク,雷,物理,70,100,15,
073B,チリザード,炎,210,こうふん,放熱器官,15,MVP_068,スタティックブロー,雷,物理,75,90,11,
073B,チリザード,炎,210,こうふん,放熱器官,15,MVP_069,ボルトコアパンチ,雷,物理,75,90,11,
073B,チリザード,炎,210,こうふん,放熱器官,16,MVP_070,ボルトフラッシュスラスト,雷,物理,80,100,6,
073B,チリザード,炎,210,こうふん,放熱器官,16,MVP_071,ボルトグレインフィスト,雷,物理,80,90,8,
074,ゴリレイジ,無,275,無のちから,,3,mvn_078,ドラゴンファング,竜,特殊,15,100,36,
074,ゴリレイジ,無,275,無のちから,,6,MVP_001,ホワイトストライク,無,物理,30,100,30,
074,ゴリレイジ,無,275,無のちから,,6,MV_137,バックフィスト,無,物理,30,100,36,
074,ゴリレイジ,無,275,無のちから,,6,mvn_080,ドラゴンヴェインショット,竜,特殊,30,100,32,
074,ゴリレイジ,無,275,無のちから,,6,mvn_082,ドラゴンクロー,竜,特殊,30,100,28,
074,ゴリレイジ,無,275,無のちから,,7,MV_138,ダブルスラスト,無,物理,35,100,33,
074,ゴリレイジ,無,275,無のちから,,7,MV_139,テイルスイープ,無,物理,35,100,33,
074,ゴリレイジ,無,275,無のちから,,7,mvs_big_neutral,リックレススタンス,無,変化,0,100,10,
074,ゴリレイジ,無,275,無のちから,,8,MV_140,ヘッドバット,無,物理,40,100,33,
074,ゴリレイジ,無,275,無のちから,,8,MV_141,スピンタックル,無,物理,40,100,33,
074,ゴリレイジ,無,275,無のちから,,9,MVP_141,ドラゴンファングストライク,竜,物理,45,100,30,
074,ゴリレイジ,無,275,無のちから,,9,MV_142,フライングキック,無,物理,45,100,33,
074,ゴリレイジ,無,275,無のちから,,9,MV_143,ブラントエッジ,無,物理,45,100,33,
074,ゴリレイジ,無,275,無のちから,,9,mvn_083,ドラゴンリング,竜,特殊,45,100,26,
074,ゴリレイジ,無,275,無のちから,,10,MVP_002,マッチレスブロー,無,物理,50,100,28,
074,ゴリレイジ,無,275,無のちから,,10,MVP_142,ドラゴンスケイルフィスト,竜,物理,50,100,28,
074,ゴリレイジ,無,275,無のちから,,10,MVP_143,ドラゴンヴェインブロー,竜,物理,50,100,28,
074,ゴリレイジ,無,275,無のちから,,10,mvs_ep_neutral,マッチレスピーク,無,変化,0,100,10,
074,ゴリレイジ,無,275,無のちから,,11,MVP_144,ドラゴンブレスパンチ,竜,物理,55,100,26,
074,ゴリレイジ,無,275,無のちから,,11,MV_116,ドラゴンファングスラスト,竜,物理,55,100,27,
074,ゴリレイジ,無,275,無のちから,,12,MVP_145,ドラゴンクロースラスト,竜,物理,60,100,21,
074,ゴリレイジ,無,275,無のちから,,12,MVP_146,ドラゴンリングフィスト,竜,物理,60,100,18,
074,ゴリレイジ,無,275,無のちから,,13,MVP_147,ドラゴンヴェールストライク,竜,物理,65,100,15,
074,ゴリレイジ,無,275,無のちから,,13,MV_112,ドラゴンクローコンボ,竜,物理,65,100,15,
074,ゴリレイジ,無,275,無のちから,,14,MVP_148,ドラゴンヴォイスブロー,竜,物理,70,90,11,
074,ゴリレイジ,無,275,無のちから,,14,MV_110,ツインドラゴンファング,竜,物理,70,95,13,
074,ゴリレイジ,無,275,無のちから,,15,MVP_149,ドラゴンピアスパンチ,竜,物理,75,90,11,
074,ゴリレイジ,無,275,無のちから,,15,MV_109,ドラゴンスケイルスラッシュ,竜,物理,75,100,9,
074,ゴリレイジ,無,275,無のちから,,16,MVP_150,ドラゴンフォスファーフィスト,竜,物理,80,100,6,
074,ゴリレイジ,無,275,無のちから,,16,MVP_151,ドラゴンハートストライク,竜,物理,80,90,8,
074B,ゴリガイア,地,280,ハブーブ,,3,mvn_012,クリムゾン,炎,特殊,15,85,36,
074B,ゴリガイア,地,280,ハブーブ,,4,MV_247,ファイアスフィア,炎,特殊,20,100,30,
074B,ゴリガイア,地,280,ハブーブ,,4,mvs_ground_atk_accuracy,アースエイム,地,変化,0,100,15,
074B,ゴリガイア,地,280,ハブーブ,,5,mvh_ground,ロックバラージブロー,地,物理,25,95,15,2〜5発
074B,ゴリガイア,地,280,ハブーブ,,6,MV_234,ブレイズバレット,炎,特殊,30,95,30,
074B,ゴリガイア,地,280,ハブーブ,,7,MVP_021,クリムゾンストライク,炎,物理,35,100,30,
074B,ゴリガイア,地,280,ハブーブ,,7,MV_233,シンダー,炎,物理,35,95,32,
074B,ゴリガイア,地,280,ハブーブ,,7,MV_256,ストーンペブル,地,物理,35,100,36,
074B,ゴリガイア,地,280,ハブーブ,,8,MVP_022,スコーチフィスト,炎,物理,40,100,28,
074B,ゴリガイア,地,280,ハブーブ,,8,MVP_023,フォスファーブロー,炎,物理,40,100,28,
074B,ゴリガイア,地,280,ハブーブ,,8,MVP_081,クロッドストライク,地,物理,40,100,30,
074B,ゴリガイア,地,280,ハブーブ,,8,MV_255,ブレイズバラージ,炎,特殊,40,95,26,
074B,ゴリガイア,地,280,ハブーブ,,8,MV_260,ブラインドサンド,地,物理,40,100,32,
074B,ゴリガイア,地,280,ハブーブ,,9,MVP_024,ロースパンチ,炎,物理,45,100,26,
074B,ゴリガイア,地,280,ハブーブ,,9,MV_236,フレイムクロー,炎,物理,45,95,26,
074B,ゴリガイア,地,280,ハブーブ,,9,MV_257,ロックバレット,地,物理,45,100,33,
074B,ゴリガイア,地,280,ハブーブ,,9,MV_259,サンドスプレー,地,物理,45,100,30,
074B,ゴリガイア,地,280,ハブーブ,,10,MVP_082,ベッドロックフィスト,地,物理,50,100,28,
074B,ゴリガイア,地,280,ハブーブ,,10,MVP_083,レイラインブロー,地,物理,50,100,28,
074B,ゴリガイア,地,280,ハブーブ,,10,MV_246,フレイムファング,炎,物理,50,95,26,
074B,ゴリガイア,地,280,ハブーブ,,10,MV_250,フレイムスラスト,炎,物理,50,100,27,
074B,ゴリガイア,地,280,ハブーブ,,10,mvs_ep_ground,アースコアピーク,地,変化,0,100,10,
074B,ゴリガイア,地,280,ハブーブ,,11,MVP_084,クラッシュソイルパンチ,地,物理,55,100,26,
074B,ゴリガイア,地,280,ハブーブ,,11,MV_237,ブレイズスラッシュ,炎,物理,55,95,24,
074B,ゴリガイア,地,280,ハブーブ,,11,MV_245,フレイムホイール,炎,物理,55,95,24,
074B,ゴリガイア,地,280,ハブーブ,,12,MVP_025,シアリングスラスト,炎,物理,60,100,21,
074B,ゴリガイア,地,280,ハブーブ,,12,MV_253,ブレイジングパンチ,炎,物理,60,100,24,
074B,ゴリガイア,地,280,ハブーブ,,13,MV_238,ワイルドファイアフィスト,炎,物理,65,95,21,
074B,ゴリガイア,地,280,ハブーブ,,13,MV_252,シアリングスラッシュ,炎,物理,65,100,21,
074B,ゴリガイア,地,280,ハブーブ,,14,MVP_026,エンバーフィスト,炎,物理,70,100,18,
074B,ゴリガイア,地,280,ハブーブ,,14,MVP_027,フレイムストライク,炎,物理,70,100,15,
074B,ゴリガイア,地,280,ハブーブ,,15,MVP_028,フレイムアレイブロー,炎,物理,75,90,11,
074B,ゴリガイア,地,280,ハブーブ,,15,MVP_029,ヘルフレイムパンチ,炎,物理,75,90,11,
075,シーペント,水,260,水のちから,潜航,1,MV_232,クリアストリームスタンス,水,変化,0,100,15,
075,シーペント,水,260,水のちから,潜航,3,mvn_045,クロッド,地,特殊,15,100,36,
075,シーペント,水,260,水のちから,潜航,4,MV_280,サンドバインド,地,特殊,20,100,28,
075,シーペント,水,260,水のちから,潜航,5,mvh_ground,ロックバラージブロー,地,物理,25,95,15,2〜5発
075,シーペント,水,260,水のちから,潜航,5,mvh_water,タービュレントラッシュ,水,物理,25,95,15,2〜5発
075,シーペント,水,260,水のちから,潜航,6,mvn_048,クラッシュソイル,地,特殊,30,100,30,
075,シーペント,水,260,水のちから,潜航,7,MV_212,ウォーターガン,水,物理,35,100,36,
075,シーペント,水,260,水のちから,潜航,7,MV_256,ストーンペブル,地,物理,35,100,36,
075,シーペント,水,260,水のちから,潜航,7,mvs_big_water,ラピッドストリームスタンス,水,変化,0,100,10,
075,シーペント,水,260,水のちから,潜航,8,MVP_041,クリアストリームストライク,水,物理,40,100,30,
075,シーペント,水,260,水のちから,潜航,8,MVP_081,クロッドストライク,地,物理,40,100,30,
075,シーペント,水,260,水のちから,潜航,8,MV_260,ブラインドサンド,地,物理,40,100,32,
075,シーペント,水,260,水のちから,潜航,8,mvn_049,アースヴェール,地,特殊,40,100,28,
075,シーペント,水,260,水のちから,潜航,9,MVP_042,ミラーウォーターブロー,水,物理,45,100,28,
075,シーペント,水,260,水のちから,潜航,9,MV_214,バブルバラージ,水,物理,45,100,33,
075,シーペント,水,260,水のちから,潜航,9,MV_257,ロックバレット,地,物理,45,100,33,
075,シーペント,水,260,水のちから,潜航,9,MV_259,サンドスプレー,地,物理,45,100,30,
075,シーペント,水,260,水のちから,潜航,10,MVP_043,サーフサウンドフィスト,水,物理,50,100,28,
075,シーペント,水,260,水のちから,潜航,10,MVP_044,ドロップストライクパンチ,水,物理,50,100,26,
075,シーペント,水,260,水のちから,潜航,10,MVP_082,ベッドロックフィスト,地,物理,50,100,28,
075,シーペント,水,260,水のちから,潜航,10,MVP_083,レイラインブロー,地,物理,50,100,28,
075,シーペント,水,260,水のちから,潜航,11,MVP_084,クラッシュソイルパンチ,地,物理,55,100,26,
075,シーペント,水,260,水のちから,潜航,11,MV_216,ウォーターブレード,水,物理,55,100,27,
075,シーペント,水,260,水のちから,潜航,11,MV_221,ストリームコンボ,水,物理,55,100,27,
075,シーペント,水,260,水のちから,潜航,11,MV_258,フィッシャースラスト,地,物理,55,100,27,
075,シーペント,水,260,水のちから,潜航,12,MVP_085,アースヴェールスラスト,地,物理,60,100,21,
075,シーペント,水,260,水のちから,潜航,12,MV_272,シャープロックスラスト,地,物理,60,100,24,
075,シーペント,水,260,水のちから,潜航,13,MVP_086,ロックシャードフィスト,地,物理,65,100,18,
075,シーペント,水,260,水のちから,潜航,13,MV_263,ロックスマッシュ,地,物理,65,100,18,
075,シーペント,水,260,水のちから,潜航,14,MVP_087,アースウォールストライク,地,物理,70,100,15,
075,シーペント,水,260,水のちから,潜航,14,MV_274,ベッドロックブレイク,地,物理,70,100,12,
075,シーペント,水,260,水のちから,潜航,15,MVP_088,ハードグラウンドブロー,地,物理,75,90,11,
075,シーペント,水,260,水のちから,潜航,15,MVP_089,ペブルブローパンチ,地,物理,75,90,11,
075,シーペント,水,260,水のちから,潜航,16,MVP_090,アースリングフィスト,地,物理,80,100,6,
075,シーペント,水,260,水のちから,潜航,16,MVP_091,ソリッドソイルストライク,地,物理,80,90,8,
075B,スナペント,地,280,サンドバッグ,,3,mvn_012,クリムゾン,炎,特殊,15,85,36,
075B,スナペント,地,280,サンドバッグ,,4,MV_247,ファイアスフィア,炎,特殊,20,100,30,
075B,スナペント,地,280,サンドバッグ,,4,mvs_ground_atk_def,アーススタンス,地,変化,0,100,15,
075B,スナペント,地,280,サンドバッグ,,5,mvh_ground,ロックバラージブロー,地,物理,25,95,15,2〜5発
075B,スナペント,地,280,サンドバッグ,,6,MV_234,ブレイズバレット,炎,特殊,30,95,30,
075B,スナペント,地,280,サンドバッグ,,7,MVP_021,クリムゾンストライク,炎,物理,35,100,30,
075B,スナペント,地,280,サンドバッグ,,7,MV_233,シンダー,炎,物理,35,95,32,
075B,スナペント,地,280,サンドバッグ,,7,MV_256,ストーンペブル,地,物理,35,100,36,
075B,スナペント,地,280,サンドバッグ,,7,mvw_sandstorm,サンドストーム,地,変化,0,100,16,
075B,スナペント,地,280,サンドバッグ,,8,MVP_022,スコーチフィスト,炎,物理,40,100,28,
075B,スナペント,地,280,サンドバッグ,,8,MVP_023,フォスファーブロー,炎,物理,40,100,28,
075B,スナペント,地,280,サンドバッグ,,8,MVP_081,クロッドストライク,地,物理,40,100,30,
075B,スナペント,地,280,サンドバッグ,,8,MV_255,ブレイズバラージ,炎,特殊,40,95,26,
075B,スナペント,地,280,サンドバッグ,,8,MV_260,ブラインドサンド,地,物理,40,100,32,
075B,スナペント,地,280,サンドバッグ,,9,MVP_024,ロースパンチ,炎,物理,45,100,26,
075B,スナペント,地,280,サンドバッグ,,9,MV_236,フレイムクロー,炎,物理,45,95,26,
075B,スナペント,地,280,サンドバッグ,,9,MV_257,ロックバレット,地,物理,45,100,33,
075B,スナペント,地,280,サンドバッグ,,9,MV_259,サンドスプレー,地,物理,45,100,30,
075B,スナペント,地,280,サンドバッグ,,10,MVP_082,ベッドロックフィスト,地,物理,50,100,28,
075B,スナペント,地,280,サンドバッグ,,10,MVP_083,レイラインブロー,地,物理,50,100,28,
075B,スナペント,地,280,サンドバッグ,,10,MV_246,フレイムファング,炎,物理,50,95,26,
075B,スナペント,地,280,サンドバッグ,,10,MV_250,フレイムスラスト,炎,物理,50,100,27,
075B,スナペント,地,280,サンドバッグ,,11,MVP_084,クラッシュソイルパンチ,地,物理,55,100,26,
075B,スナペント,地,280,サンドバッグ,,11,MV_237,ブレイズスラッシュ,炎,物理,55,95,24,
075B,スナペント,地,280,サンドバッグ,,11,MV_245,フレイムホイール,炎,物理,55,95,24,
075B,スナペント,地,280,サンドバッグ,,12,MVP_025,シアリングスラスト,炎,物理,60,100,21,
075B,スナペント,地,280,サンドバッグ,,12,MV_253,ブレイジングパンチ,炎,物理,60,100,24,
075B,スナペント,地,280,サンドバッグ,,13,MV_238,ワイルドファイアフィスト,炎,物理,65,95,21,
075B,スナペント,地,280,サンドバッグ,,13,MV_252,シアリングスラッシュ,炎,物理,65,100,21,
075B,スナペント,地,280,サンドバッグ,,14,MVP_026,エンバーフィスト,炎,物理,70,100,18,
075B,スナペント,地,280,サンドバッグ,,14,MVP_027,フレイムストライク,炎,物理,70,100,15,
075B,スナペント,地,280,サンドバッグ,,15,MVP_028,フレイムアレイブロー,炎,物理,75,90,11,
075B,スナペント,地,280,サンドバッグ,,15,MVP_029,ヘルフレイムパンチ,炎,物理,75,90,11,
076,フェザーロ,草,275,まいかぜ,,3,mvn_023,クリアストリーム,水,特殊,15,100,36,
076,フェザーロ,草,275,まいかぜ,,4,mvs_grass_accuracy_evasion,フレッシュグリーンアイ,草,変化,0,100,15,
076,フェザーロ,草,275,まいかぜ,,5,aqua_gun,アクアショット,水,特殊,25,100,36,
076,フェザーロ,草,275,まいかぜ,,5,mvh_water,タービュレントラッシュ,水,物理,25,95,15,2〜5発
076,フェザーロ,草,275,まいかぜ,,7,MV_212,ウォーターガン,水,物理,35,100,36,
076,フェザーロ,草,275,まいかぜ,,7,MV_215,ウォーターカッター,水,特殊,35,100,30,
076,フェザーロ,草,275,まいかぜ,,7,MV_281,リーフブレード,草,物理,35,100,36,
076,フェザーロ,草,275,まいかぜ,,8,MVP_041,クリアストリームストライク,水,物理,40,100,30,
076,フェザーロ,草,275,まいかぜ,,8,MVP_101,グリーンリーフストライク,草,物理,40,100,30,
076,フェザーロ,草,275,まいかぜ,,8,MV_282,シードショット,草,物理,40,100,33,
076,フェザーロ,草,275,まいかぜ,,9,MVP_042,ミラーウォーターブロー,水,物理,45,100,28,
076,フェザーロ,草,275,まいかぜ,,9,MVP_102,アイビーストライクフィスト,草,物理,45,100,28,
076,フェザーロ,草,275,まいかぜ,,9,MV_214,バブルバラージ,水,物理,45,100,33,
076,フェザーロ,草,275,まいかぜ,,9,MV_283,ヴァインウィップ,草,物理,45,100,33,
076,フェザーロ,草,275,まいかぜ,,9,mvn_028,スプラッシュ,水,特殊,45,100,26,
076,フェザーロ,草,275,まいかぜ,,10,MVP_043,サーフサウンドフィスト,水,物理,50,100,28,
076,フェザーロ,草,275,まいかぜ,,10,MVP_044,ドロップストライクパンチ,水,物理,50,100,26,
076,フェザーロ,草,275,まいかぜ,,10,MVP_103,リーフヴェインブロー,草,物理,50,100,28,
076,フェザーロ,草,275,まいかぜ,,10,MVP_104,フレッシュリーフパンチ,草,物理,50,100,26,
076,フェザーロ,草,275,まいかぜ,,10,mvs_ep_grass,ヴァーダントピーク,草,変化,0,100,10,
076,フェザーロ,草,275,まいかぜ,,11,MV_216,ウォーターブレード,水,物理,55,100,27,
076,フェザーロ,草,275,まいかぜ,,11,MV_221,ストリームコンボ,水,物理,55,100,27,
076,フェザーロ,草,275,まいかぜ,,11,MV_287,アイビーバインド,草,物理,55,100,27,
076,フェザーロ,草,275,まいかぜ,,11,MV_288,ソーンウィップ,草,物理,55,100,24,
076,フェザーロ,草,275,まいかぜ,,12,MV_222,ミラーウォータースラッシュ,水,物理,60,100,24,
076,フェザーロ,草,275,まいかぜ,,12,MV_227,アクアジェット,水,物理,60,100,27,
076,フェザーロ,草,275,まいかぜ,,13,MVP_045,ウォーターリングスラスト,水,物理,65,100,21,
076,フェザーロ,草,275,まいかぜ,,13,MV_230,アクアファング,水,物理,65,100,24,
076,フェザーロ,草,275,まいかぜ,,14,MVP_046,スプラッシュフィスト,水,物理,70,100,18,
076,フェザーロ,草,275,まいかぜ,,14,MVP_047,ウォーターヴェインストライク,水,物理,70,100,15,
076,フェザーロ,草,275,まいかぜ,,15,MVP_048,アズールウェーブブロー,水,物理,75,90,11,
076,フェザーロ,草,275,まいかぜ,,15,MVP_049,ドロップレットパンチ,水,物理,75,90,11,
076,フェザーロ,草,275,まいかぜ,,16,MVP_050,アクアヴェールフィスト,水,物理,80,100,6,
076,フェザーロ,草,275,まいかぜ,,16,MVP_051,リップルストライク,水,物理,80,90,8,
076B,サンドロ,草/地,275,ハブーブ,,3,mvn_012,クリムゾン,炎,特殊,15,85,36,
076B,サンドロ,草/地,275,ハブーブ,,3,mvn_023,クリアストリーム,水,特殊,15,100,36,
076B,サンドロ,草/地,275,ハブーブ,,4,MV_247,ファイアスフィア,炎,特殊,20,100,30,
076B,サンドロ,草/地,275,ハブーブ,,4,mvs_grass_def_crit,フレッシュグリーンアーマー,草,変化,0,100,15,
076B,サンドロ,草/地,275,ハブーブ,,4,mvs_ground_atk_accuracy,アースエイム,地,変化,0,100,15,
076B,サンドロ,草/地,275,ハブーブ,,5,aqua_gun,アクアショット,水,特殊,25,100,36,
076B,サンドロ,草/地,275,ハブーブ,,5,mvh_ground,ロックバラージブロー,地,物理,25,95,15,2〜5発
076B,サンドロ,草/地,275,ハブーブ,,5,mvh_water,タービュレントラッシュ,水,物理,25,95,15,2〜5発
076B,サンドロ,草/地,275,ハブーブ,,6,MV_234,ブレイズバレット,炎,特殊,30,95,30,
076B,サンドロ,草/地,275,ハブーブ,,7,MVP_021,クリムゾンストライク,炎,物理,35,100,30,
076B,サンドロ,草/地,275,ハブーブ,,7,MV_212,ウォーターガン,水,物理,35,100,36,
076B,サンドロ,草/地,275,ハブーブ,,7,MV_233,シンダー,炎,物理,35,95,32,
076B,サンドロ,草/地,275,ハブーブ,,7,MV_256,ストーンペブル,地,物理,35,100,36,
076B,サンドロ,草/地,275,ハブーブ,,7,MV_281,リーフブレード,草,物理,35,100,36,
076B,サンドロ,草/地,275,ハブーブ,,8,MVP_022,スコーチフィスト,炎,物理,40,100,28,
076B,サンドロ,草/地,275,ハブーブ,,8,MVP_023,フォスファーブロー,炎,物理,40,100,28,
076B,サンドロ,草/地,275,ハブーブ,,8,MVP_041,クリアストリームストライク,水,物理,40,100,30,
076B,サンドロ,草/地,275,ハブーブ,,8,MVP_081,クロッドストライク,地,物理,40,100,30,
076B,サンドロ,草/地,275,ハブーブ,,8,MVP_101,グリーンリーフストライク,草,物理,40,100,30,
076B,サンドロ,草/地,275,ハブーブ,,8,MV_260,ブラインドサンド,地,物理,40,100,32,
076B,サンドロ,草/地,275,ハブーブ,,8,MV_282,シードショット,草,物理,40,100,33,
076B,サンドロ,草/地,275,ハブーブ,,9,MVP_024,ロースパンチ,炎,物理,45,100,26,
076B,サンドロ,草/地,275,ハブーブ,,9,MVP_042,ミラーウォーターブロー,水,物理,45,100,28,
076B,サンドロ,草/地,275,ハブーブ,,9,MVP_102,アイビーストライクフィスト,草,物理,45,100,28,
076B,サンドロ,草/地,275,ハブーブ,,9,MV_214,バブルバラージ,水,物理,45,100,33,
076B,サンドロ,草/地,275,ハブーブ,,9,MV_236,フレイムクロー,炎,物理,45,95,26,
076B,サンドロ,草/地,275,ハブーブ,,9,MV_257,ロックバレット,地,物理,45,100,33,
076B,サンドロ,草/地,275,ハブーブ,,10,MVP_043,サーフサウンドフィスト,水,物理,50,100,28,
076B,サンドロ,草/地,275,ハブーブ,,10,MVP_044,ドロップストライクパンチ,水,物理,50,100,26,
076B,サンドロ,草/地,275,ハブーブ,,10,MV_246,フレイムファング,炎,物理,50,95,26,
076B,サンドロ,草/地,275,ハブーブ,,10,MV_250,フレイムスラスト,炎,物理,50,100,27,
076B,サンドロ,草/地,275,ハブーブ,,11,MV_216,ウォーターブレード,水,物理,55,100,27,
076B,サンドロ,草/地,275,ハブーブ,,11,MV_221,ストリームコンボ,水,物理,55,100,27,
076B,サンドロ,草/地,275,ハブーブ,,11,MV_237,ブレイズスラッシュ,炎,物理,55,95,24,
076B,サンドロ,草/地,275,ハブーブ,,11,MV_245,フレイムホイール,炎,物理,55,95,24,
077,ポプリーナ,草,210,こうふん,,3,mvn_023,クリアストリーム,水,特殊,15,100,36,
077,ポプリーナ,草,210,こうふん,,4,mvs_grass_def_crit,フレッシュグリーンアーマー,草,変化,0,100,15,
077,ポプリーナ,草,210,こうふん,,5,aqua_gun,アクアショット,水,特殊,25,100,36,
077,ポプリーナ,草,210,こうふん,,5,mvh_water,タービュレントラッシュ,水,物理,25,95,15,2〜5発
077,ポプリーナ,草,210,こうふん,,7,MV_212,ウォーターガン,水,物理,35,100,36,
077,ポプリーナ,草,210,こうふん,,7,MV_215,ウォーターカッター,水,特殊,35,100,30,
077,ポプリーナ,草,210,こうふん,,7,MV_281,リーフブレード,草,物理,35,100,36,
077,ポプリーナ,草,210,こうふん,,7,mvw_gale,ゲイルコール,草,変化,0,100,16,
077,ポプリーナ,草,210,こうふん,,8,MVP_041,クリアストリームストライク,水,物理,40,100,30,
077,ポプリーナ,草,210,こうふん,,8,MVP_101,グリーンリーフストライク,草,物理,40,100,30,
077,ポプリーナ,草,210,こうふん,,8,MV_282,シードショット,草,物理,40,100,33,
077,ポプリーナ,草,210,こうふん,,9,MVP_042,ミラーウォーターブロー,水,物理,45,100,28,
077,ポプリーナ,草,210,こうふん,,9,MVP_102,アイビーストライクフィスト,草,物理,45,100,28,
077,ポプリーナ,草,210,こうふん,,9,MV_214,バブルバラージ,水,物理,45,100,33,
077,ポプリーナ,草,210,こうふん,,9,MV_283,ヴァインウィップ,草,物理,45,100,33,
077,ポプリーナ,草,210,こうふん,,9,mvn_028,スプラッシュ,水,特殊,45,100,26,
077,ポプリーナ,草,210,こうふん,,10,MVP_043,サーフサウンドフィスト,水,物理,50,100,28,
077,ポプリーナ,草,210,こうふん,,10,MVP_044,ドロップストライクパンチ,水,物理,50,100,26,
077,ポプリーナ,草,210,こうふん,,10,MVP_103,リーフヴェインブロー,草,物理,50,100,28,
077,ポプリーナ,草,210,こうふん,,10,MVP_104,フレッシュリーフパンチ,草,物理,50,100,26,
077,ポプリーナ,草,210,こうふん,,11,MV_216,ウォーターブレード,水,物理,55,100,27,
077,ポプリーナ,草,210,こうふん,,11,MV_221,ストリームコンボ,水,物理,55,100,27,
077,ポプリーナ,草,210,こうふん,,11,MV_287,アイビーバインド,草,物理,55,100,27,
077,ポプリーナ,草,210,こうふん,,11,MV_288,ソーンウィップ,草,物理,55,100,24,
077,ポプリーナ,草,210,こうふん,,12,MVP_105,グラスリングスラスト,草,物理,60,100,21,
077,ポプリーナ,草,210,こうふん,,12,MV_222,ミラーウォータースラッシュ,水,物理,60,100,24,
077,ポプリーナ,草,210,こうふん,,12,MV_227,アクアジェット,水,物理,60,100,27,
077,ポプリーナ,草,210,こうふん,,13,MVP_045,ウォーターリングスラスト,水,物理,65,100,21,
077,ポプリーナ,草,210,こうふん,,13,MV_230,アクアファング,水,物理,65,100,24,
077,ポプリーナ,草,210,こうふん,,14,MVP_046,スプラッシュフィスト,水,物理,70,100,18,
077,ポプリーナ,草,210,こうふん,,14,MVP_047,ウォーターヴェインストライク,水,物理,70,100,15,
077,ポプリーナ,草,210,こうふん,,15,MVP_048,アズールウェーブブロー,水,物理,75,90,11,
077,ポプリーナ,草,210,こうふん,,15,MVP_049,ドロップレットパンチ,水,物理,75,90,11,
077,ポプリーナ,草,210,こうふん,,16,MVP_050,アクアヴェールフィスト,水,物理,80,100,6,
077,ポプリーナ,草,210,こうふん,,16,MVP_051,リップルストライク,水,物理,80,90,8,
078,フォレーナ,炎,280,かげろうボディ,放熱器官,3,mvn_034,バイオレットボルト,雷,特殊,15,85,36,
078,フォレーナ,炎,280,かげろうボディ,放熱器官,5,MV_185,ボルトライトバレット,雷,特殊,25,100,33,
078,フォレーナ,炎,280,かげろうボディ,放熱器官,6,shockwave,ショックウェーブ,雷,特殊,30,100,36,
078,フォレーナ,炎,280,かげろうボディ,放熱器官,7,MVP_021,クリムゾンストライク,炎,物理,35,100,30,
078,フォレーナ,炎,280,かげろうボディ,放熱器官,7,MV_233,シンダー,炎,物理,35,95,32,
078,フォレーナ,炎,280,かげろうボディ,放熱器官,7,mvh_electric,トリプルボルトストライク,雷,物理,35,90,10,3発(発ごと命中)
078,フォレーナ,炎,280,かげろうボディ,放熱器官,7,mvw_sunny,サンライトソング,炎,変化,0,100,16,
078,フォレーナ,炎,280,かげろうボディ,放熱器官,8,MVP_022,スコーチフィスト,炎,物理,40,100,28,
078,フォレーナ,炎,280,かげろうボディ,放熱器官,8,MVP_023,フォスファーブロー,炎,物理,40,100,28,
078,フォレーナ,炎,280,かげろうボディ,放熱器官,8,MVP_061,バイオレットボルトストライク,雷,物理,40,100,30,
078,フォレーナ,炎,280,かげろうボディ,放熱器官,8,MVP_062,サンダーロアフィスト,雷,物理,40,100,28,
078,フォレーナ,炎,280,かげろうボディ,放熱器官,8,lock_on_laser,ロックオンレーザー,雷,特殊,40,100,30,
078,フォレーナ,炎,280,かげろうボディ,放熱器官,9,MVP_024,ロースパンチ,炎,物理,45,100,26,
078,フォレーナ,炎,280,かげろうボディ,放熱器官,9,MVP_063,フラッシュボルトブロー,雷,物理,45,100,28,
078,フォレーナ,炎,280,かげろうボディ,放熱器官,9,MV_168,スパークボルト,雷,物理,45,95,28,
078,フォレーナ,炎,280,かげろうボディ,放熱器官,9,MV_236,フレイムクロー,炎,物理,45,95,26,
078,フォレーナ,炎,280,かげろうボディ,放熱器官,9,mvn_040,ボルトトレイル,雷,特殊,45,100,24,
078,フォレーナ,炎,280,かげろうボディ,放熱器官,10,MVP_064,ボルトチャージパンチ,雷,物理,50,100,26,
078,フォレーナ,炎,280,かげろうボディ,放熱器官,10,MV_182,ショックスティング,雷,物理,50,100,30,
078,フォレーナ,炎,280,かげろうボディ,放熱器官,10,MV_246,フレイムファング,炎,物理,50,95,26,
078,フォレーナ,炎,280,かげろうボディ,放熱器官,10,MV_250,フレイムスラスト,炎,物理,50,100,27,
078,フォレーナ,炎,280,かげろうボディ,放熱器官,10,mvs_ep_fire,ヘルファイアピーク,炎,変化,0,100,10,
078,フォレーナ,炎,280,かげろうボディ,放熱器官,11,MV_183,ライトニングスラスト,雷,物理,55,100,27,
078,フォレーナ,炎,280,かげろうボディ,放熱器官,11,MV_237,ブレイズスラッシュ,炎,物理,55,95,24,
078,フォレーナ,炎,280,かげろうボディ,放熱器官,12,MVP_065,スイフトボルトスラスト,雷,物理,60,100,21,
078,フォレーナ,炎,280,かげろうボディ,放熱器官,12,MV_170,ディスチャージ,雷,物理,60,95,24,
078,フォレーナ,炎,280,かげろうボディ,放熱器官,13,MVP_066,ボルトリングフィスト,雷,物理,65,100,18,
078,フォレーナ,炎,280,かげろうボディ,放熱器官,14,MVP_067,ボルトトレイルストライク,雷,物理,70,100,15,
078,フォレーナ,炎,280,かげろうボディ,放熱器官,15,MVP_068,スタティックブロー,雷,物理,75,90,11,
078,フォレーナ,炎,280,かげろうボディ,放熱器官,15,MVP_069,ボルトコアパンチ,雷,物理,75,90,11,
078,フォレーナ,炎,280,かげろうボディ,放熱器官,16,MVP_070,ボルトフラッシュスラスト,雷,物理,80,100,6,
078,フォレーナ,炎,280,かげろうボディ,放熱器官,16,MVP_071,ボルトグレインフィスト,雷,物理,80,90,8,
078B,フォレーオ,炎/闇,285,フェーン,放熱器官,3,mvn_034,バイオレットボルト,雷,特殊,15,85,36,
078B,フォレーオ,炎/闇,285,フェーン,放熱器官,3,mvn_067,ホワイトアイス,氷,特殊,15,85,36,
078B,フォレーオ,炎/闇,285,フェーン,放熱器官,4,MV_122,カースウィスパー,闇,変化,0,100,15,
078B,フォレーオ,炎/闇,285,フェーン,放熱器官,4,MV_129,ネザーコール,闇,変化,0,100,15,
078B,フォレーオ,炎/闇,285,フェーン,放熱器官,5,MV_185,ボルトライトバレット,雷,特殊,25,100,33,
078B,フォレーオ,炎/闇,285,フェーン,放熱器官,5,mvh_dark,シャドウバラージ,闇,物理,25,95,15,2〜5発
078B,フォレーオ,炎/闇,285,フェーン,放熱器官,6,MV_205,フロストネット,氷,特殊,30,95,28,
078B,フォレーオ,炎/闇,285,フェーン,放熱器官,6,ice_cutter,アイスカッター,氷,特殊,30,100,33,
078B,フォレーオ,炎/闇,285,フェーン,放熱器官,6,shockwave,ショックウェーブ,雷,特殊,30,100,36,
078B,フォレーオ,炎/闇,285,フェーン,放熱器官,7,MVP_021,クリムゾンストライク,炎,物理,35,100,30,
078B,フォレーオ,炎/闇,285,フェーン,放熱器官,7,MV_121,シャドウピアス,闇,物理,35,100,34,
078B,フォレーオ,炎/闇,285,フェーン,放熱器官,7,MV_123,ダスクブレード,闇,物理,35,100,32,
078B,フォレーオ,炎/闇,285,フェーン,放熱器官,7,MV_187,アイスペブル,氷,物理,35,100,36,
078B,フォレーオ,炎/闇,285,フェーン,放熱器官,7,MV_233,シンダー,炎,物理,35,95,32,
078B,フォレーオ,炎/闇,285,フェーン,放熱器官,7,mvh_electric,トリプルボルトストライク,雷,物理,35,90,10,3発(発ごと命中)
078B,フォレーオ,炎/闇,285,フェーン,放熱器官,7,mvh_ice,トリプルアイスブレード,氷,物理,35,90,10,3発(発ごと命中)
078B,フォレーオ,炎/闇,285,フェーン,放熱器官,8,MVP_022,スコーチフィスト,炎,物理,40,100,28,
078B,フォレーオ,炎/闇,285,フェーン,放熱器官,8,MVP_023,フォスファーブロー,炎,物理,40,100,28,
078B,フォレーオ,炎/闇,285,フェーン,放熱器官,8,MVP_061,バイオレットボルトストライク,雷,物理,40,100,30,
078B,フォレーオ,炎/闇,285,フェーン,放熱器官,8,MVP_062,サンダーロアフィスト,雷,物理,40,100,28,
078B,フォレーオ,炎/闇,285,フェーン,放熱器官,8,MVP_121,ホワイトアイスストライク,氷,物理,40,100,30,
078B,フォレーオ,炎/闇,285,フェーン,放熱器官,8,MV_124,シャドウステッチ,闇,物理,40,100,32,
078B,フォレーオ,炎/闇,285,フェーン,放熱器官,8,MV_125,ダークウェッジ,闇,物理,40,100,32,
078B,フォレーオ,炎/闇,285,フェーン,放熱器官,8,MV_188,アイスブレード,氷,物理,40,100,33,
078B,フォレーオ,炎/闇,285,フェーン,放熱器官,9,MVP_063,フラッシュボルトブロー,雷,物理,45,100,28,
078B,フォレーオ,炎/闇,285,フェーン,放熱器官,9,MVP_122,フリーズフィスト,氷,物理,45,100,28,
078B,フォレーオ,炎/闇,285,フェーン,放熱器官,9,MVP_123,フロストストライクブロー,氷,物理,45,100,28,
078B,フォレーオ,炎/闇,285,フェーン,放熱器官,9,MV_168,スパークボルト,雷,物理,45,95,28,
078B,フォレーオ,炎/闇,285,フェーン,放熱器官,10,MVP_064,ボルトチャージパンチ,雷,物理,50,100,26,
078B,フォレーオ,炎/闇,285,フェーン,放熱器官,10,MVP_124,アイスリングパンチ,氷,物理,50,100,26,
078B,フォレーオ,炎/闇,285,フェーン,放熱器官,10,MV_182,ショックスティング,雷,物理,50,100,30,
078B,フォレーオ,炎/闇,285,フェーン,放熱器官,10,MV_189,フロストショット,氷,物理,50,100,30,
078B,フォレーオ,炎/闇,285,フェーン,放熱器官,11,MV_183,ライトニングスラスト,雷,物理,55,100,27,
078B,フォレーオ,炎/闇,285,フェーン,放熱器官,11,MV_190,アイスニードル,氷,物理,55,100,27,
078B,フォレーオ,炎/闇,285,フェーン,放熱器官,11,MV_211,フローズンブレード,氷,物理,55,95,26,
079,クレメーオ,闇,285,ヘイズ,,3,mvn_067,ホワイトアイス,氷,特殊,15,85,36,
079,クレメーオ,闇,285,ヘイズ,,5,mvh_dark,シャドウバラージ,闇,物理,25,95,15,2〜5発
079,クレメーオ,闇,285,ヘイズ,,6,MV_205,フロストネット,氷,特殊,30,95,28,
079,クレメーオ,闇,285,ヘイズ,,6,ice_cutter,アイスカッター,氷,特殊,30,100,33,
079,クレメーオ,闇,285,ヘイズ,,7,MV_121,シャドウピアス,闇,物理,35,100,34,
079,クレメーオ,闇,285,ヘイズ,,7,MV_123,ダスクブレード,闇,物理,35,100,32,
079,クレメーオ,闇,285,ヘイズ,,7,MV_187,アイスペブル,氷,物理,35,100,36,
079,クレメーオ,闇,285,ヘイズ,,7,mvh_ice,トリプルアイスブレード,氷,物理,35,90,10,3発(発ごと命中)
079,クレメーオ,闇,285,ヘイズ,,7,mvs_toxic_dark,トキシックドロップ,闇,変化,0,100,10,
079,クレメーオ,闇,285,ヘイズ,,7,mvw_fog,フォグヴェール,闇,変化,0,100,16,
079,クレメーオ,闇,285,ヘイズ,,8,MVP_121,ホワイトアイスストライク,氷,物理,40,100,30,
079,クレメーオ,闇,285,ヘイズ,,8,MV_124,シャドウステッチ,闇,物理,40,100,32,
079,クレメーオ,闇,285,ヘイズ,,8,MV_125,ダークウェッジ,闇,物理,40,100,32,
079,クレメーオ,闇,285,ヘイズ,,8,MV_188,アイスブレード,氷,物理,40,100,33,
079,クレメーオ,闇,285,ヘイズ,,9,MVP_122,フリーズフィスト,氷,物理,45,100,28,
079,クレメーオ,闇,285,ヘイズ,,9,MVP_123,フロストストライクブロー,氷,物理,45,100,28,
079,クレメーオ,闇,285,ヘイズ,,9,MVP_161,ブラックミストストライク,闇,物理,45,100,30,
079,クレメーオ,闇,285,ヘイズ,,9,MV_126,カースチェイン,闇,物理,45,100,32,
079,クレメーオ,闇,285,ヘイズ,,9,mvn_073,フローズンクラウド,氷,特殊,45,100,24,
079,クレメーオ,闇,285,ヘイズ,,10,MVP_124,アイスリングパンチ,氷,物理,50,100,26,
079,クレメーオ,闇,285,ヘイズ,,10,MVP_162,シャドウストライクフィスト,闇,物理,50,100,28,
079,クレメーオ,闇,285,ヘイズ,,10,MVP_163,カースブローパンチ,闇,物理,50,100,28,
079,クレメーオ,闇,285,ヘイズ,,10,MV_189,フロストショット,氷,物理,50,100,30,
079,クレメーオ,闇,285,ヘイズ,,11,MV_190,アイスニードル,氷,物理,55,100,27,
079,クレメーオ,闇,285,ヘイズ,,11,MV_211,フローズンブレード,氷,物理,55,95,26,
079,クレメーオ,闇,285,ヘイズ,,12,MVP_125,チルスラスト,氷,物理,60,100,21,
079,クレメーオ,闇,285,ヘイズ,,12,MV_195,アイスファング,氷,物理,60,95,24,
079,クレメーオ,闇,285,ヘイズ,,13,MV_192,ブリザードブロー,氷,物理,65,100,21,
079,クレメーオ,闇,285,ヘイズ,,13,MV_200,アイスブレードコンボ,氷,物理,65,100,21,
079,クレメーオ,闇,285,ヘイズ,,14,MVP_126,アイスシャードフィスト,氷,物理,70,100,18,
079,クレメーオ,闇,285,ヘイズ,,14,MVP_127,フローズンクラウドストライク,氷,物理,70,100,15,
079,クレメーオ,闇,285,ヘイズ,,15,MVP_128,アイスヴェールブロー,氷,物理,75,90,11,
079,クレメーオ,闇,285,ヘイズ,,15,MVP_129,フロストブロッサムパンチ,氷,物理,75,90,11,
079B,クレメーナ,闇/炎,290,かげろうボディ,放熱器官,3,mvn_034,バイオレットボルト,雷,特殊,15,85,36,
079B,クレメーナ,闇/炎,290,かげろうボディ,放熱器官,3,mvn_067,ホワイトアイス,氷,特殊,15,85,36,
079B,クレメーナ,闇/炎,290,かげろうボディ,放熱器官,4,mvs_dark_accuracy_evasion,ダークナイトアイ,闇,変化,0,100,15,
079B,クレメーナ,闇/炎,290,かげろうボディ,放熱器官,4,mvs_dark_def_crit,ダークナイトアーマー,闇,変化,0,100,15,
079B,クレメーナ,闇/炎,290,かげろうボディ,放熱器官,5,MV_185,ボルトライトバレット,雷,特殊,25,100,33,
079B,クレメーナ,闇/炎,290,かげろうボディ,放熱器官,5,mvh_dark,シャドウバラージ,闇,物理,25,95,15,2〜5発
079B,クレメーナ,闇/炎,290,かげろうボディ,放熱器官,6,MV_205,フロストネット,氷,特殊,30,95,28,
079B,クレメーナ,闇/炎,290,かげろうボディ,放熱器官,6,ice_cutter,アイスカッター,氷,特殊,30,100,33,
079B,クレメーナ,闇/炎,290,かげろうボディ,放熱器官,6,shockwave,ショックウェーブ,雷,特殊,30,100,36,
079B,クレメーナ,闇/炎,290,かげろうボディ,放熱器官,7,MVP_021,クリムゾンストライク,炎,物理,35,100,30,
079B,クレメーナ,闇/炎,290,かげろうボディ,放熱器官,7,MV_121,シャドウピアス,闇,物理,35,100,34,
079B,クレメーナ,闇/炎,290,かげろうボディ,放熱器官,7,MV_123,ダスクブレード,闇,物理,35,100,32,
079B,クレメーナ,闇/炎,290,かげろうボディ,放熱器官,7,MV_187,アイスペブル,氷,物理,35,100,36,
079B,クレメーナ,闇/炎,290,かげろうボディ,放熱器官,7,MV_233,シンダー,炎,物理,35,95,32,
079B,クレメーナ,闇/炎,290,かげろうボディ,放熱器官,7,mvh_electric,トリプルボルトストライク,雷,物理,35,90,10,3発(発ごと命中)
079B,クレメーナ,闇/炎,290,かげろうボディ,放熱器官,7,mvh_ice,トリプルアイスブレード,氷,物理,35,90,10,3発(発ごと命中)
079B,クレメーナ,闇/炎,290,かげろうボディ,放熱器官,8,MVP_022,スコーチフィスト,炎,物理,40,100,28,
079B,クレメーナ,闇/炎,290,かげろうボディ,放熱器官,8,MVP_023,フォスファーブロー,炎,物理,40,100,28,
079B,クレメーナ,闇/炎,290,かげろうボディ,放熱器官,8,MVP_061,バイオレットボルトストライク,雷,物理,40,100,30,
079B,クレメーナ,闇/炎,290,かげろうボディ,放熱器官,8,MVP_062,サンダーロアフィスト,雷,物理,40,100,28,
079B,クレメーナ,闇/炎,290,かげろうボディ,放熱器官,8,MVP_121,ホワイトアイスストライク,氷,物理,40,100,30,
079B,クレメーナ,闇/炎,290,かげろうボディ,放熱器官,8,MV_124,シャドウステッチ,闇,物理,40,100,32,
079B,クレメーナ,闇/炎,290,かげろうボディ,放熱器官,8,MV_125,ダークウェッジ,闇,物理,40,100,32,
079B,クレメーナ,闇/炎,290,かげろうボディ,放熱器官,8,MV_188,アイスブレード,氷,物理,40,100,33,
079B,クレメーナ,闇/炎,290,かげろうボディ,放熱器官,9,MVP_063,フラッシュボルトブロー,雷,物理,45,100,28,
079B,クレメーナ,闇/炎,290,かげろうボディ,放熱器官,9,MVP_122,フリーズフィスト,氷,物理,45,100,28,
079B,クレメーナ,闇/炎,290,かげろうボディ,放熱器官,9,MVP_123,フロストストライクブロー,氷,物理,45,100,28,
079B,クレメーナ,闇/炎,290,かげろうボディ,放熱器官,9,MV_168,スパークボルト,雷,物理,45,95,28,
079B,クレメーナ,闇/炎,290,かげろうボディ,放熱器官,10,MVP_064,ボルトチャージパンチ,雷,物理,50,100,26,
079B,クレメーナ,闇/炎,290,かげろうボディ,放熱器官,10,MVP_124,アイスリングパンチ,氷,物理,50,100,26,
079B,クレメーナ,闇/炎,290,かげろうボディ,放熱器官,10,MV_182,ショックスティング,雷,物理,50,100,30,
079B,クレメーナ,闇/炎,290,かげろうボディ,放熱器官,10,MV_189,フロストショット,氷,物理,50,100,30,
079B,クレメーナ,闇/炎,290,かげろうボディ,放熱器官,11,MV_183,ライトニングスラスト,雷,物理,55,100,27,
079B,クレメーナ,闇/炎,290,かげろうボディ,放熱器官,11,MV_190,アイスニードル,氷,物理,55,100,27,
079B,クレメーナ,闇/炎,290,かげろうボディ,放熱器官,11,MV_211,フローズンブレード,氷,物理,55,95,26,
080,ヘルガルダ,闇,325,パープルヘイズ,飛行,3,air_cannon,エアーキャノン,無,特殊,15,100,42,
080,ヘルガルダ,闇,325,パープルヘイズ,飛行,3,mvn_067,ホワイトアイス,氷,特殊,15,85,36,
080,ヘルガルダ,闇,325,パープルヘイズ,飛行,5,MV_160,クリティカルエイム,無,特殊,25,100,28,
080,ヘルガルダ,闇,325,パープルヘイズ,飛行,5,mvh_dark,シャドウバラージ,闇,物理,25,95,15,2〜5発
080,ヘルガルダ,闇,325,パープルヘイズ,飛行,6,MVP_001,ホワイトストライク,無,物理,30,100,30,
080,ヘルガルダ,闇,325,パープルヘイズ,飛行,6,MV_137,バックフィスト,無,物理,30,100,36,
080,ヘルガルダ,闇,325,パープルヘイズ,飛行,6,MV_205,フロストネット,氷,特殊,30,95,28,
080,ヘルガルダ,闇,325,パープルヘイズ,飛行,6,ice_cutter,アイスカッター,氷,特殊,30,100,33,
080,ヘルガルダ,闇,325,パープルヘイズ,飛行,6,mvn_003,ヴォイドエコー,無,特殊,30,90,32,
080,ヘルガルダ,闇,325,パープルヘイズ,飛行,7,MV_121,シャドウピアス,闇,物理,35,100,34,
080,ヘルガルダ,闇,325,パープルヘイズ,飛行,7,MV_123,ダスクブレード,闇,物理,35,100,32,
080,ヘルガルダ,闇,325,パープルヘイズ,飛行,7,MV_138,ダブルスラスト,無,物理,35,100,33,
080,ヘルガルダ,闇,325,パープルヘイズ,飛行,7,MV_139,テイルスイープ,無,物理,35,100,33,
080,ヘルガルダ,闇,325,パープルヘイズ,飛行,7,MV_187,アイスペブル,氷,物理,35,100,36,
080,ヘルガルダ,闇,325,パープルヘイズ,飛行,7,mvh_ice,トリプルアイスブレード,氷,物理,35,90,10,3発(発ごと命中)
080,ヘルガルダ,闇,325,パープルヘイズ,飛行,8,MVP_121,ホワイトアイスストライク,氷,物理,40,100,30,
080,ヘルガルダ,闇,325,パープルヘイズ,飛行,8,MV_124,シャドウステッチ,闇,物理,40,100,32,
080,ヘルガルダ,闇,325,パープルヘイズ,飛行,8,MV_125,ダークウェッジ,闇,物理,40,100,32,
080,ヘルガルダ,闇,325,パープルヘイズ,飛行,8,MV_140,ヘッドバット,無,物理,40,100,33,
080,ヘルガルダ,闇,325,パープルヘイズ,飛行,8,MV_141,スピンタックル,無,物理,40,100,33,
080,ヘルガルダ,闇,325,パープルヘイズ,飛行,8,MV_188,アイスブレード,氷,物理,40,100,33,
080,ヘルガルダ,闇,325,パープルヘイズ,飛行,9,MVP_122,フリーズフィスト,氷,物理,45,100,28,
080,ヘルガルダ,闇,325,パープルヘイズ,飛行,9,MVP_123,フロストストライクブロー,氷,物理,45,100,28,
080,ヘルガルダ,闇,325,パープルヘイズ,飛行,9,MVP_161,ブラックミストストライク,闇,物理,45,100,30,
080,ヘルガルダ,闇,325,パープルヘイズ,飛行,9,MV_126,カースチェイン,闇,物理,45,100,32,
080,ヘルガルダ,闇,325,パープルヘイズ,飛行,9,MV_142,フライングキック,無,物理,45,100,33,
080,ヘルガルダ,闇,325,パープルヘイズ,飛行,9,MV_143,ブラントエッジ,無,物理,45,100,33,
080,ヘルガルダ,闇,325,パープルヘイズ,飛行,10,MVP_002,マッチレスブロー,無,物理,50,100,28,
080,ヘルガルダ,闇,325,パープルヘイズ,飛行,10,MVP_124,アイスリングパンチ,氷,物理,50,100,26,
080,ヘルガルダ,闇,325,パープルヘイズ,飛行,10,MVP_162,シャドウストライクフィスト,闇,物理,50,100,28,
080,ヘルガルダ,闇,325,パープルヘイズ,飛行,10,MVP_163,カースブローパンチ,闇,物理,50,100,28,
080,ヘルガルダ,闇,325,パープルヘイズ,飛行,10,MV_145,ラッシュスラスト,無,物理,50,100,33,
080,ヘルガルダ,闇,325,パープルヘイズ,飛行,10,poison_fog,ポイズンフォグ,闇,変化,0,100,10,
080B,ライガルダ,闇/雷,330,闇のおしえ,飛行,3,air_cannon,エアーキャノン,無,特殊,15,100,42,
080B,ライガルダ,闇/雷,330,闇のおしえ,飛行,3,mvn_056,グリーンリーフ,草,特殊,15,100,36,
080B,ライガルダ,闇/雷,330,闇のおしえ,飛行,3,mvn_067,ホワイトアイス,氷,特殊,15,85,36,
080B,ライガルダ,闇/雷,330,闇のおしえ,飛行,4,mvs_dark_def_crit,ダークナイトアーマー,闇,変化,0,100,15,
080B,ライガルダ,闇/雷,330,闇のおしえ,飛行,5,MV_160,クリティカルエイム,無,特殊,25,100,28,
080B,ライガルダ,闇/雷,330,闇のおしえ,飛行,5,MV_285,グラスノット,草,特殊,25,100,28,
080B,ライガルダ,闇/雷,330,闇のおしえ,飛行,5,mvh_dark,シャドウバラージ,闇,物理,25,95,15,2〜5発
080B,ライガルダ,闇/雷,330,闇のおしえ,飛行,5,mvn_060,グラスリング,草,特殊,25,100,28,
080B,ライガルダ,闇/雷,330,闇のおしえ,飛行,6,MVP_001,ホワイトストライク,無,物理,30,100,30,
080B,ライガルダ,闇/雷,330,闇のおしえ,飛行,6,MV_137,バックフィスト,無,物理,30,100,36,
080B,ライガルダ,闇/雷,330,闇のおしえ,飛行,7,MV_121,シャドウピアス,闇,物理,35,100,34,
080B,ライガルダ,闇/雷,330,闇のおしえ,飛行,7,MV_123,ダスクブレード,闇,物理,35,100,32,
080B,ライガルダ,闇/雷,330,闇のおしえ,飛行,7,MV_138,ダブルスラスト,無,物理,35,100,33,
080B,ライガルダ,闇/雷,330,闇のおしえ,飛行,7,MV_139,テイルスイープ,無,物理,35,100,33,
080B,ライガルダ,闇/雷,330,闇のおしえ,飛行,7,MV_187,アイスペブル,氷,物理,35,100,36,
080B,ライガルダ,闇/雷,330,闇のおしえ,飛行,7,MV_281,リーフブレード,草,物理,35,100,36,
080B,ライガルダ,闇/雷,330,闇のおしえ,飛行,7,mvh_electric,トリプルボルトストライク,雷,物理,35,90,10,3発(発ごと命中)
080B,ライガルダ,闇/雷,330,闇のおしえ,飛行,7,mvh_ice,トリプルアイスブレード,氷,物理,35,90,10,3発(発ごと命中)
080B,ライガルダ,闇/雷,330,闇のおしえ,飛行,8,MVP_061,バイオレットボルトストライク,雷,物理,40,100,30,
080B,ライガルダ,闇/雷,330,闇のおしえ,飛行,8,MVP_062,サンダーロアフィスト,雷,物理,40,100,28,
080B,ライガルダ,闇/雷,330,闇のおしえ,飛行,8,MVP_101,グリーンリーフストライク,草,物理,40,100,30,
080B,ライガルダ,闇/雷,330,闇のおしえ,飛行,8,MVP_121,ホワイトアイスストライク,氷,物理,40,100,30,
080B,ライガルダ,闇/雷,330,闇のおしえ,飛行,8,MV_124,シャドウステッチ,闇,物理,40,100,32,
080B,ライガルダ,闇/雷,330,闇のおしえ,飛行,8,MV_125,ダークウェッジ,闇,物理,40,100,32,
080B,ライガルダ,闇/雷,330,闇のおしえ,飛行,8,MV_140,ヘッドバット,無,物理,40,100,33,
080B,ライガルダ,闇/雷,330,闇のおしえ,飛行,8,MV_141,スピンタックル,無,物理,40,100,33,
080B,ライガルダ,闇/雷,330,闇のおしえ,飛行,8,MV_188,アイスブレード,氷,物理,40,100,33,
080B,ライガルダ,闇/雷,330,闇のおしえ,飛行,8,MV_282,シードショット,草,物理,40,100,33,
080B,ライガルダ,闇/雷,330,闇のおしえ,飛行,9,MVP_063,フラッシュボルトブロー,雷,物理,45,100,28,
080B,ライガルダ,闇/雷,330,闇のおしえ,飛行,9,MVP_102,アイビーストライクフィスト,草,物理,45,100,28,
080B,ライガルダ,闇/雷,330,闇のおしえ,飛行,9,MVP_122,フリーズフィスト,氷,物理,45,100,28,
080B,ライガルダ,闇/雷,330,闇のおしえ,飛行,9,MVP_123,フロストストライクブロー,氷,物理,45,100,28,
080B,ライガルダ,闇/雷,330,闇のおしえ,飛行,9,MV_142,フライングキック,無,物理,45,100,33,
081,モリタロス,草,320,ふわふわ,,3,air_cannon,エアーキャノン,無,特殊,15,100,42,
081,モリタロス,草,320,ふわふわ,,3,mvn_023,クリアストリーム,水,特殊,15,100,36,
081,モリタロス,草,320,ふわふわ,,5,MV_160,クリティカルエイム,無,特殊,25,100,28,
081,モリタロス,草,320,ふわふわ,,5,aqua_gun,アクアショット,水,特殊,25,100,36,
081,モリタロス,草,320,ふわふわ,,5,mvh_water,タービュレントラッシュ,水,物理,25,95,15,2〜5発
081,モリタロス,草,320,ふわふわ,,6,MVP_001,ホワイトストライク,無,物理,30,100,30,
081,モリタロス,草,320,ふわふわ,,6,MV_137,バックフィスト,無,物理,30,100,36,
081,モリタロス,草,320,ふわふわ,,6,mvn_003,ヴォイドエコー,無,特殊,30,90,32,
081,モリタロス,草,320,ふわふわ,,6,mvn_004,ベアストライク,無,特殊,30,90,30,
081,モリタロス,草,320,ふわふわ,,7,MV_138,ダブルスラスト,無,物理,35,100,33,
081,モリタロス,草,320,ふわふわ,,7,MV_139,テイルスイープ,無,物理,35,100,33,
081,モリタロス,草,320,ふわふわ,,7,MV_212,ウォーターガン,水,物理,35,100,36,
081,モリタロス,草,320,ふわふわ,,7,MV_281,リーフブレード,草,物理,35,100,36,
081,モリタロス,草,320,ふわふわ,,7,mvw_gale,ゲイルコール,草,変化,0,100,16,
081,モリタロス,草,320,ふわふわ,,8,MVP_041,クリアストリームストライク,水,物理,40,100,30,
081,モリタロス,草,320,ふわふわ,,8,MVP_101,グリーンリーフストライク,草,物理,40,100,30,
081,モリタロス,草,320,ふわふわ,,8,MV_140,ヘッドバット,無,物理,40,100,33,
081,モリタロス,草,320,ふわふわ,,8,MV_141,スピンタックル,無,物理,40,100,33,
081,モリタロス,草,320,ふわふわ,,8,MV_282,シードショット,草,物理,40,100,33,
081,モリタロス,草,320,ふわふわ,,9,MVP_042,ミラーウォーターブロー,水,物理,45,100,28,
081,モリタロス,草,320,ふわふわ,,9,MVP_102,アイビーストライクフィスト,草,物理,45,100,28,
081,モリタロス,草,320,ふわふわ,,9,MV_142,フライングキック,無,物理,45,100,33,
081,モリタロス,草,320,ふわふわ,,9,MV_143,ブラントエッジ,無,物理,45,100,33,
081,モリタロス,草,320,ふわふわ,,9,MV_214,バブルバラージ,水,物理,45,100,33,
081,モリタロス,草,320,ふわふわ,,9,MV_283,ヴァインウィップ,草,物理,45,100,33,
081,モリタロス,草,320,ふわふわ,,10,MVP_002,マッチレスブロー,無,物理,50,100,28,
081,モリタロス,草,320,ふわふわ,,10,MVP_043,サーフサウンドフィスト,水,物理,50,100,28,
081,モリタロス,草,320,ふわふわ,,10,MVP_044,ドロップストライクパンチ,水,物理,50,100,26,
081,モリタロス,草,320,ふわふわ,,10,MVP_103,リーフヴェインブロー,草,物理,50,100,28,
081,モリタロス,草,320,ふわふわ,,10,MVP_104,フレッシュリーフパンチ,草,物理,50,100,26,
081,モリタロス,草,320,ふわふわ,,10,MV_145,ラッシュスラスト,無,物理,50,100,33,
081,モリタロス,草,320,ふわふわ,,11,MVP_003,ヴォイドクラッシュ,無,物理,55,100,28,
081,モリタロス,草,320,ふわふわ,,11,MV_144,クラッシュブロー,無,物理,55,100,30,
081B,ユキタロス,氷,325,瞬間冷凍,,3,air_cannon,エアーキャノン,無,特殊,15,100,42,
081B,ユキタロス,氷,325,瞬間冷凍,,3,mvn_023,クリアストリーム,水,特殊,15,100,36,
081B,ユキタロス,氷,325,瞬間冷凍,,4,mvs_ice_atk_evasion,グレイシャーステップ,氷,変化,0,100,15,
081B,ユキタロス,氷,325,瞬間冷凍,,5,MV_160,クリティカルエイム,無,特殊,25,100,28,
081B,ユキタロス,氷,325,瞬間冷凍,,5,aqua_gun,アクアショット,水,特殊,25,100,36,
081B,ユキタロス,氷,325,瞬間冷凍,,5,mvh_water,タービュレントラッシュ,水,物理,25,95,15,2〜5発
081B,ユキタロス,氷,325,瞬間冷凍,,6,MVP_001,ホワイトストライク,無,物理,30,100,30,
081B,ユキタロス,氷,325,瞬間冷凍,,6,MV_137,バックフィスト,無,物理,30,100,36,
081B,ユキタロス,氷,325,瞬間冷凍,,6,mvn_003,ヴォイドエコー,無,特殊,30,90,32,
081B,ユキタロス,氷,325,瞬間冷凍,,6,mvn_004,ベアストライク,無,特殊,30,90,30,
081B,ユキタロス,氷,325,瞬間冷凍,,7,MV_138,ダブルスラスト,無,物理,35,100,33,
081B,ユキタロス,氷,325,瞬間冷凍,,7,MV_139,テイルスイープ,無,物理,35,100,33,
081B,ユキタロス,氷,325,瞬間冷凍,,7,MV_187,アイスペブル,氷,物理,35,100,36,
081B,ユキタロス,氷,325,瞬間冷凍,,7,MV_212,ウォーターガン,水,物理,35,100,36,
081B,ユキタロス,氷,325,瞬間冷凍,,7,mvh_ice,トリプルアイスブレード,氷,物理,35,90,10,3発(発ごと命中)
081B,ユキタロス,氷,325,瞬間冷凍,,8,MVP_041,クリアストリームストライク,水,物理,40,100,30,
081B,ユキタロス,氷,325,瞬間冷凍,,8,MVP_121,ホワイトアイスストライク,氷,物理,40,100,30,
081B,ユキタロス,氷,325,瞬間冷凍,,8,MV_140,ヘッドバット,無,物理,40,100,33,
081B,ユキタロス,氷,325,瞬間冷凍,,8,MV_141,スピンタックル,無,物理,40,100,33,
081B,ユキタロス,氷,325,瞬間冷凍,,8,MV_188,アイスブレード,氷,物理,40,100,33,
081B,ユキタロス,氷,325,瞬間冷凍,,9,MVP_042,ミラーウォーターブロー,水,物理,45,100,28,
081B,ユキタロス,氷,325,瞬間冷凍,,9,MVP_122,フリーズフィスト,氷,物理,45,100,28,
081B,ユキタロス,氷,325,瞬間冷凍,,9,MVP_123,フロストストライクブロー,氷,物理,45,100,28,
081B,ユキタロス,氷,325,瞬間冷凍,,9,MV_142,フライングキック,無,物理,45,100,33,
081B,ユキタロス,氷,325,瞬間冷凍,,9,MV_143,ブラントエッジ,無,物理,45,100,33,
081B,ユキタロス,氷,325,瞬間冷凍,,9,MV_214,バブルバラージ,水,物理,45,100,33,
081B,ユキタロス,氷,325,瞬間冷凍,,10,MVP_002,マッチレスブロー,無,物理,50,100,28,
081B,ユキタロス,氷,325,瞬間冷凍,,10,MVP_043,サーフサウンドフィスト,水,物理,50,100,28,
081B,ユキタロス,氷,325,瞬間冷凍,,10,MVP_044,ドロップストライクパンチ,水,物理,50,100,26,
081B,ユキタロス,氷,325,瞬間冷凍,,10,MVP_124,アイスリングパンチ,氷,物理,50,100,26,
081B,ユキタロス,氷,325,瞬間冷凍,,10,MV_145,ラッシュスラスト,無,物理,50,100,33,
081B,ユキタロス,氷,325,瞬間冷凍,,10,MV_189,フロストショット,氷,物理,50,100,30,
081B,ユキタロス,氷,325,瞬間冷凍,,11,MVP_003,ヴォイドクラッシュ,無,物理,55,100,28,
082,ミステリア,無,280,無のちから,,1,MV_164,コンセントレート,無,変化,0,100,15,
082,ミステリア,無,280,無のちから,,3,mvn_078,ドラゴンファング,竜,特殊,15,100,36,
082,ミステリア,無,280,無のちから,,6,MVP_001,ホワイトストライク,無,物理,30,100,30,
082,ミステリア,無,280,無のちから,,6,MV_137,バックフィスト,無,物理,30,100,36,
082,ミステリア,無,280,無のちから,,6,mvn_080,ドラゴンヴェインショット,竜,特殊,30,100,32,
082,ミステリア,無,280,無のちから,,6,mvn_082,ドラゴンクロー,竜,特殊,30,100,28,
082,ミステリア,無,280,無のちから,,7,MV_138,ダブルスラスト,無,物理,35,100,33,
082,ミステリア,無,280,無のちから,,7,MV_139,テイルスイープ,無,物理,35,100,33,
082,ミステリア,無,280,無のちから,,7,mvs_big_neutral,リックレススタンス,無,変化,0,100,10,
082,ミステリア,無,280,無のちから,,8,MV_140,ヘッドバット,無,物理,40,100,33,
082,ミステリア,無,280,無のちから,,8,MV_141,スピンタックル,無,物理,40,100,33,
082,ミステリア,無,280,無のちから,,9,MVP_141,ドラゴンファングストライク,竜,物理,45,100,30,
082,ミステリア,無,280,無のちから,,9,MV_142,フライングキック,無,物理,45,100,33,
082,ミステリア,無,280,無のちから,,9,MV_143,ブラントエッジ,無,物理,45,100,33,
082,ミステリア,無,280,無のちから,,9,mvn_083,ドラゴンリング,竜,特殊,45,100,26,
082,ミステリア,無,280,無のちから,,10,MVP_002,マッチレスブロー,無,物理,50,100,28,
082,ミステリア,無,280,無のちから,,10,MVP_142,ドラゴンスケイルフィスト,竜,物理,50,100,28,
082,ミステリア,無,280,無のちから,,10,MVP_143,ドラゴンヴェインブロー,竜,物理,50,100,28,
082,ミステリア,無,280,無のちから,,11,MVP_144,ドラゴンブレスパンチ,竜,物理,55,100,26,
082,ミステリア,無,280,無のちから,,11,MV_116,ドラゴンファングスラスト,竜,物理,55,100,27,
082,ミステリア,無,280,無のちから,,12,MVP_145,ドラゴンクロースラスト,竜,物理,60,100,21,
082,ミステリア,無,280,無のちから,,12,MVP_146,ドラゴンリングフィスト,竜,物理,60,100,18,
082,ミステリア,無,280,無のちから,,13,MVP_147,ドラゴンヴェールストライク,竜,物理,65,100,15,
082,ミステリア,無,280,無のちから,,13,MV_112,ドラゴンクローコンボ,竜,物理,65,100,15,
082,ミステリア,無,280,無のちから,,14,MVP_148,ドラゴンヴォイスブロー,竜,物理,70,90,11,
082,ミステリア,無,280,無のちから,,14,MV_110,ツインドラゴンファング,竜,物理,70,95,13,
082,ミステリア,無,280,無のちから,,15,MVP_149,ドラゴンピアスパンチ,竜,物理,75,90,11,
082,ミステリア,無,280,無のちから,,15,MV_109,ドラゴンスケイルスラッシュ,竜,物理,75,100,9,
082,ミステリア,無,280,無のちから,,16,MVP_150,ドラゴンフォスファーフィスト,竜,物理,80,100,6,
082,ミステリア,無,280,無のちから,,16,MVP_151,ドラゴンハートストライク,竜,物理,80,90,8,
083,ムラクモ,無,310,無のきずな,,3,mvn_012,クリムゾン,炎,特殊,15,85,36,
083,ムラクモ,無,310,無のきずな,,3,mvn_078,ドラゴンファング,竜,特殊,15,100,36,
083,ムラクモ,無,310,無のきずな,,4,MV_247,ファイアスフィア,炎,特殊,20,100,30,
083,ムラクモ,無,310,無のきずな,,6,MVP_001,ホワイトストライク,無,物理,30,100,30,
083,ムラクモ,無,310,無のきずな,,6,MV_137,バックフィスト,無,物理,30,100,36,
083,ムラクモ,無,310,無のきずな,,6,MV_234,ブレイズバレット,炎,特殊,30,95,30,
083,ムラクモ,無,310,無のきずな,,6,mvn_080,ドラゴンヴェインショット,竜,特殊,30,100,32,
083,ムラクモ,無,310,無のきずな,,6,mvn_082,ドラゴンクロー,竜,特殊,30,100,28,
083,ムラクモ,無,310,無のきずな,,7,MVP_021,クリムゾンストライク,炎,物理,35,100,30,
083,ムラクモ,無,310,無のきずな,,7,MV_138,ダブルスラスト,無,物理,35,100,33,
083,ムラクモ,無,310,無のきずな,,7,MV_139,テイルスイープ,無,物理,35,100,33,
083,ムラクモ,無,310,無のきずな,,7,MV_233,シンダー,炎,物理,35,95,32,
083,ムラクモ,無,310,無のきずな,,7,mvs_big_neutral,リックレススタンス,無,変化,0,100,10,
083,ムラクモ,無,310,無のきずな,,8,MVP_022,スコーチフィスト,炎,物理,40,100,28,
083,ムラクモ,無,310,無のきずな,,8,MVP_023,フォスファーブロー,炎,物理,40,100,28,
083,ムラクモ,無,310,無のきずな,,8,MV_140,ヘッドバット,無,物理,40,100,33,
083,ムラクモ,無,310,無のきずな,,8,MV_141,スピンタックル,無,物理,40,100,33,
083,ムラクモ,無,310,無のきずな,,9,MVP_024,ロースパンチ,炎,物理,45,100,26,
083,ムラクモ,無,310,無のきずな,,9,MVP_141,ドラゴンファングストライク,竜,物理,45,100,30,
083,ムラクモ,無,310,無のきずな,,9,MV_142,フライングキック,無,物理,45,100,33,
083,ムラクモ,無,310,無のきずな,,9,MV_143,ブラントエッジ,無,物理,45,100,33,
083,ムラクモ,無,310,無のきずな,,9,MV_236,フレイムクロー,炎,物理,45,95,26,
083,ムラクモ,無,310,無のきずな,,10,MVP_002,マッチレスブロー,無,物理,50,100,28,
083,ムラクモ,無,310,無のきずな,,10,MVP_142,ドラゴンスケイルフィスト,竜,物理,50,100,28,
083,ムラクモ,無,310,無のきずな,,10,MVP_143,ドラゴンヴェインブロー,竜,物理,50,100,28,
083,ムラクモ,無,310,無のきずな,,10,MV_246,フレイムファング,炎,物理,50,95,26,
083,ムラクモ,無,310,無のきずな,,10,MV_250,フレイムスラスト,炎,物理,50,100,27,
083,ムラクモ,無,310,無のきずな,,10,mvs_ep_neutral,マッチレスピーク,無,変化,0,100,10,
083,ムラクモ,無,310,無のきずな,,11,MVP_144,ドラゴンブレスパンチ,竜,物理,55,100,26,
083,ムラクモ,無,310,無のきずな,,11,MV_116,ドラゴンファングスラスト,竜,物理,55,100,27,
083,ムラクモ,無,310,無のきずな,,11,MV_237,ブレイズスラッシュ,炎,物理,55,95,24,
083,ムラクモ,無,310,無のきずな,,11,MV_245,フレイムホイール,炎,物理,55,95,24,
083,ムラクモ,無,310,無のきずな,,12,MVP_025,シアリングスラスト,炎,物理,60,100,21,
083,ムラクモ,無,310,無のきずな,,12,MVP_145,ドラゴンクロースラスト,竜,物理,60,100,21,
083B,ムラサメ,雷,315,雷のきずな,,3,air_cannon,エアーキャノン,無,特殊,15,100,42,
083B,ムラサメ,雷,315,雷のきずな,,3,mvn_056,グリーンリーフ,草,特殊,15,100,36,
083B,ムラサメ,雷,315,雷のきずな,,4,mvs_electric_evasion_crit,ボルトミラージュ,雷,変化,0,100,15,
083B,ムラサメ,雷,315,雷のきずな,,5,MV_160,クリティカルエイム,無,特殊,25,100,28,
083B,ムラサメ,雷,315,雷のきずな,,5,MV_285,グラスノット,草,特殊,25,100,28,
083B,ムラサメ,雷,315,雷のきずな,,5,mvn_060,グラスリング,草,特殊,25,100,28,
083B,ムラサメ,雷,315,雷のきずな,,6,MVP_001,ホワイトストライク,無,物理,30,100,30,
083B,ムラサメ,雷,315,雷のきずな,,6,MV_137,バックフィスト,無,物理,30,100,36,
083B,ムラサメ,雷,315,雷のきずな,,6,mvn_003,ヴォイドエコー,無,特殊,30,90,32,
083B,ムラサメ,雷,315,雷のきずな,,7,MV_138,ダブルスラスト,無,物理,35,100,33,
083B,ムラサメ,雷,315,雷のきずな,,7,MV_139,テイルスイープ,無,物理,35,100,33,
083B,ムラサメ,雷,315,雷のきずな,,7,MV_281,リーフブレード,草,物理,35,100,36,
083B,ムラサメ,雷,315,雷のきずな,,7,mvh_electric,トリプルボルトストライク,雷,物理,35,90,10,3発(発ごと命中)
083B,ムラサメ,雷,315,雷のきずな,,8,MVP_061,バイオレットボルトストライク,雷,物理,40,100,30,
083B,ムラサメ,雷,315,雷のきずな,,8,MVP_062,サンダーロアフィスト,雷,物理,40,100,28,
083B,ムラサメ,雷,315,雷のきずな,,8,MVP_101,グリーンリーフストライク,草,物理,40,100,30,
083B,ムラサメ,雷,315,雷のきずな,,8,MV_140,ヘッドバット,無,物理,40,100,33,
083B,ムラサメ,雷,315,雷のきずな,,8,MV_141,スピンタックル,無,物理,40,100,33,
083B,ムラサメ,雷,315,雷のきずな,,8,MV_282,シードショット,草,物理,40,100,33,
083B,ムラサメ,雷,315,雷のきずな,,9,MVP_063,フラッシュボルトブロー,雷,物理,45,100,28,
083B,ムラサメ,雷,315,雷のきずな,,9,MVP_102,アイビーストライクフィスト,草,物理,45,100,28,
083B,ムラサメ,雷,315,雷のきずな,,9,MV_142,フライングキック,無,物理,45,100,33,
083B,ムラサメ,雷,315,雷のきずな,,9,MV_143,ブラントエッジ,無,物理,45,100,33,
083B,ムラサメ,雷,315,雷のきずな,,9,MV_168,スパークボルト,雷,物理,45,95,28,
083B,ムラサメ,雷,315,雷のきずな,,9,MV_283,ヴァインウィップ,草,物理,45,100,33,
083B,ムラサメ,雷,315,雷のきずな,,10,MVP_002,マッチレスブロー,無,物理,50,100,28,
083B,ムラサメ,雷,315,雷のきずな,,10,MVP_064,ボルトチャージパンチ,雷,物理,50,100,26,
083B,ムラサメ,雷,315,雷のきずな,,10,MVP_103,リーフヴェインブロー,草,物理,50,100,28,
083B,ムラサメ,雷,315,雷のきずな,,10,MVP_104,フレッシュリーフパンチ,草,物理,50,100,26,
083B,ムラサメ,雷,315,雷のきずな,,10,MV_145,ラッシュスラスト,無,物理,50,100,33,
083B,ムラサメ,雷,315,雷のきずな,,10,MV_182,ショックスティング,雷,物理,50,100,30,
083B,ムラサメ,雷,315,雷のきずな,,11,MVP_003,ヴォイドクラッシュ,無,物理,55,100,28,
083B,ムラサメ,雷,315,雷のきずな,,11,MV_144,クラッシュブロー,無,物理,55,100,30,
084,アロアリュー,草/闇,285,草のちから,,3,mvn_023,クリアストリーム,水,特殊,15,100,36,
084,アロアリュー,草/闇,285,草のちから,,3,mvn_067,ホワイトアイス,氷,特殊,15,85,36,
084,アロアリュー,草/闇,285,草のちから,,5,aqua_gun,アクアショット,水,特殊,25,100,36,
084,アロアリュー,草/闇,285,草のちから,,5,mvh_dark,シャドウバラージ,闇,物理,25,95,15,2〜5発
084,アロアリュー,草/闇,285,草のちから,,5,mvh_water,タービュレントラッシュ,水,物理,25,95,15,2〜5発
084,アロアリュー,草/闇,285,草のちから,,6,MV_205,フロストネット,氷,特殊,30,95,28,
084,アロアリュー,草/闇,285,草のちから,,6,ice_cutter,アイスカッター,氷,特殊,30,100,33,
084,アロアリュー,草/闇,285,草のちから,,7,MV_121,シャドウピアス,闇,物理,35,100,34,
084,アロアリュー,草/闇,285,草のちから,,7,MV_123,ダスクブレード,闇,物理,35,100,32,
084,アロアリュー,草/闇,285,草のちから,,7,MV_187,アイスペブル,氷,物理,35,100,36,
084,アロアリュー,草/闇,285,草のちから,,7,MV_212,ウォーターガン,水,物理,35,100,36,
084,アロアリュー,草/闇,285,草のちから,,7,MV_281,リーフブレード,草,物理,35,100,36,
084,アロアリュー,草/闇,285,草のちから,,7,mvh_ice,トリプルアイスブレード,氷,物理,35,90,10,3発(発ごと命中)
084,アロアリュー,草/闇,285,草のちから,,8,MVP_041,クリアストリームストライク,水,物理,40,100,30,
084,アロアリュー,草/闇,285,草のちから,,8,MVP_101,グリーンリーフストライク,草,物理,40,100,30,
084,アロアリュー,草/闇,285,草のちから,,8,MVP_121,ホワイトアイスストライク,氷,物理,40,100,30,
084,アロアリュー,草/闇,285,草のちから,,8,MV_124,シャドウステッチ,闇,物理,40,100,32,
084,アロアリュー,草/闇,285,草のちから,,8,MV_125,ダークウェッジ,闇,物理,40,100,32,
084,アロアリュー,草/闇,285,草のちから,,8,MV_188,アイスブレード,氷,物理,40,100,33,
084,アロアリュー,草/闇,285,草のちから,,8,MV_282,シードショット,草,物理,40,100,33,
084,アロアリュー,草/闇,285,草のちから,,9,MVP_042,ミラーウォーターブロー,水,物理,45,100,28,
084,アロアリュー,草/闇,285,草のちから,,9,MVP_102,アイビーストライクフィスト,草,物理,45,100,28,
084,アロアリュー,草/闇,285,草のちから,,9,MVP_122,フリーズフィスト,氷,物理,45,100,28,
084,アロアリュー,草/闇,285,草のちから,,9,MVP_123,フロストストライクブロー,氷,物理,45,100,28,
084,アロアリュー,草/闇,285,草のちから,,9,MV_214,バブルバラージ,水,物理,45,100,33,
084,アロアリュー,草/闇,285,草のちから,,10,MVP_043,サーフサウンドフィスト,水,物理,50,100,28,
084,アロアリュー,草/闇,285,草のちから,,10,MVP_044,ドロップストライクパンチ,水,物理,50,100,26,
084,アロアリュー,草/闇,285,草のちから,,10,MVP_124,アイスリングパンチ,氷,物理,50,100,26,
084,アロアリュー,草/闇,285,草のちから,,10,MV_189,フロストショット,氷,物理,50,100,30,
084,アロアリュー,草/闇,285,草のちから,,10,mvs_ep_dark,アビスピーク,闇,変化,0,100,10,
084,アロアリュー,草/闇,285,草のちから,,10,mvs_ep_grass,ヴァーダントピーク,草,変化,0,100,10,
084,アロアリュー,草/闇,285,草のちから,,11,MV_190,アイスニードル,氷,物理,55,100,27,
084,アロアリュー,草/闇,285,草のちから,,11,MV_211,フローズンブレード,氷,物理,55,95,26,
084,アロアリュー,草/闇,285,草のちから,,11,MV_216,ウォーターブレード,水,物理,55,100,27,
084B,ビリビリュー,雷/闇,290,雷のちから,,3,mvn_056,グリーンリーフ,草,特殊,15,100,36,
084B,ビリビリュー,雷/闇,290,雷のちから,,3,mvn_067,ホワイトアイス,氷,特殊,15,85,36,
084B,ビリビリュー,雷/闇,290,雷のちから,,4,MV_122,カースウィスパー,闇,変化,0,100,15,
084B,ビリビリュー,雷/闇,290,雷のちから,,5,MV_285,グラスノット,草,特殊,25,100,28,
084B,ビリビリュー,雷/闇,290,雷のちから,,5,mvh_dark,シャドウバラージ,闇,物理,25,95,15,2〜5発
084B,ビリビリュー,雷/闇,290,雷のちから,,5,mvn_060,グラスリング,草,特殊,25,100,28,
084B,ビリビリュー,雷/闇,290,雷のちから,,6,MV_205,フロストネット,氷,特殊,30,95,28,
084B,ビリビリュー,雷/闇,290,雷のちから,,6,ice_cutter,アイスカッター,氷,特殊,30,100,33,
084B,ビリビリュー,雷/闇,290,雷のちから,,7,MV_121,シャドウピアス,闇,物理,35,100,34,
084B,ビリビリュー,雷/闇,290,雷のちから,,7,MV_123,ダスクブレード,闇,物理,35,100,32,
084B,ビリビリュー,雷/闇,290,雷のちから,,7,MV_187,アイスペブル,氷,物理,35,100,36,
084B,ビリビリュー,雷/闇,290,雷のちから,,7,MV_281,リーフブレード,草,物理,35,100,36,
084B,ビリビリュー,雷/闇,290,雷のちから,,7,mvh_electric,トリプルボルトストライク,雷,物理,35,90,10,3発(発ごと命中)
084B,ビリビリュー,雷/闇,290,雷のちから,,7,mvh_ice,トリプルアイスブレード,氷,物理,35,90,10,3発(発ごと命中)
084B,ビリビリュー,雷/闇,290,雷のちから,,8,MVP_061,バイオレットボルトストライク,雷,物理,40,100,30,
084B,ビリビリュー,雷/闇,290,雷のちから,,8,MVP_062,サンダーロアフィスト,雷,物理,40,100,28,
084B,ビリビリュー,雷/闇,290,雷のちから,,8,MVP_101,グリーンリーフストライク,草,物理,40,100,30,
084B,ビリビリュー,雷/闇,290,雷のちから,,8,MVP_121,ホワイトアイスストライク,氷,物理,40,100,30,
084B,ビリビリュー,雷/闇,290,雷のちから,,8,MV_124,シャドウステッチ,闇,物理,40,100,32,
084B,ビリビリュー,雷/闇,290,雷のちから,,8,MV_125,ダークウェッジ,闇,物理,40,100,32,
084B,ビリビリュー,雷/闇,290,雷のちから,,8,MV_188,アイスブレード,氷,物理,40,100,33,
084B,ビリビリュー,雷/闇,290,雷のちから,,8,MV_282,シードショット,草,物理,40,100,33,
084B,ビリビリュー,雷/闇,290,雷のちから,,9,MVP_063,フラッシュボルトブロー,雷,物理,45,100,28,
084B,ビリビリュー,雷/闇,290,雷のちから,,9,MVP_102,アイビーストライクフィスト,草,物理,45,100,28,
084B,ビリビリュー,雷/闇,290,雷のちから,,9,MVP_122,フリーズフィスト,氷,物理,45,100,28,
084B,ビリビリュー,雷/闇,290,雷のちから,,9,MVP_123,フロストストライクブロー,氷,物理,45,100,28,
084B,ビリビリュー,雷/闇,290,雷のちから,,9,MV_283,ヴァインウィップ,草,物理,45,100,33,
084B,ビリビリュー,雷/闇,290,雷のちから,,10,MVP_103,リーフヴェインブロー,草,物理,50,100,28,
084B,ビリビリュー,雷/闇,290,雷のちから,,10,MVP_104,フレッシュリーフパンチ,草,物理,50,100,26,
084B,ビリビリュー,雷/闇,290,雷のちから,,10,MVP_124,アイスリングパンチ,氷,物理,50,100,26,
084B,ビリビリュー,雷/闇,290,雷のちから,,10,MV_189,フロストショット,氷,物理,50,100,30,
084B,ビリビリュー,雷/闇,290,雷のちから,,10,poison_fog,ポイズンフォグ,闇,変化,0,100,10,
084B,ビリビリュー,雷/闇,290,雷のちから,,11,MV_190,アイスニードル,氷,物理,55,100,27,
084B,ビリビリュー,雷/闇,290,雷のちから,,11,MV_211,フローズンブレード,氷,物理,55,95,26,
084B,ビリビリュー,雷/闇,290,雷のちから,,11,MV_287,アイビーバインド,草,物理,55,100,27,
085,ツジギリ,炎,285,いっせん,放熱器官,3,mvn_034,バイオレットボルト,雷,特殊,15,85,36,
085,ツジギリ,炎,285,いっせん,放熱器官,4,mvs_fire_atk_crit,フレイムファングスタンス,炎,変化,0,100,15,
085,ツジギリ,炎,285,いっせん,放熱器官,5,MV_185,ボルトライトバレット,雷,特殊,25,100,33,
085,ツジギリ,炎,285,いっせん,放熱器官,6,shockwave,ショックウェーブ,雷,特殊,30,100,36,
085,ツジギリ,炎,285,いっせん,放熱器官,7,MVP_021,クリムゾンストライク,炎,物理,35,100,30,
085,ツジギリ,炎,285,いっせん,放熱器官,7,MV_233,シンダー,炎,物理,35,95,32,
085,ツジギリ,炎,285,いっせん,放熱器官,7,mvh_electric,トリプルボルトストライク,雷,物理,35,90,10,3発(発ごと命中)
085,ツジギリ,炎,285,いっせん,放熱器官,8,MVP_022,スコーチフィスト,炎,物理,40,100,28,
085,ツジギリ,炎,285,いっせん,放熱器官,8,MVP_023,フォスファーブロー,炎,物理,40,100,28,
085,ツジギリ,炎,285,いっせん,放熱器官,8,MVP_061,バイオレットボルトストライク,雷,物理,40,100,30,
085,ツジギリ,炎,285,いっせん,放熱器官,8,MVP_062,サンダーロアフィスト,雷,物理,40,100,28,
085,ツジギリ,炎,285,いっせん,放熱器官,8,lock_on_laser,ロックオンレーザー,雷,特殊,40,100,30,
085,ツジギリ,炎,285,いっせん,放熱器官,9,MVP_024,ロースパンチ,炎,物理,45,100,26,
085,ツジギリ,炎,285,いっせん,放熱器官,9,MVP_063,フラッシュボルトブロー,雷,物理,45,100,28,
085,ツジギリ,炎,285,いっせん,放熱器官,9,MV_168,スパークボルト,雷,物理,45,95,28,
085,ツジギリ,炎,285,いっせん,放熱器官,9,MV_236,フレイムクロー,炎,物理,45,95,26,
085,ツジギリ,炎,285,いっせん,放熱器官,9,mvn_040,ボルトトレイル,雷,特殊,45,100,24,
085,ツジギリ,炎,285,いっせん,放熱器官,10,MVP_064,ボルトチャージパンチ,雷,物理,50,100,26,
085,ツジギリ,炎,285,いっせん,放熱器官,10,MV_182,ショックスティング,雷,物理,50,100,30,
085,ツジギリ,炎,285,いっせん,放熱器官,10,MV_246,フレイムファング,炎,物理,50,95,26,
085,ツジギリ,炎,285,いっせん,放熱器官,10,MV_250,フレイムスラスト,炎,物理,50,100,27,
085,ツジギリ,炎,285,いっせん,放熱器官,10,mvs_ep_fire,ヘルファイアピーク,炎,変化,0,100,10,
085,ツジギリ,炎,285,いっせん,放熱器官,11,MV_183,ライトニングスラスト,雷,物理,55,100,27,
085,ツジギリ,炎,285,いっせん,放熱器官,11,MV_237,ブレイズスラッシュ,炎,物理,55,95,24,
085,ツジギリ,炎,285,いっせん,放熱器官,12,MVP_065,スイフトボルトスラスト,雷,物理,60,100,21,
085,ツジギリ,炎,285,いっせん,放熱器官,12,MV_170,ディスチャージ,雷,物理,60,95,24,
085,ツジギリ,炎,285,いっせん,放熱器官,13,MVP_066,ボルトリングフィスト,雷,物理,65,100,18,
085,ツジギリ,炎,285,いっせん,放熱器官,14,MVP_067,ボルトトレイルストライク,雷,物理,70,100,15,
085,ツジギリ,炎,285,いっせん,放熱器官,15,MVP_068,スタティックブロー,雷,物理,75,90,11,
085,ツジギリ,炎,285,いっせん,放熱器官,15,MVP_069,ボルトコアパンチ,雷,物理,75,90,11,
085,ツジギリ,炎,285,いっせん,放熱器官,16,MVP_070,ボルトフラッシュスラスト,雷,物理,80,100,6,
085,ツジギリ,炎,285,いっせん,放熱器官,16,MVP_071,ボルトグレインフィスト,雷,物理,80,90,8,
085B,ヤミウチ,炎/闇,290,いっせん,放熱器官,3,mvn_034,バイオレットボルト,雷,特殊,15,85,36,
085B,ヤミウチ,炎/闇,290,いっせん,放熱器官,3,mvn_067,ホワイトアイス,氷,特殊,15,85,36,
085B,ヤミウチ,炎/闇,290,いっせん,放熱器官,4,MV_129,ネザーコール,闇,変化,0,100,15,
085B,ヤミウチ,炎/闇,290,いっせん,放熱器官,4,mvs_dark_accuracy_evasion,ダークナイトアイ,闇,変化,0,100,15,
085B,ヤミウチ,炎/闇,290,いっせん,放熱器官,5,MV_185,ボルトライトバレット,雷,特殊,25,100,33,
085B,ヤミウチ,炎/闇,290,いっせん,放熱器官,5,mvh_dark,シャドウバラージ,闇,物理,25,95,15,2〜5発
085B,ヤミウチ,炎/闇,290,いっせん,放熱器官,6,MV_205,フロストネット,氷,特殊,30,95,28,
085B,ヤミウチ,炎/闇,290,いっせん,放熱器官,6,ice_cutter,アイスカッター,氷,特殊,30,100,33,
085B,ヤミウチ,炎/闇,290,いっせん,放熱器官,6,shockwave,ショックウェーブ,雷,特殊,30,100,36,
085B,ヤミウチ,炎/闇,290,いっせん,放熱器官,7,MVP_021,クリムゾンストライク,炎,物理,35,100,30,
085B,ヤミウチ,炎/闇,290,いっせん,放熱器官,7,MV_121,シャドウピアス,闇,物理,35,100,34,
085B,ヤミウチ,炎/闇,290,いっせん,放熱器官,7,MV_123,ダスクブレード,闇,物理,35,100,32,
085B,ヤミウチ,炎/闇,290,いっせん,放熱器官,7,MV_187,アイスペブル,氷,物理,35,100,36,
085B,ヤミウチ,炎/闇,290,いっせん,放熱器官,7,MV_233,シンダー,炎,物理,35,95,32,
085B,ヤミウチ,炎/闇,290,いっせん,放熱器官,7,mvh_electric,トリプルボルトストライク,雷,物理,35,90,10,3発(発ごと命中)
085B,ヤミウチ,炎/闇,290,いっせん,放熱器官,7,mvh_ice,トリプルアイスブレード,氷,物理,35,90,10,3発(発ごと命中)
085B,ヤミウチ,炎/闇,290,いっせん,放熱器官,8,MVP_022,スコーチフィスト,炎,物理,40,100,28,
085B,ヤミウチ,炎/闇,290,いっせん,放熱器官,8,MVP_023,フォスファーブロー,炎,物理,40,100,28,
085B,ヤミウチ,炎/闇,290,いっせん,放熱器官,8,MVP_061,バイオレットボルトストライク,雷,物理,40,100,30,
085B,ヤミウチ,炎/闇,290,いっせん,放熱器官,8,MVP_062,サンダーロアフィスト,雷,物理,40,100,28,
085B,ヤミウチ,炎/闇,290,いっせん,放熱器官,8,MVP_121,ホワイトアイスストライク,氷,物理,40,100,30,
085B,ヤミウチ,炎/闇,290,いっせん,放熱器官,8,MV_124,シャドウステッチ,闇,物理,40,100,32,
085B,ヤミウチ,炎/闇,290,いっせん,放熱器官,8,MV_125,ダークウェッジ,闇,物理,40,100,32,
085B,ヤミウチ,炎/闇,290,いっせん,放熱器官,8,MV_188,アイスブレード,氷,物理,40,100,33,
085B,ヤミウチ,炎/闇,290,いっせん,放熱器官,9,MVP_063,フラッシュボルトブロー,雷,物理,45,100,28,
085B,ヤミウチ,炎/闇,290,いっせん,放熱器官,9,MVP_122,フリーズフィスト,氷,物理,45,100,28,
085B,ヤミウチ,炎/闇,290,いっせん,放熱器官,9,MVP_123,フロストストライクブロー,氷,物理,45,100,28,
085B,ヤミウチ,炎/闇,290,いっせん,放熱器官,9,MV_168,スパークボルト,雷,物理,45,95,28,
085B,ヤミウチ,炎/闇,290,いっせん,放熱器官,10,MVP_064,ボルトチャージパンチ,雷,物理,50,100,26,
085B,ヤミウチ,炎/闇,290,いっせん,放熱器官,10,MVP_124,アイスリングパンチ,氷,物理,50,100,26,
085B,ヤミウチ,炎/闇,290,いっせん,放熱器官,10,MV_182,ショックスティング,雷,物理,50,100,30,
085B,ヤミウチ,炎/闇,290,いっせん,放熱器官,10,MV_189,フロストショット,氷,物理,50,100,30,
085B,ヤミウチ,炎/闇,290,いっせん,放熱器官,11,MV_183,ライトニングスラスト,雷,物理,55,100,27,
085B,ヤミウチ,炎/闇,290,いっせん,放熱器官,11,MV_190,アイスニードル,氷,物理,55,100,27,
085B,ヤミウチ,炎/闇,290,いっせん,放熱器官,11,MV_211,フローズンブレード,氷,物理,55,95,26,
086,コチワニ,氷/水,240,ゆきすべり,,3,mvn_045,クロッド,地,特殊,15,100,36,
086,コチワニ,氷/水,240,ゆきすべり,,4,MV_280,サンドバインド,地,特殊,20,100,28,
086,コチワニ,氷/水,240,ゆきすべり,,5,mvh_ground,ロックバラージブロー,地,物理,25,95,15,2〜5発
086,コチワニ,氷/水,240,ゆきすべり,,5,mvh_water,タービュレントラッシュ,水,物理,25,95,15,2〜5発
086,コチワニ,氷/水,240,ゆきすべり,,6,mvn_048,クラッシュソイル,地,特殊,30,100,30,
086,コチワニ,氷/水,240,ゆきすべり,,7,MV_187,アイスペブル,氷,物理,35,100,36,
086,コチワニ,氷/水,240,ゆきすべり,,7,MV_212,ウォーターガン,水,物理,35,100,36,
086,コチワニ,氷/水,240,ゆきすべり,,7,MV_256,ストーンペブル,地,物理,35,100,36,
086,コチワニ,氷/水,240,ゆきすべり,,7,mvh_ice,トリプルアイスブレード,氷,物理,35,90,10,3発(発ごと命中)
086,コチワニ,氷/水,240,ゆきすべり,,8,MVP_041,クリアストリームストライク,水,物理,40,100,30,
086,コチワニ,氷/水,240,ゆきすべり,,8,MVP_081,クロッドストライク,地,物理,40,100,30,
086,コチワニ,氷/水,240,ゆきすべり,,8,MVP_121,ホワイトアイスストライク,氷,物理,40,100,30,
086,コチワニ,氷/水,240,ゆきすべり,,8,MV_188,アイスブレード,氷,物理,40,100,33,
086,コチワニ,氷/水,240,ゆきすべり,,8,MV_260,ブラインドサンド,地,物理,40,100,32,
086,コチワニ,氷/水,240,ゆきすべり,,8,mvn_049,アースヴェール,地,特殊,40,100,28,
086,コチワニ,氷/水,240,ゆきすべり,,9,MVP_042,ミラーウォーターブロー,水,物理,45,100,28,
086,コチワニ,氷/水,240,ゆきすべり,,9,MVP_122,フリーズフィスト,氷,物理,45,100,28,
086,コチワニ,氷/水,240,ゆきすべり,,9,MV_257,ロックバレット,地,物理,45,100,33,
086,コチワニ,氷/水,240,ゆきすべり,,9,MV_259,サンドスプレー,地,物理,45,100,30,
086,コチワニ,氷/水,240,ゆきすべり,,10,MVP_082,ベッドロックフィスト,地,物理,50,100,28,
086,コチワニ,氷/水,240,ゆきすべり,,10,MVP_083,レイラインブロー,地,物理,50,100,28,
086,コチワニ,氷/水,240,ゆきすべり,,10,mvs_ep_ice,フリーズピーク,氷,変化,0,100,10,
086,コチワニ,氷/水,240,ゆきすべり,,10,mvs_ep_water,ディープウォーターピーク,水,変化,0,100,10,
086,コチワニ,氷/水,240,ゆきすべり,,11,MVP_084,クラッシュソイルパンチ,地,物理,55,100,26,
086,コチワニ,氷/水,240,ゆきすべり,,11,MV_258,フィッシャースラスト,地,物理,55,100,27,
086,コチワニ,氷/水,240,ゆきすべり,,12,MVP_085,アースヴェールスラスト,地,物理,60,100,21,
086,コチワニ,氷/水,240,ゆきすべり,,12,MV_272,シャープロックスラスト,地,物理,60,100,24,
086,コチワニ,氷/水,240,ゆきすべり,,13,MVP_086,ロックシャードフィスト,地,物理,65,100,18,
086,コチワニ,氷/水,240,ゆきすべり,,13,MV_263,ロックスマッシュ,地,物理,65,100,18,
086,コチワニ,氷/水,240,ゆきすべり,,14,MVP_087,アースウォールストライク,地,物理,70,100,15,
086,コチワニ,氷/水,240,ゆきすべり,,14,MV_274,ベッドロックブレイク,地,物理,70,100,12,
086,コチワニ,氷/水,240,ゆきすべり,,15,MVP_088,ハードグラウンドブロー,地,物理,75,90,11,
086,コチワニ,氷/水,240,ゆきすべり,,15,MVP_089,ペブルブローパンチ,地,物理,75,90,11,
086,コチワニ,氷/水,240,ゆきすべり,,16,MVP_090,アースリングフィスト,地,物理,80,100,6,
086,コチワニ,氷/水,240,ゆきすべり,,16,MVP_091,ソリッドソイルストライク,地,物理,80,90,8,
087,グランモス,草/地,325,サンドバッグ,,1,MV_300,リーフハイドスタンス,草,変化,0,100,15,
087,グランモス,草/地,325,サンドバッグ,,3,air_cannon,エアーキャノン,無,特殊,15,100,42,
087,グランモス,草/地,325,サンドバッグ,,3,mvn_012,クリムゾン,炎,特殊,15,85,36,
087,グランモス,草/地,325,サンドバッグ,,3,mvn_023,クリアストリーム,水,特殊,15,100,36,
087,グランモス,草/地,325,サンドバッグ,,4,MV_247,ファイアスフィア,炎,特殊,20,100,30,
087,グランモス,草/地,325,サンドバッグ,,5,MV_160,クリティカルエイム,無,特殊,25,100,28,
087,グランモス,草/地,325,サンドバッグ,,5,aqua_gun,アクアショット,水,特殊,25,100,36,
087,グランモス,草/地,325,サンドバッグ,,5,mvh_ground,ロックバラージブロー,地,物理,25,95,15,2〜5発
087,グランモス,草/地,325,サンドバッグ,,5,mvh_water,タービュレントラッシュ,水,物理,25,95,15,2〜5発
087,グランモス,草/地,325,サンドバッグ,,6,MVP_001,ホワイトストライク,無,物理,30,100,30,
087,グランモス,草/地,325,サンドバッグ,,6,MV_137,バックフィスト,無,物理,30,100,36,
087,グランモス,草/地,325,サンドバッグ,,7,MVP_021,クリムゾンストライク,炎,物理,35,100,30,
087,グランモス,草/地,325,サンドバッグ,,7,MV_138,ダブルスラスト,無,物理,35,100,33,
087,グランモス,草/地,325,サンドバッグ,,7,MV_139,テイルスイープ,無,物理,35,100,33,
087,グランモス,草/地,325,サンドバッグ,,7,MV_212,ウォーターガン,水,物理,35,100,36,
087,グランモス,草/地,325,サンドバッグ,,7,MV_233,シンダー,炎,物理,35,95,32,
087,グランモス,草/地,325,サンドバッグ,,7,MV_256,ストーンペブル,地,物理,35,100,36,
087,グランモス,草/地,325,サンドバッグ,,7,MV_281,リーフブレード,草,物理,35,100,36,
087,グランモス,草/地,325,サンドバッグ,,8,MVP_022,スコーチフィスト,炎,物理,40,100,28,
087,グランモス,草/地,325,サンドバッグ,,8,MVP_023,フォスファーブロー,炎,物理,40,100,28,
087,グランモス,草/地,325,サンドバッグ,,8,MVP_041,クリアストリームストライク,水,物理,40,100,30,
087,グランモス,草/地,325,サンドバッグ,,8,MVP_081,クロッドストライク,地,物理,40,100,30,
087,グランモス,草/地,325,サンドバッグ,,8,MVP_101,グリーンリーフストライク,草,物理,40,100,30,
087,グランモス,草/地,325,サンドバッグ,,8,MV_140,ヘッドバット,無,物理,40,100,33,
087,グランモス,草/地,325,サンドバッグ,,8,MV_141,スピンタックル,無,物理,40,100,33,
087,グランモス,草/地,325,サンドバッグ,,8,MV_260,ブラインドサンド,地,物理,40,100,32,
087,グランモス,草/地,325,サンドバッグ,,8,MV_282,シードショット,草,物理,40,100,33,
087,グランモス,草/地,325,サンドバッグ,,9,MVP_024,ロースパンチ,炎,物理,45,100,26,
087,グランモス,草/地,325,サンドバッグ,,9,MVP_042,ミラーウォーターブロー,水,物理,45,100,28,
087,グランモス,草/地,325,サンドバッグ,,9,MVP_102,アイビーストライクフィスト,草,物理,45,100,28,
087,グランモス,草/地,325,サンドバッグ,,9,MV_142,フライングキック,無,物理,45,100,33,
087,グランモス,草/地,325,サンドバッグ,,9,MV_143,ブラントエッジ,無,物理,45,100,33,
087,グランモス,草/地,325,サンドバッグ,,9,MV_214,バブルバラージ,水,物理,45,100,33,
087B,ブリザモス,氷/地,325,たまゆき,,3,air_cannon,エアーキャノン,無,特殊,15,100,42,
087B,ブリザモス,氷/地,325,たまゆき,,3,mvn_012,クリムゾン,炎,特殊,15,85,36,
087B,ブリザモス,氷/地,325,たまゆき,,3,mvn_023,クリアストリーム,水,特殊,15,100,36,
087B,ブリザモス,氷/地,325,たまゆき,,4,MV_247,ファイアスフィア,炎,特殊,20,100,30,
087B,ブリザモス,氷/地,325,たまゆき,,5,MV_160,クリティカルエイム,無,特殊,25,100,28,
087B,ブリザモス,氷/地,325,たまゆき,,5,aqua_gun,アクアショット,水,特殊,25,100,36,
087B,ブリザモス,氷/地,325,たまゆき,,5,mvh_ground,ロックバラージブロー,地,物理,25,95,15,2〜5発
087B,ブリザモス,氷/地,325,たまゆき,,5,mvh_water,タービュレントラッシュ,水,物理,25,95,15,2〜5発
087B,ブリザモス,氷/地,325,たまゆき,,6,MVP_001,ホワイトストライク,無,物理,30,100,30,
087B,ブリザモス,氷/地,325,たまゆき,,6,MV_137,バックフィスト,無,物理,30,100,36,
087B,ブリザモス,氷/地,325,たまゆき,,7,MVP_021,クリムゾンストライク,炎,物理,35,100,30,
087B,ブリザモス,氷/地,325,たまゆき,,7,MV_138,ダブルスラスト,無,物理,35,100,33,
087B,ブリザモス,氷/地,325,たまゆき,,7,MV_139,テイルスイープ,無,物理,35,100,33,
087B,ブリザモス,氷/地,325,たまゆき,,7,MV_187,アイスペブル,氷,物理,35,100,36,
087B,ブリザモス,氷/地,325,たまゆき,,7,MV_212,ウォーターガン,水,物理,35,100,36,
087B,ブリザモス,氷/地,325,たまゆき,,7,MV_233,シンダー,炎,物理,35,95,32,
087B,ブリザモス,氷/地,325,たまゆき,,7,MV_256,ストーンペブル,地,物理,35,100,36,
087B,ブリザモス,氷/地,325,たまゆき,,7,mvh_ice,トリプルアイスブレード,氷,物理,35,90,10,3発(発ごと命中)
087B,ブリザモス,氷/地,325,たまゆき,,7,mvw_sandstorm,サンドストーム,地,変化,0,100,16,
087B,ブリザモス,氷/地,325,たまゆき,,8,MVP_022,スコーチフィスト,炎,物理,40,100,28,
087B,ブリザモス,氷/地,325,たまゆき,,8,MVP_023,フォスファーブロー,炎,物理,40,100,28,
087B,ブリザモス,氷/地,325,たまゆき,,8,MVP_041,クリアストリームストライク,水,物理,40,100,30,
087B,ブリザモス,氷/地,325,たまゆき,,8,MVP_081,クロッドストライク,地,物理,40,100,30,
087B,ブリザモス,氷/地,325,たまゆき,,8,MVP_121,ホワイトアイスストライク,氷,物理,40,100,30,
087B,ブリザモス,氷/地,325,たまゆき,,8,MV_140,ヘッドバット,無,物理,40,100,33,
087B,ブリザモス,氷/地,325,たまゆき,,8,MV_141,スピンタックル,無,物理,40,100,33,
087B,ブリザモス,氷/地,325,たまゆき,,8,MV_188,アイスブレード,氷,物理,40,100,33,
087B,ブリザモス,氷/地,325,たまゆき,,8,MV_260,ブラインドサンド,地,物理,40,100,32,
087B,ブリザモス,氷/地,325,たまゆき,,9,MVP_024,ロースパンチ,炎,物理,45,100,26,
087B,ブリザモス,氷/地,325,たまゆき,,9,MVP_042,ミラーウォーターブロー,水,物理,45,100,28,
087B,ブリザモス,氷/地,325,たまゆき,,9,MVP_122,フリーズフィスト,氷,物理,45,100,28,
087B,ブリザモス,氷/地,325,たまゆき,,9,MV_142,フライングキック,無,物理,45,100,33,
087B,ブリザモス,氷/地,325,たまゆき,,9,MV_143,ブラントエッジ,無,物理,45,100,33,
088,ガブルミ,水,240,水のおしえ,,1,MV_232,クリアストリームスタンス,水,変化,0,100,15,
088,ガブルミ,水,240,水のおしえ,,3,mvn_045,クロッド,地,特殊,15,100,36,
088,ガブルミ,水,240,水のおしえ,,4,MV_280,サンドバインド,地,特殊,20,100,28,
088,ガブルミ,水,240,水のおしえ,,5,mvh_ground,ロックバラージブロー,地,物理,25,95,15,2〜5発
088,ガブルミ,水,240,水のおしえ,,5,mvh_water,タービュレントラッシュ,水,物理,25,95,15,2〜5発
088,ガブルミ,水,240,水のおしえ,,6,mvn_048,クラッシュソイル,地,特殊,30,100,30,
088,ガブルミ,水,240,水のおしえ,,7,MV_212,ウォーターガン,水,物理,35,100,36,
088,ガブルミ,水,240,水のおしえ,,7,MV_256,ストーンペブル,地,物理,35,100,36,
088,ガブルミ,水,240,水のおしえ,,7,mvw_rain,レインダンス,水,変化,0,100,16,
088,ガブルミ,水,240,水のおしえ,,8,MVP_041,クリアストリームストライク,水,物理,40,100,30,
088,ガブルミ,水,240,水のおしえ,,8,MVP_081,クロッドストライク,地,物理,40,100,30,
088,ガブルミ,水,240,水のおしえ,,8,MV_260,ブラインドサンド,地,物理,40,100,32,
088,ガブルミ,水,240,水のおしえ,,8,mvn_049,アースヴェール,地,特殊,40,100,28,
088,ガブルミ,水,240,水のおしえ,,9,MVP_042,ミラーウォーターブロー,水,物理,45,100,28,
088,ガブルミ,水,240,水のおしえ,,9,MV_214,バブルバラージ,水,物理,45,100,33,
088,ガブルミ,水,240,水のおしえ,,9,MV_257,ロックバレット,地,物理,45,100,33,
088,ガブルミ,水,240,水のおしえ,,9,MV_259,サンドスプレー,地,物理,45,100,30,
088,ガブルミ,水,240,水のおしえ,,10,MVP_043,サーフサウンドフィスト,水,物理,50,100,28,
088,ガブルミ,水,240,水のおしえ,,10,MVP_044,ドロップストライクパンチ,水,物理,50,100,26,
088,ガブルミ,水,240,水のおしえ,,10,MVP_082,ベッドロックフィスト,地,物理,50,100,28,
088,ガブルミ,水,240,水のおしえ,,10,MVP_083,レイラインブロー,地,物理,50,100,28,
088,ガブルミ,水,240,水のおしえ,,11,MVP_084,クラッシュソイルパンチ,地,物理,55,100,26,
088,ガブルミ,水,240,水のおしえ,,11,MV_216,ウォーターブレード,水,物理,55,100,27,
088,ガブルミ,水,240,水のおしえ,,11,MV_221,ストリームコンボ,水,物理,55,100,27,
088,ガブルミ,水,240,水のおしえ,,11,MV_258,フィッシャースラスト,地,物理,55,100,27,
088,ガブルミ,水,240,水のおしえ,,12,MVP_085,アースヴェールスラスト,地,物理,60,100,21,
088,ガブルミ,水,240,水のおしえ,,12,MV_272,シャープロックスラスト,地,物理,60,100,24,
088,ガブルミ,水,240,水のおしえ,,13,MVP_086,ロックシャードフィスト,地,物理,65,100,18,
088,ガブルミ,水,240,水のおしえ,,13,MV_263,ロックスマッシュ,地,物理,65,100,18,
088,ガブルミ,水,240,水のおしえ,,14,MVP_087,アースウォールストライク,地,物理,70,100,15,
088,ガブルミ,水,240,水のおしえ,,14,MV_274,ベッドロックブレイク,地,物理,70,100,12,
088,ガブルミ,水,240,水のおしえ,,15,MVP_088,ハードグラウンドブロー,地,物理,75,90,11,
088,ガブルミ,水,240,水のおしえ,,15,MVP_089,ペブルブローパンチ,地,物理,75,90,11,
088,ガブルミ,水,240,水のおしえ,,16,MVP_090,アースリングフィスト,地,物理,80,100,6,
088,ガブルミ,水,240,水のおしえ,,16,MVP_091,ソリッドソイルストライク,地,物理,80,90,8,
088B,ヒグルミ,水/炎,245,フェーン,放熱器官,3,mvn_034,バイオレットボルト,雷,特殊,15,85,36,
088B,ヒグルミ,水/炎,245,フェーン,放熱器官,3,mvn_045,クロッド,地,特殊,15,100,36,
088B,ヒグルミ,水/炎,245,フェーン,放熱器官,4,MV_280,サンドバインド,地,特殊,20,100,28,
088B,ヒグルミ,水/炎,245,フェーン,放熱器官,4,mvs_water_def_accuracy,サーフェスガード,水,変化,0,100,15,
088B,ヒグルミ,水/炎,245,フェーン,放熱器官,4,mvs_water_def_evasion,サーフェスヴェール,水,変化,0,100,15,
088B,ヒグルミ,水/炎,245,フェーン,放熱器官,5,MV_185,ボルトライトバレット,雷,特殊,25,100,33,
088B,ヒグルミ,水/炎,245,フェーン,放熱器官,5,mvh_ground,ロックバラージブロー,地,物理,25,95,15,2〜5発
088B,ヒグルミ,水/炎,245,フェーン,放熱器官,5,mvh_water,タービュレントラッシュ,水,物理,25,95,15,2〜5発
088B,ヒグルミ,水/炎,245,フェーン,放熱器官,6,mvn_048,クラッシュソイル,地,特殊,30,100,30,
088B,ヒグルミ,水/炎,245,フェーン,放熱器官,6,shockwave,ショックウェーブ,雷,特殊,30,100,36,
088B,ヒグルミ,水/炎,245,フェーン,放熱器官,7,MVP_021,クリムゾンストライク,炎,物理,35,100,30,
088B,ヒグルミ,水/炎,245,フェーン,放熱器官,7,MV_212,ウォーターガン,水,物理,35,100,36,
088B,ヒグルミ,水/炎,245,フェーン,放熱器官,7,MV_233,シンダー,炎,物理,35,95,32,
088B,ヒグルミ,水/炎,245,フェーン,放熱器官,7,MV_256,ストーンペブル,地,物理,35,100,36,
088B,ヒグルミ,水/炎,245,フェーン,放熱器官,7,mvh_electric,トリプルボルトストライク,雷,物理,35,90,10,3発(発ごと命中)
088B,ヒグルミ,水/炎,245,フェーン,放熱器官,8,MVP_022,スコーチフィスト,炎,物理,40,100,28,
088B,ヒグルミ,水/炎,245,フェーン,放熱器官,8,MVP_023,フォスファーブロー,炎,物理,40,100,28,
088B,ヒグルミ,水/炎,245,フェーン,放熱器官,8,MVP_041,クリアストリームストライク,水,物理,40,100,30,
088B,ヒグルミ,水/炎,245,フェーン,放熱器官,8,MVP_061,バイオレットボルトストライク,雷,物理,40,100,30,
088B,ヒグルミ,水/炎,245,フェーン,放熱器官,8,MVP_062,サンダーロアフィスト,雷,物理,40,100,28,
088B,ヒグルミ,水/炎,245,フェーン,放熱器官,8,MVP_081,クロッドストライク,地,物理,40,100,30,
088B,ヒグルミ,水/炎,245,フェーン,放熱器官,8,MV_260,ブラインドサンド,地,物理,40,100,32,
088B,ヒグルミ,水/炎,245,フェーン,放熱器官,9,MVP_024,ロースパンチ,炎,物理,45,100,26,
088B,ヒグルミ,水/炎,245,フェーン,放熱器官,9,MVP_042,ミラーウォーターブロー,水,物理,45,100,28,
088B,ヒグルミ,水/炎,245,フェーン,放熱器官,9,MVP_063,フラッシュボルトブロー,雷,物理,45,100,28,
088B,ヒグルミ,水/炎,245,フェーン,放熱器官,9,MV_168,スパークボルト,雷,物理,45,95,28,
088B,ヒグルミ,水/炎,245,フェーン,放熱器官,9,MV_257,ロックバレット,地,物理,45,100,33,
088B,ヒグルミ,水/炎,245,フェーン,放熱器官,9,MV_259,サンドスプレー,地,物理,45,100,30,
088B,ヒグルミ,水/炎,245,フェーン,放熱器官,10,MVP_064,ボルトチャージパンチ,雷,物理,50,100,26,
088B,ヒグルミ,水/炎,245,フェーン,放熱器官,10,MVP_082,ベッドロックフィスト,地,物理,50,100,28,
088B,ヒグルミ,水/炎,245,フェーン,放熱器官,10,MVP_083,レイラインブロー,地,物理,50,100,28,
088B,ヒグルミ,水/炎,245,フェーン,放熱器官,10,MV_182,ショックスティング,雷,物理,50,100,30,
088B,ヒグルミ,水/炎,245,フェーン,放熱器官,11,MVP_084,クラッシュソイルパンチ,地,物理,55,100,26,
088B,ヒグルミ,水/炎,245,フェーン,放熱器官,11,MV_183,ライトニングスラスト,雷,物理,55,100,27,
088B,ヒグルミ,水/炎,245,フェーン,放熱器官,11,MV_258,フィッシャースラスト,地,物理,55,100,27,
088B,ヒグルミ,水/炎,245,フェーン,放熱器官,12,MVP_065,スイフトボルトスラスト,雷,物理,60,100,21,
088B,ヒグルミ,水/炎,245,フェーン,放熱器官,12,MVP_085,アースヴェールスラスト,地,物理,60,100,21,
089,フラリーナ,草,295,草のちから,,1,MV_300,リーフハイドスタンス,草,変化,0,100,15,
089,フラリーナ,草,295,草のちから,,3,mvn_023,クリアストリーム,水,特殊,15,100,36,
089,フラリーナ,草,295,草のちから,,5,aqua_gun,アクアショット,水,特殊,25,100,36,
089,フラリーナ,草,295,草のちから,,5,mvh_water,タービュレントラッシュ,水,物理,25,95,15,2〜5発
089,フラリーナ,草,295,草のちから,,7,MV_212,ウォーターガン,水,物理,35,100,36,
089,フラリーナ,草,295,草のちから,,7,MV_215,ウォーターカッター,水,特殊,35,100,30,
089,フラリーナ,草,295,草のちから,,7,MV_281,リーフブレード,草,物理,35,100,36,
089,フラリーナ,草,295,草のちから,,8,MVP_041,クリアストリームストライク,水,物理,40,100,30,
089,フラリーナ,草,295,草のちから,,8,MVP_101,グリーンリーフストライク,草,物理,40,100,30,
089,フラリーナ,草,295,草のちから,,8,MV_282,シードショット,草,物理,40,100,33,
089,フラリーナ,草,295,草のちから,,9,MVP_042,ミラーウォーターブロー,水,物理,45,100,28,
089,フラリーナ,草,295,草のちから,,9,MVP_102,アイビーストライクフィスト,草,物理,45,100,28,
089,フラリーナ,草,295,草のちから,,9,MV_214,バブルバラージ,水,物理,45,100,33,
089,フラリーナ,草,295,草のちから,,9,MV_283,ヴァインウィップ,草,物理,45,100,33,
089,フラリーナ,草,295,草のちから,,9,mvn_028,スプラッシュ,水,特殊,45,100,26,
089,フラリーナ,草,295,草のちから,,10,MVP_043,サーフサウンドフィスト,水,物理,50,100,28,
089,フラリーナ,草,295,草のちから,,10,MVP_044,ドロップストライクパンチ,水,物理,50,100,26,
089,フラリーナ,草,295,草のちから,,10,MVP_103,リーフヴェインブロー,草,物理,50,100,28,
089,フラリーナ,草,295,草のちから,,10,MVP_104,フレッシュリーフパンチ,草,物理,50,100,26,
089,フラリーナ,草,295,草のちから,,10,mvs_ep_grass,ヴァーダントピーク,草,変化,0,100,10,
089,フラリーナ,草,295,草のちから,,11,MV_216,ウォーターブレード,水,物理,55,100,27,
089,フラリーナ,草,295,草のちから,,11,MV_221,ストリームコンボ,水,物理,55,100,27,
089,フラリーナ,草,295,草のちから,,11,MV_287,アイビーバインド,草,物理,55,100,27,
089,フラリーナ,草,295,草のちから,,11,MV_288,ソーンウィップ,草,物理,55,100,24,
089,フラリーナ,草,295,草のちから,,12,MV_222,ミラーウォータースラッシュ,水,物理,60,100,24,
089,フラリーナ,草,295,草のちから,,12,MV_227,アクアジェット,水,物理,60,100,27,
089,フラリーナ,草,295,草のちから,,13,MVP_045,ウォーターリングスラスト,水,物理,65,100,21,
089,フラリーナ,草,295,草のちから,,13,MV_230,アクアファング,水,物理,65,100,24,
089,フラリーナ,草,295,草のちから,,14,MVP_046,スプラッシュフィスト,水,物理,70,100,18,
089,フラリーナ,草,295,草のちから,,14,MVP_047,ウォーターヴェインストライク,水,物理,70,100,15,
089,フラリーナ,草,295,草のちから,,15,MVP_048,アズールウェーブブロー,水,物理,75,90,11,
089,フラリーナ,草,295,草のちから,,15,MVP_049,ドロップレットパンチ,水,物理,75,90,11,
089,フラリーナ,草,295,草のちから,,16,MVP_050,アクアヴェールフィスト,水,物理,80,100,6,
089B,チェリーナ,草/炎,300,フリーフォール,放熱器官,3,mvn_023,クリアストリーム,水,特殊,15,100,36,
089B,チェリーナ,草/炎,300,フリーフォール,放熱器官,3,mvn_034,バイオレットボルト,雷,特殊,15,85,36,
089B,チェリーナ,草/炎,300,フリーフォール,放熱器官,5,MV_185,ボルトライトバレット,雷,特殊,25,100,33,
089B,チェリーナ,草/炎,300,フリーフォール,放熱器官,5,aqua_gun,アクアショット,水,特殊,25,100,36,
089B,チェリーナ,草/炎,300,フリーフォール,放熱器官,5,mvh_water,タービュレントラッシュ,水,物理,25,95,15,2〜5発
089B,チェリーナ,草/炎,300,フリーフォール,放熱器官,6,shockwave,ショックウェーブ,雷,特殊,30,100,36,
089B,チェリーナ,草/炎,300,フリーフォール,放熱器官,7,MVP_021,クリムゾンストライク,炎,物理,35,100,30,
089B,チェリーナ,草/炎,300,フリーフォール,放熱器官,7,MV_212,ウォーターガン,水,物理,35,100,36,
089B,チェリーナ,草/炎,300,フリーフォール,放熱器官,7,MV_233,シンダー,炎,物理,35,95,32,
089B,チェリーナ,草/炎,300,フリーフォール,放熱器官,7,MV_281,リーフブレード,草,物理,35,100,36,
089B,チェリーナ,草/炎,300,フリーフォール,放熱器官,7,mvh_electric,トリプルボルトストライク,雷,物理,35,90,10,3発(発ごと命中)
089B,チェリーナ,草/炎,300,フリーフォール,放熱器官,7,mvw_gale,ゲイルコール,草,変化,0,100,16,
089B,チェリーナ,草/炎,300,フリーフォール,放熱器官,7,mvw_sunny,サンライトソング,炎,変化,0,100,16,
089B,チェリーナ,草/炎,300,フリーフォール,放熱器官,8,MVP_022,スコーチフィスト,炎,物理,40,100,28,
089B,チェリーナ,草/炎,300,フリーフォール,放熱器官,8,MVP_023,フォスファーブロー,炎,物理,40,100,28,
089B,チェリーナ,草/炎,300,フリーフォール,放熱器官,8,MVP_041,クリアストリームストライク,水,物理,40,100,30,
089B,チェリーナ,草/炎,300,フリーフォール,放熱器官,8,MVP_061,バイオレットボルトストライク,雷,物理,40,100,30,
089B,チェリーナ,草/炎,300,フリーフォール,放熱器官,8,MVP_062,サンダーロアフィスト,雷,物理,40,100,28,
089B,チェリーナ,草/炎,300,フリーフォール,放熱器官,8,MVP_101,グリーンリーフストライク,草,物理,40,100,30,
089B,チェリーナ,草/炎,300,フリーフォール,放熱器官,8,MV_282,シードショット,草,物理,40,100,33,
089B,チェリーナ,草/炎,300,フリーフォール,放熱器官,9,MVP_024,ロースパンチ,炎,物理,45,100,26,
089B,チェリーナ,草/炎,300,フリーフォール,放熱器官,9,MVP_042,ミラーウォーターブロー,水,物理,45,100,28,
089B,チェリーナ,草/炎,300,フリーフォール,放熱器官,9,MVP_063,フラッシュボルトブロー,雷,物理,45,100,28,
089B,チェリーナ,草/炎,300,フリーフォール,放熱器官,9,MVP_102,アイビーストライクフィスト,草,物理,45,100,28,
089B,チェリーナ,草/炎,300,フリーフォール,放熱器官,9,MV_168,スパークボルト,雷,物理,45,95,28,
089B,チェリーナ,草/炎,300,フリーフォール,放熱器官,9,MV_214,バブルバラージ,水,物理,45,100,33,
089B,チェリーナ,草/炎,300,フリーフォール,放熱器官,10,MVP_043,サーフサウンドフィスト,水,物理,50,100,28,
089B,チェリーナ,草/炎,300,フリーフォール,放熱器官,10,MVP_044,ドロップストライクパンチ,水,物理,50,100,26,
089B,チェリーナ,草/炎,300,フリーフォール,放熱器官,10,MVP_064,ボルトチャージパンチ,雷,物理,50,100,26,
089B,チェリーナ,草/炎,300,フリーフォール,放熱器官,10,MV_182,ショックスティング,雷,物理,50,100,30,
089B,チェリーナ,草/炎,300,フリーフォール,放熱器官,11,MV_183,ライトニングスラスト,雷,物理,55,100,27,
089B,チェリーナ,草/炎,300,フリーフォール,放熱器官,11,MV_216,ウォーターブレード,水,物理,55,100,27,
089B,チェリーナ,草/炎,300,フリーフォール,放熱器官,11,MV_221,ストリームコンボ,水,物理,55,100,27,
090,リーファン,草,310,草のきずな,,3,air_cannon,エアーキャノン,無,特殊,15,100,42,
090,リーファン,草,310,草のきずな,,3,mvn_023,クリアストリーム,水,特殊,15,100,36,
090,リーファン,草,310,草のきずな,,4,mvs_grass_accuracy_evasion,フレッシュグリーンアイ,草,変化,0,100,15,
090,リーファン,草,310,草のきずな,,4,mvs_grass_def_crit,フレッシュグリーンアーマー,草,変化,0,100,15,
090,リーファン,草,310,草のきずな,,5,MV_160,クリティカルエイム,無,特殊,25,100,28,
090,リーファン,草,310,草のきずな,,5,aqua_gun,アクアショット,水,特殊,25,100,36,
090,リーファン,草,310,草のきずな,,5,mvh_water,タービュレントラッシュ,水,物理,25,95,15,2〜5発
090,リーファン,草,310,草のきずな,,6,MVP_001,ホワイトストライク,無,物理,30,100,30,
090,リーファン,草,310,草のきずな,,6,MV_137,バックフィスト,無,物理,30,100,36,
090,リーファン,草,310,草のきずな,,6,mvn_003,ヴォイドエコー,無,特殊,30,90,32,
090,リーファン,草,310,草のきずな,,6,mvn_004,ベアストライク,無,特殊,30,90,30,
090,リーファン,草,310,草のきずな,,7,MV_138,ダブルスラスト,無,物理,35,100,33,
090,リーファン,草,310,草のきずな,,7,MV_139,テイルスイープ,無,物理,35,100,33,
090,リーファン,草,310,草のきずな,,7,MV_212,ウォーターガン,水,物理,35,100,36,
090,リーファン,草,310,草のきずな,,7,MV_281,リーフブレード,草,物理,35,100,36,
090,リーファン,草,310,草のきずな,,8,MVP_041,クリアストリームストライク,水,物理,40,100,30,
090,リーファン,草,310,草のきずな,,8,MVP_101,グリーンリーフストライク,草,物理,40,100,30,
090,リーファン,草,310,草のきずな,,8,MV_140,ヘッドバット,無,物理,40,100,33,
090,リーファン,草,310,草のきずな,,8,MV_141,スピンタックル,無,物理,40,100,33,
090,リーファン,草,310,草のきずな,,8,MV_282,シードショット,草,物理,40,100,33,
090,リーファン,草,310,草のきずな,,9,MVP_042,ミラーウォーターブロー,水,物理,45,100,28,
090,リーファン,草,310,草のきずな,,9,MVP_102,アイビーストライクフィスト,草,物理,45,100,28,
090,リーファン,草,310,草のきずな,,9,MV_142,フライングキック,無,物理,45,100,33,
090,リーファン,草,310,草のきずな,,9,MV_143,ブラントエッジ,無,物理,45,100,33,
090,リーファン,草,310,草のきずな,,9,MV_214,バブルバラージ,水,物理,45,100,33,
090,リーファン,草,310,草のきずな,,9,MV_283,ヴァインウィップ,草,物理,45,100,33,
090,リーファン,草,310,草のきずな,,10,MVP_002,マッチレスブロー,無,物理,50,100,28,
090,リーファン,草,310,草のきずな,,10,MVP_043,サーフサウンドフィスト,水,物理,50,100,28,
090,リーファン,草,310,草のきずな,,10,MVP_044,ドロップストライクパンチ,水,物理,50,100,26,
090,リーファン,草,310,草のきずな,,10,MVP_103,リーフヴェインブロー,草,物理,50,100,28,
090,リーファン,草,310,草のきずな,,10,MVP_104,フレッシュリーフパンチ,草,物理,50,100,26,
090,リーファン,草,310,草のきずな,,10,MV_145,ラッシュスラスト,無,物理,50,100,33,
090,リーファン,草,310,草のきずな,,11,MVP_003,ヴォイドクラッシュ,無,物理,55,100,28,
090,リーファン,草,310,草のきずな,,11,MV_144,クラッシュブロー,無,物理,55,100,30,
091,ヘルゴート,炎/闇,280,ツメのかりうど,放熱器官,3,mvn_034,バイオレットボルト,雷,特殊,15,85,36,
091,ヘルゴート,炎/闇,280,ツメのかりうど,放熱器官,3,mvn_067,ホワイトアイス,氷,特殊,15,85,36,
091,ヘルゴート,炎/闇,280,ツメのかりうど,放熱器官,5,MV_185,ボルトライトバレット,雷,特殊,25,100,33,
091,ヘルゴート,炎/闇,280,ツメのかりうど,放熱器官,5,mvh_dark,シャドウバラージ,闇,物理,25,95,15,2〜5発
091,ヘルゴート,炎/闇,280,ツメのかりうど,放熱器官,6,MV_205,フロストネット,氷,特殊,30,95,28,
091,ヘルゴート,炎/闇,280,ツメのかりうど,放熱器官,6,ice_cutter,アイスカッター,氷,特殊,30,100,33,
091,ヘルゴート,炎/闇,280,ツメのかりうど,放熱器官,6,shockwave,ショックウェーブ,雷,特殊,30,100,36,
091,ヘルゴート,炎/闇,280,ツメのかりうど,放熱器官,7,MVP_021,クリムゾンストライク,炎,物理,35,100,30,
091,ヘルゴート,炎/闇,280,ツメのかりうど,放熱器官,7,MV_121,シャドウピアス,闇,物理,35,100,34,
091,ヘルゴート,炎/闇,280,ツメのかりうど,放熱器官,7,MV_123,ダスクブレード,闇,物理,35,100,32,
091,ヘルゴート,炎/闇,280,ツメのかりうど,放熱器官,7,MV_187,アイスペブル,氷,物理,35,100,36,
091,ヘルゴート,炎/闇,280,ツメのかりうど,放熱器官,7,MV_233,シンダー,炎,物理,35,95,32,
091,ヘルゴート,炎/闇,280,ツメのかりうど,放熱器官,7,mvh_electric,トリプルボルトストライク,雷,物理,35,90,10,3発(発ごと命中)
091,ヘルゴート,炎/闇,280,ツメのかりうど,放熱器官,7,mvh_ice,トリプルアイスブレード,氷,物理,35,90,10,3発(発ごと命中)
091,ヘルゴート,炎/闇,280,ツメのかりうど,放熱器官,7,mvw_sunny,サンライトソング,炎,変化,0,100,16,
091,ヘルゴート,炎/闇,280,ツメのかりうど,放熱器官,8,MVP_022,スコーチフィスト,炎,物理,40,100,28,
091,ヘルゴート,炎/闇,280,ツメのかりうど,放熱器官,8,MVP_023,フォスファーブロー,炎,物理,40,100,28,
091,ヘルゴート,炎/闇,280,ツメのかりうど,放熱器官,8,MVP_061,バイオレットボルトストライク,雷,物理,40,100,30,
091,ヘルゴート,炎/闇,280,ツメのかりうど,放熱器官,8,MVP_062,サンダーロアフィスト,雷,物理,40,100,28,
091,ヘルゴート,炎/闇,280,ツメのかりうど,放熱器官,8,MVP_121,ホワイトアイスストライク,氷,物理,40,100,30,
091,ヘルゴート,炎/闇,280,ツメのかりうど,放熱器官,8,MV_124,シャドウステッチ,闇,物理,40,100,32,
091,ヘルゴート,炎/闇,280,ツメのかりうど,放熱器官,8,MV_125,ダークウェッジ,闇,物理,40,100,32,
091,ヘルゴート,炎/闇,280,ツメのかりうど,放熱器官,8,MV_188,アイスブレード,氷,物理,40,100,33,
091,ヘルゴート,炎/闇,280,ツメのかりうど,放熱器官,9,MVP_063,フラッシュボルトブロー,雷,物理,45,100,28,
091,ヘルゴート,炎/闇,280,ツメのかりうど,放熱器官,9,MVP_122,フリーズフィスト,氷,物理,45,100,28,
091,ヘルゴート,炎/闇,280,ツメのかりうど,放熱器官,9,MVP_123,フロストストライクブロー,氷,物理,45,100,28,
091,ヘルゴート,炎/闇,280,ツメのかりうど,放熱器官,9,MV_168,スパークボルト,雷,物理,45,95,28,
091,ヘルゴート,炎/闇,280,ツメのかりうど,放熱器官,10,MVP_064,ボルトチャージパンチ,雷,物理,50,100,26,
091,ヘルゴート,炎/闇,280,ツメのかりうど,放熱器官,10,MVP_124,アイスリングパンチ,氷,物理,50,100,26,
091,ヘルゴート,炎/闇,280,ツメのかりうど,放熱器官,10,MV_182,ショックスティング,雷,物理,50,100,30,
091,ヘルゴート,炎/闇,280,ツメのかりうど,放熱器官,10,MV_189,フロストショット,氷,物理,50,100,30,
091,ヘルゴート,炎/闇,280,ツメのかりうど,放熱器官,10,poison_fog,ポイズンフォグ,闇,変化,0,100,10,
091,ヘルゴート,炎/闇,280,ツメのかりうど,放熱器官,11,MV_183,ライトニングスラスト,雷,物理,55,100,27,
091,ヘルゴート,炎/闇,280,ツメのかりうど,放熱器官,11,MV_190,アイスニードル,氷,物理,55,100,27,
091,ヘルゴート,炎/闇,280,ツメのかりうど,放熱器官,11,MV_211,フローズンブレード,氷,物理,55,95,26,
091B,アビスゴート,闇,285,ツメのかりうど,,3,mvn_067,ホワイトアイス,氷,特殊,15,85,36,
091B,アビスゴート,闇,285,ツメのかりうど,,4,mvs_dark_def_crit,ダークナイトアーマー,闇,変化,0,100,15,
091B,アビスゴート,闇,285,ツメのかりうど,,5,mvh_dark,シャドウバラージ,闇,物理,25,95,15,2〜5発
091B,アビスゴート,闇,285,ツメのかりうど,,6,MV_205,フロストネット,氷,特殊,30,95,28,
091B,アビスゴート,闇,285,ツメのかりうど,,6,ice_cutter,アイスカッター,氷,特殊,30,100,33,
091B,アビスゴート,闇,285,ツメのかりうど,,7,MV_121,シャドウピアス,闇,物理,35,100,34,
091B,アビスゴート,闇,285,ツメのかりうど,,7,MV_123,ダスクブレード,闇,物理,35,100,32,
091B,アビスゴート,闇,285,ツメのかりうど,,7,MV_187,アイスペブル,氷,物理,35,100,36,
091B,アビスゴート,闇,285,ツメのかりうど,,7,mvh_ice,トリプルアイスブレード,氷,物理,35,90,10,3発(発ごと命中)
091B,アビスゴート,闇,285,ツメのかりうど,,8,MVP_121,ホワイトアイスストライク,氷,物理,40,100,30,
091B,アビスゴート,闇,285,ツメのかりうど,,8,MV_124,シャドウステッチ,闇,物理,40,100,32,
091B,アビスゴート,闇,285,ツメのかりうど,,8,MV_125,ダークウェッジ,闇,物理,40,100,32,
091B,アビスゴート,闇,285,ツメのかりうど,,8,MV_188,アイスブレード,氷,物理,40,100,33,
091B,アビスゴート,闇,285,ツメのかりうど,,9,MVP_122,フリーズフィスト,氷,物理,45,100,28,
091B,アビスゴート,闇,285,ツメのかりうど,,9,MVP_123,フロストストライクブロー,氷,物理,45,100,28,
091B,アビスゴート,闇,285,ツメのかりうど,,9,MVP_161,ブラックミストストライク,闇,物理,45,100,30,
091B,アビスゴート,闇,285,ツメのかりうど,,9,MV_126,カースチェイン,闇,物理,45,100,32,
091B,アビスゴート,闇,285,ツメのかりうど,,9,mvn_073,フローズンクラウド,氷,特殊,45,100,24,
091B,アビスゴート,闇,285,ツメのかりうど,,10,MVP_124,アイスリングパンチ,氷,物理,50,100,26,
091B,アビスゴート,闇,285,ツメのかりうど,,10,MVP_162,シャドウストライクフィスト,闇,物理,50,100,28,
091B,アビスゴート,闇,285,ツメのかりうど,,10,MVP_163,カースブローパンチ,闇,物理,50,100,28,
091B,アビスゴート,闇,285,ツメのかりうど,,10,MV_189,フロストショット,氷,物理,50,100,30,
091B,アビスゴート,闇,285,ツメのかりうど,,10,mvs_ep_dark,アビスピーク,闇,変化,0,100,10,
091B,アビスゴート,闇,285,ツメのかりうど,,11,MV_190,アイスニードル,氷,物理,55,100,27,
091B,アビスゴート,闇,285,ツメのかりうど,,11,MV_211,フローズンブレード,氷,物理,55,95,26,
091B,アビスゴート,闇,285,ツメのかりうど,,12,MVP_125,チルスラスト,氷,物理,60,100,21,
091B,アビスゴート,闇,285,ツメのかりうど,,12,MV_195,アイスファング,氷,物理,60,95,24,
091B,アビスゴート,闇,285,ツメのかりうど,,13,MV_192,ブリザードブロー,氷,物理,65,100,21,
091B,アビスゴート,闇,285,ツメのかりうど,,13,MV_200,アイスブレードコンボ,氷,物理,65,100,21,
091B,アビスゴート,闇,285,ツメのかりうど,,14,MVP_126,アイスシャードフィスト,氷,物理,70,100,18,
091B,アビスゴート,闇,285,ツメのかりうど,,14,MVP_127,フローズンクラウドストライク,氷,物理,70,100,15,
091B,アビスゴート,闇,285,ツメのかりうど,,15,MVP_128,アイスヴェールブロー,氷,物理,75,90,11,
091B,アビスゴート,闇,285,ツメのかりうど,,15,MVP_129,フロストブロッサムパンチ,氷,物理,75,90,11,
092,カミナラシ,雷,220,チェイサー,,1,MV_176,ボルトルアー,雷,変化,0,100,15,
092,カミナラシ,雷,220,チェイサー,,3,mvn_056,グリーンリーフ,草,特殊,15,100,36,
092,カミナラシ,雷,220,チェイサー,,5,MV_285,グラスノット,草,特殊,25,100,28,
092,カミナラシ,雷,220,チェイサー,,5,mvn_060,グラスリング,草,特殊,25,100,28,
092,カミナラシ,雷,220,チェイサー,,6,mvn_059,フレッシュリーフ,草,特殊,30,100,30,
092,カミナラシ,雷,220,チェイサー,,7,MV_281,リーフブレード,草,物理,35,100,36,
092,カミナラシ,雷,220,チェイサー,,7,mvh_electric,トリプルボルトストライク,雷,物理,35,90,10,3発(発ごと命中)
092,カミナラシ,雷,220,チェイサー,,8,MVP_061,バイオレットボルトストライク,雷,物理,40,100,30,
092,カミナラシ,雷,220,チェイサー,,8,MVP_062,サンダーロアフィスト,雷,物理,40,100,28,
092,カミナラシ,雷,220,チェイサー,,8,MVP_101,グリーンリーフストライク,草,物理,40,100,30,
092,カミナラシ,雷,220,チェイサー,,8,MV_282,シードショット,草,物理,40,100,33,
092,カミナラシ,雷,220,チェイサー,,9,MVP_063,フラッシュボルトブロー,雷,物理,45,100,28,
092,カミナラシ,雷,220,チェイサー,,9,MVP_102,アイビーストライクフィスト,草,物理,45,100,28,
092,カミナラシ,雷,220,チェイサー,,9,MV_168,スパークボルト,雷,物理,45,95,28,
092,カミナラシ,雷,220,チェイサー,,9,MV_283,ヴァインウィップ,草,物理,45,100,33,
092,カミナラシ,雷,220,チェイサー,,9,mvn_061,ヴァーダントリーフ,草,特殊,45,100,26,
092,カミナラシ,雷,220,チェイサー,,9,spine_vine,スパインヴァイン,草,特殊,45,100,21,
092,カミナラシ,雷,220,チェイサー,,10,MVP_064,ボルトチャージパンチ,雷,物理,50,100,26,
092,カミナラシ,雷,220,チェイサー,,10,MVP_103,リーフヴェインブロー,草,物理,50,100,28,
092,カミナラシ,雷,220,チェイサー,,10,MVP_104,フレッシュリーフパンチ,草,物理,50,100,26,
092,カミナラシ,雷,220,チェイサー,,10,MV_182,ショックスティング,雷,物理,50,100,30,
092,カミナラシ,雷,220,チェイサー,,10,mvs_ep_electric,サンダーロアピーク,雷,変化,0,100,10,
092,カミナラシ,雷,220,チェイサー,,11,MV_183,ライトニングスラスト,雷,物理,55,100,27,
092,カミナラシ,雷,220,チェイサー,,11,MV_287,アイビーバインド,草,物理,55,100,27,
092,カミナラシ,雷,220,チェイサー,,11,MV_288,ソーンウィップ,草,物理,55,100,24,
092,カミナラシ,雷,220,チェイサー,,12,MVP_065,スイフトボルトスラスト,雷,物理,60,100,21,
092,カミナラシ,雷,220,チェイサー,,12,MVP_105,グラスリングスラスト,草,物理,60,100,21,
092,カミナラシ,雷,220,チェイサー,,12,MV_170,ディスチャージ,雷,物理,60,95,24,
092,カミナラシ,雷,220,チェイサー,,12,MV_296,ブライアウィップ,草,物理,60,100,21,
092,カミナラシ,雷,220,チェイサー,,13,MVP_106,ヴァーダントリーフフィスト,草,物理,65,100,18,
092,カミナラシ,雷,220,チェイサー,,13,MVP_107,リーフスウォームストライク,草,物理,65,100,15,
092,カミナラシ,雷,220,チェイサー,,14,MV_289,パワーウィップ,草,物理,70,100,12,
092,カミナラシ,雷,220,チェイサー,,14,MV_297,ティンバーストライク,草,物理,70,100,15,
092,カミナラシ,雷,220,チェイサー,,15,MVP_108,グラスヴェールブロー,草,物理,75,90,11,
092,カミナラシ,雷,220,チェイサー,,15,MVP_109,ヴァインブローパンチ,草,物理,75,90,11,
092,カミナラシ,雷,220,チェイサー,,16,MVP_110,グリーンアレイフィスト,草,物理,80,100,6,
092,カミナラシ,雷,220,チェイサー,,16,MVP_111,リーフハイドストライク,草,物理,80,90,8,
092B,ヤミナラシ,闇/雷,225,チェイサー,,3,mvn_056,グリーンリーフ,草,特殊,15,100,36,
092B,ヤミナラシ,闇/雷,225,チェイサー,,3,mvn_067,ホワイトアイス,氷,特殊,15,85,36,
092B,ヤミナラシ,闇/雷,225,チェイサー,,5,MV_285,グラスノット,草,特殊,25,100,28,
092B,ヤミナラシ,闇/雷,225,チェイサー,,5,mvh_dark,シャドウバラージ,闇,物理,25,95,15,2〜5発
092B,ヤミナラシ,闇/雷,225,チェイサー,,5,mvn_060,グラスリング,草,特殊,25,100,28,
092B,ヤミナラシ,闇/雷,225,チェイサー,,6,MV_205,フロストネット,氷,特殊,30,95,28,
092B,ヤミナラシ,闇/雷,225,チェイサー,,6,ice_cutter,アイスカッター,氷,特殊,30,100,33,
092B,ヤミナラシ,闇/雷,225,チェイサー,,6,mvn_059,フレッシュリーフ,草,特殊,30,100,30,
092B,ヤミナラシ,闇/雷,225,チェイサー,,7,MV_121,シャドウピアス,闇,物理,35,100,34,
092B,ヤミナラシ,闇/雷,225,チェイサー,,7,MV_123,ダスクブレード,闇,物理,35,100,32,
092B,ヤミナラシ,闇/雷,225,チェイサー,,7,MV_187,アイスペブル,氷,物理,35,100,36,
092B,ヤミナラシ,闇/雷,225,チェイサー,,7,MV_281,リーフブレード,草,物理,35,100,36,
092B,ヤミナラシ,闇/雷,225,チェイサー,,7,mvh_electric,トリプルボルトストライク,雷,物理,35,90,10,3発(発ごと命中)
092B,ヤミナラシ,闇/雷,225,チェイサー,,7,mvh_ice,トリプルアイスブレード,氷,物理,35,90,10,3発(発ごと命中)
092B,ヤミナラシ,闇/雷,225,チェイサー,,7,mvw_fog,フォグヴェール,闇,変化,0,100,16,
092B,ヤミナラシ,闇/雷,225,チェイサー,,8,MVP_061,バイオレットボルトストライク,雷,物理,40,100,30,
092B,ヤミナラシ,闇/雷,225,チェイサー,,8,MVP_062,サンダーロアフィスト,雷,物理,40,100,28,
092B,ヤミナラシ,闇/雷,225,チェイサー,,8,MVP_101,グリーンリーフストライク,草,物理,40,100,30,
092B,ヤミナラシ,闇/雷,225,チェイサー,,8,MVP_121,ホワイトアイスストライク,氷,物理,40,100,30,
092B,ヤミナラシ,闇/雷,225,チェイサー,,8,MV_124,シャドウステッチ,闇,物理,40,100,32,
092B,ヤミナラシ,闇/雷,225,チェイサー,,8,MV_125,ダークウェッジ,闇,物理,40,100,32,
092B,ヤミナラシ,闇/雷,225,チェイサー,,8,MV_188,アイスブレード,氷,物理,40,100,33,
092B,ヤミナラシ,闇/雷,225,チェイサー,,8,MV_282,シードショット,草,物理,40,100,33,
092B,ヤミナラシ,闇/雷,225,チェイサー,,9,MVP_063,フラッシュボルトブロー,雷,物理,45,100,28,
092B,ヤミナラシ,闇/雷,225,チェイサー,,9,MVP_102,アイビーストライクフィスト,草,物理,45,100,28,
092B,ヤミナラシ,闇/雷,225,チェイサー,,9,MVP_122,フリーズフィスト,氷,物理,45,100,28,
092B,ヤミナラシ,闇/雷,225,チェイサー,,9,MVP_123,フロストストライクブロー,氷,物理,45,100,28,
092B,ヤミナラシ,闇/雷,225,チェイサー,,9,MVP_161,ブラックミストストライク,闇,物理,45,100,30,
092B,ヤミナラシ,闇/雷,225,チェイサー,,9,MV_283,ヴァインウィップ,草,物理,45,100,33,
092B,ヤミナラシ,闇/雷,225,チェイサー,,10,MVP_103,リーフヴェインブロー,草,物理,50,100,28,
092B,ヤミナラシ,闇/雷,225,チェイサー,,10,MVP_104,フレッシュリーフパンチ,草,物理,50,100,26,
092B,ヤミナラシ,闇/雷,225,チェイサー,,10,MVP_124,アイスリングパンチ,氷,物理,50,100,26,
092B,ヤミナラシ,闇/雷,225,チェイサー,,10,MV_189,フロストショット,氷,物理,50,100,30,
092B,ヤミナラシ,闇/雷,225,チェイサー,,11,MV_190,アイスニードル,氷,物理,55,100,27,
092B,ヤミナラシ,闇/雷,225,チェイサー,,11,MV_211,フローズンブレード,氷,物理,55,95,26,
092B,ヤミナラシ,闇/雷,225,チェイサー,,11,MV_287,アイビーバインド,草,物理,55,100,27,
092B,ヤミナラシ,闇/雷,225,チェイサー,,11,MV_288,ソーンウィップ,草,物理,55,100,24,
092B,ヤミナラシ,闇/雷,225,チェイサー,,12,MVP_105,グラスリングスラスト,草,物理,60,100,21,
093,サラブレイズ,炎,285,かげろうボディ,放熱器官,3,mvn_034,バイオレットボルト,雷,特殊,15,85,36,
093,サラブレイズ,炎,285,かげろうボディ,放熱器官,4,mvs_fire_atk_evasion,フレイムステップ,炎,変化,0,100,15,
093,サラブレイズ,炎,285,かげろうボディ,放熱器官,5,MV_185,ボルトライトバレット,雷,特殊,25,100,33,
093,サラブレイズ,炎,285,かげろうボディ,放熱器官,6,shockwave,ショックウェーブ,雷,特殊,30,100,36,
093,サラブレイズ,炎,285,かげろうボディ,放熱器官,7,MVP_021,クリムゾンストライク,炎,物理,35,100,30,
093,サラブレイズ,炎,285,かげろうボディ,放熱器官,7,MV_233,シンダー,炎,物理,35,95,32,
093,サラブレイズ,炎,285,かげろうボディ,放熱器官,7,mvh_electric,トリプルボルトストライク,雷,物理,35,90,10,3発(発ごと命中)
093,サラブレイズ,炎,285,かげろうボディ,放熱器官,7,mvw_sunny,サンライトソング,炎,変化,0,100,16,
093,サラブレイズ,炎,285,かげろうボディ,放熱器官,8,MVP_022,スコーチフィスト,炎,物理,40,100,28,
093,サラブレイズ,炎,285,かげろうボディ,放熱器官,8,MVP_023,フォスファーブロー,炎,物理,40,100,28,
093,サラブレイズ,炎,285,かげろうボディ,放熱器官,8,MVP_061,バイオレットボルトストライク,雷,物理,40,100,30,
093,サラブレイズ,炎,285,かげろうボディ,放熱器官,8,MVP_062,サンダーロアフィスト,雷,物理,40,100,28,
093,サラブレイズ,炎,285,かげろうボディ,放熱器官,8,lock_on_laser,ロックオンレーザー,雷,特殊,40,100,30,
093,サラブレイズ,炎,285,かげろうボディ,放熱器官,9,MVP_024,ロースパンチ,炎,物理,45,100,26,
093,サラブレイズ,炎,285,かげろうボディ,放熱器官,9,MVP_063,フラッシュボルトブロー,雷,物理,45,100,28,
093,サラブレイズ,炎,285,かげろうボディ,放熱器官,9,MV_168,スパークボルト,雷,物理,45,95,28,
093,サラブレイズ,炎,285,かげろうボディ,放熱器官,9,MV_236,フレイムクロー,炎,物理,45,95,26,
093,サラブレイズ,炎,285,かげろうボディ,放熱器官,9,mvn_040,ボルトトレイル,雷,特殊,45,100,24,
093,サラブレイズ,炎,285,かげろうボディ,放熱器官,10,MVP_064,ボルトチャージパンチ,雷,物理,50,100,26,
093,サラブレイズ,炎,285,かげろうボディ,放熱器官,10,MV_182,ショックスティング,雷,物理,50,100,30,
093,サラブレイズ,炎,285,かげろうボディ,放熱器官,10,MV_246,フレイムファング,炎,物理,50,95,26,
093,サラブレイズ,炎,285,かげろうボディ,放熱器官,10,MV_250,フレイムスラスト,炎,物理,50,100,27,
093,サラブレイズ,炎,285,かげろうボディ,放熱器官,11,MV_183,ライトニングスラスト,雷,物理,55,100,27,
093,サラブレイズ,炎,285,かげろうボディ,放熱器官,11,MV_237,ブレイズスラッシュ,炎,物理,55,95,24,
093,サラブレイズ,炎,285,かげろうボディ,放熱器官,12,MVP_065,スイフトボルトスラスト,雷,物理,60,100,21,
093,サラブレイズ,炎,285,かげろうボディ,放熱器官,12,MV_170,ディスチャージ,雷,物理,60,95,24,
093,サラブレイズ,炎,285,かげろうボディ,放熱器官,13,MVP_066,ボルトリングフィスト,雷,物理,65,100,18,
093,サラブレイズ,炎,285,かげろうボディ,放熱器官,14,MVP_067,ボルトトレイルストライク,雷,物理,70,100,15,
093,サラブレイズ,炎,285,かげろうボディ,放熱器官,15,MVP_068,スタティックブロー,雷,物理,75,90,11,
093,サラブレイズ,炎,285,かげろうボディ,放熱器官,15,MVP_069,ボルトコアパンチ,雷,物理,75,90,11,
093,サラブレイズ,炎,285,かげろうボディ,放熱器官,16,MVP_070,ボルトフラッシュスラスト,雷,物理,80,100,6,
093,サラブレイズ,炎,285,かげろうボディ,放熱器官,16,MVP_071,ボルトグレインフィスト,雷,物理,80,90,8,
093B,サラブラック,炎/闇,285,フェーン,放熱器官,3,mvn_034,バイオレットボルト,雷,特殊,15,85,36,
093B,サラブラック,炎/闇,285,フェーン,放熱器官,3,mvn_067,ホワイトアイス,氷,特殊,15,85,36,
093B,サラブラック,炎/闇,285,フェーン,放熱器官,4,mvs_dark_def_crit,ダークナイトアーマー,闇,変化,0,100,15,
093B,サラブラック,炎/闇,285,フェーン,放熱器官,5,MV_185,ボルトライトバレット,雷,特殊,25,100,33,
093B,サラブラック,炎/闇,285,フェーン,放熱器官,5,mvh_dark,シャドウバラージ,闇,物理,25,95,15,2〜5発
093B,サラブラック,炎/闇,285,フェーン,放熱器官,6,MV_205,フロストネット,氷,特殊,30,95,28,
093B,サラブラック,炎/闇,285,フェーン,放熱器官,6,ice_cutter,アイスカッター,氷,特殊,30,100,33,
093B,サラブラック,炎/闇,285,フェーン,放熱器官,6,shockwave,ショックウェーブ,雷,特殊,30,100,36,
093B,サラブラック,炎/闇,285,フェーン,放熱器官,7,MVP_021,クリムゾンストライク,炎,物理,35,100,30,
093B,サラブラック,炎/闇,285,フェーン,放熱器官,7,MV_121,シャドウピアス,闇,物理,35,100,34,
093B,サラブラック,炎/闇,285,フェーン,放熱器官,7,MV_123,ダスクブレード,闇,物理,35,100,32,
093B,サラブラック,炎/闇,285,フェーン,放熱器官,7,MV_187,アイスペブル,氷,物理,35,100,36,
093B,サラブラック,炎/闇,285,フェーン,放熱器官,7,MV_233,シンダー,炎,物理,35,95,32,
093B,サラブラック,炎/闇,285,フェーン,放熱器官,7,mvh_electric,トリプルボルトストライク,雷,物理,35,90,10,3発(発ごと命中)
093B,サラブラック,炎/闇,285,フェーン,放熱器官,7,mvh_ice,トリプルアイスブレード,氷,物理,35,90,10,3発(発ごと命中)
093B,サラブラック,炎/闇,285,フェーン,放熱器官,8,MVP_022,スコーチフィスト,炎,物理,40,100,28,
093B,サラブラック,炎/闇,285,フェーン,放熱器官,8,MVP_023,フォスファーブロー,炎,物理,40,100,28,
093B,サラブラック,炎/闇,285,フェーン,放熱器官,8,MVP_061,バイオレットボルトストライク,雷,物理,40,100,30,
093B,サラブラック,炎/闇,285,フェーン,放熱器官,8,MVP_062,サンダーロアフィスト,雷,物理,40,100,28,
093B,サラブラック,炎/闇,285,フェーン,放熱器官,8,MVP_121,ホワイトアイスストライク,氷,物理,40,100,30,
093B,サラブラック,炎/闇,285,フェーン,放熱器官,8,MV_124,シャドウステッチ,闇,物理,40,100,32,
093B,サラブラック,炎/闇,285,フェーン,放熱器官,8,MV_125,ダークウェッジ,闇,物理,40,100,32,
093B,サラブラック,炎/闇,285,フェーン,放熱器官,8,MV_188,アイスブレード,氷,物理,40,100,33,
093B,サラブラック,炎/闇,285,フェーン,放熱器官,9,MVP_063,フラッシュボルトブロー,雷,物理,45,100,28,
093B,サラブラック,炎/闇,285,フェーン,放熱器官,9,MVP_122,フリーズフィスト,氷,物理,45,100,28,
093B,サラブラック,炎/闇,285,フェーン,放熱器官,9,MVP_123,フロストストライクブロー,氷,物理,45,100,28,
093B,サラブラック,炎/闇,285,フェーン,放熱器官,9,MV_168,スパークボルト,雷,物理,45,95,28,
093B,サラブラック,炎/闇,285,フェーン,放熱器官,10,MVP_064,ボルトチャージパンチ,雷,物理,50,100,26,
093B,サラブラック,炎/闇,285,フェーン,放熱器官,10,MVP_124,アイスリングパンチ,氷,物理,50,100,26,
093B,サラブラック,炎/闇,285,フェーン,放熱器官,10,MV_182,ショックスティング,雷,物理,50,100,30,
093B,サラブラック,炎/闇,285,フェーン,放熱器官,10,MV_189,フロストショット,氷,物理,50,100,30,
093B,サラブラック,炎/闇,285,フェーン,放熱器官,10,mvs_ep_dark,アビスピーク,闇,変化,0,100,10,
093B,サラブラック,炎/闇,285,フェーン,放熱器官,11,MV_183,ライトニングスラスト,雷,物理,55,100,27,
093B,サラブラック,炎/闇,285,フェーン,放熱器官,11,MV_190,アイスニードル,氷,物理,55,100,27,
093B,サラブラック,炎/闇,285,フェーン,放熱器官,11,MV_211,フローズンブレード,氷,物理,55,95,26,
094,ペコドン,竜/水,345,竜式,潜航,3,air_cannon,エアーキャノン,無,特殊,15,100,42,
094,ペコドン,竜/水,345,竜式,潜航,3,mvn_012,クリムゾン,炎,特殊,15,85,36,
094,ペコドン,竜/水,345,竜式,潜航,3,mvn_045,クロッド,地,特殊,15,100,36,
094,ペコドン,竜/水,345,竜式,潜航,4,MV_247,ファイアスフィア,炎,特殊,20,100,30,
094,ペコドン,竜/水,345,竜式,潜航,4,MV_280,サンドバインド,地,特殊,20,100,28,
094,ペコドン,竜/水,345,竜式,潜航,5,MV_160,クリティカルエイム,無,特殊,25,100,28,
094,ペコドン,竜/水,345,竜式,潜航,5,mvh_ground,ロックバラージブロー,地,物理,25,95,15,2〜5発
094,ペコドン,竜/水,345,竜式,潜航,5,mvh_water,タービュレントラッシュ,水,物理,25,95,15,2〜5発
094,ペコドン,竜/水,345,竜式,潜航,6,MVP_001,ホワイトストライク,無,物理,30,100,30,
094,ペコドン,竜/水,345,竜式,潜航,6,MV_137,バックフィスト,無,物理,30,100,36,
094,ペコドン,竜/水,345,竜式,潜航,7,MVP_021,クリムゾンストライク,炎,物理,35,100,30,
094,ペコドン,竜/水,345,竜式,潜航,7,MV_138,ダブルスラスト,無,物理,35,100,33,
094,ペコドン,竜/水,345,竜式,潜航,7,MV_139,テイルスイープ,無,物理,35,100,33,
094,ペコドン,竜/水,345,竜式,潜航,7,MV_212,ウォーターガン,水,物理,35,100,36,
094,ペコドン,竜/水,345,竜式,潜航,7,MV_233,シンダー,炎,物理,35,95,32,
094,ペコドン,竜/水,345,竜式,潜航,7,MV_256,ストーンペブル,地,物理,35,100,36,
094,ペコドン,竜/水,345,竜式,潜航,7,mvs_big_water,ラピッドストリームスタンス,水,変化,0,100,10,
094,ペコドン,竜/水,345,竜式,潜航,8,MVP_022,スコーチフィスト,炎,物理,40,100,28,
094,ペコドン,竜/水,345,竜式,潜航,8,MVP_023,フォスファーブロー,炎,物理,40,100,28,
094,ペコドン,竜/水,345,竜式,潜航,8,MVP_041,クリアストリームストライク,水,物理,40,100,30,
094,ペコドン,竜/水,345,竜式,潜航,8,MVP_081,クロッドストライク,地,物理,40,100,30,
094,ペコドン,竜/水,345,竜式,潜航,8,MV_140,ヘッドバット,無,物理,40,100,33,
094,ペコドン,竜/水,345,竜式,潜航,8,MV_141,スピンタックル,無,物理,40,100,33,
094,ペコドン,竜/水,345,竜式,潜航,8,MV_260,ブラインドサンド,地,物理,40,100,32,
094,ペコドン,竜/水,345,竜式,潜航,9,MVP_024,ロースパンチ,炎,物理,45,100,26,
094,ペコドン,竜/水,345,竜式,潜航,9,MVP_042,ミラーウォーターブロー,水,物理,45,100,28,
094,ペコドン,竜/水,345,竜式,潜航,9,MVP_141,ドラゴンファングストライク,竜,物理,45,100,30,
094,ペコドン,竜/水,345,竜式,潜航,9,MV_142,フライングキック,無,物理,45,100,33,
094,ペコドン,竜/水,345,竜式,潜航,9,MV_143,ブラントエッジ,無,物理,45,100,33,
094,ペコドン,竜/水,345,竜式,潜航,9,MV_214,バブルバラージ,水,物理,45,100,33,
094,ペコドン,竜/水,345,竜式,潜航,9,MV_236,フレイムクロー,炎,物理,45,95,26,
094,ペコドン,竜/水,345,竜式,潜航,9,MV_257,ロックバレット,地,物理,45,100,33,
094B,パリピドン,竜/雷,350,ハードアーマー,,3,air_cannon,エアーキャノン,無,特殊,15,100,42,
094B,パリピドン,竜/雷,350,ハードアーマー,,3,mvn_012,クリムゾン,炎,特殊,15,85,36,
094B,パリピドン,竜/雷,350,ハードアーマー,,3,mvn_056,グリーンリーフ,草,特殊,15,100,36,
094B,パリピドン,竜/雷,350,ハードアーマー,,4,MV_247,ファイアスフィア,炎,特殊,20,100,30,
094B,パリピドン,竜/雷,350,ハードアーマー,,4,mvs_electric_evasion_crit,ボルトミラージュ,雷,変化,0,100,15,
094B,パリピドン,竜/雷,350,ハードアーマー,,5,MV_160,クリティカルエイム,無,特殊,25,100,28,
094B,パリピドン,竜/雷,350,ハードアーマー,,5,MV_285,グラスノット,草,特殊,25,100,28,
094B,パリピドン,竜/雷,350,ハードアーマー,,6,MVP_001,ホワイトストライク,無,物理,30,100,30,
094B,パリピドン,竜/雷,350,ハードアーマー,,6,MV_137,バックフィスト,無,物理,30,100,36,
094B,パリピドン,竜/雷,350,ハードアーマー,,7,MVP_021,クリムゾンストライク,炎,物理,35,100,30,
094B,パリピドン,竜/雷,350,ハードアーマー,,7,MV_138,ダブルスラスト,無,物理,35,100,33,
094B,パリピドン,竜/雷,350,ハードアーマー,,7,MV_139,テイルスイープ,無,物理,35,100,33,
094B,パリピドン,竜/雷,350,ハードアーマー,,7,MV_233,シンダー,炎,物理,35,95,32,
094B,パリピドン,竜/雷,350,ハードアーマー,,7,MV_281,リーフブレード,草,物理,35,100,36,
094B,パリピドン,竜/雷,350,ハードアーマー,,7,mvh_electric,トリプルボルトストライク,雷,物理,35,90,10,3発(発ごと命中)
094B,パリピドン,竜/雷,350,ハードアーマー,,8,MVP_022,スコーチフィスト,炎,物理,40,100,28,
094B,パリピドン,竜/雷,350,ハードアーマー,,8,MVP_023,フォスファーブロー,炎,物理,40,100,28,
094B,パリピドン,竜/雷,350,ハードアーマー,,8,MVP_061,バイオレットボルトストライク,雷,物理,40,100,30,
094B,パリピドン,竜/雷,350,ハードアーマー,,8,MVP_062,サンダーロアフィスト,雷,物理,40,100,28,
094B,パリピドン,竜/雷,350,ハードアーマー,,8,MVP_101,グリーンリーフストライク,草,物理,40,100,30,
094B,パリピドン,竜/雷,350,ハードアーマー,,8,MV_140,ヘッドバット,無,物理,40,100,33,
094B,パリピドン,竜/雷,350,ハードアーマー,,8,MV_141,スピンタックル,無,物理,40,100,33,
094B,パリピドン,竜/雷,350,ハードアーマー,,8,MV_282,シードショット,草,物理,40,100,33,
094B,パリピドン,竜/雷,350,ハードアーマー,,9,MVP_024,ロースパンチ,炎,物理,45,100,26,
094B,パリピドン,竜/雷,350,ハードアーマー,,9,MVP_063,フラッシュボルトブロー,雷,物理,45,100,28,
094B,パリピドン,竜/雷,350,ハードアーマー,,9,MVP_102,アイビーストライクフィスト,草,物理,45,100,28,
094B,パリピドン,竜/雷,350,ハードアーマー,,9,MVP_141,ドラゴンファングストライク,竜,物理,45,100,30,
094B,パリピドン,竜/雷,350,ハードアーマー,,9,MV_142,フライングキック,無,物理,45,100,33,
094B,パリピドン,竜/雷,350,ハードアーマー,,9,MV_143,ブラントエッジ,無,物理,45,100,33,
094B,パリピドン,竜/雷,350,ハードアーマー,,9,MV_168,スパークボルト,雷,物理,45,95,28,
094B,パリピドン,竜/雷,350,ハードアーマー,,9,MV_236,フレイムクロー,炎,物理,45,95,26,
095,フブキツネ,氷,290,ゆきすべり,,3,mvn_023,クリアストリーム,水,特殊,15,100,36,
095,フブキツネ,氷,290,ゆきすべり,,4,mvs_ice_atk_evasion,グレイシャーステップ,氷,変化,0,100,15,
095,フブキツネ,氷,290,ゆきすべり,,5,aqua_gun,アクアショット,水,特殊,25,100,36,
095,フブキツネ,氷,290,ゆきすべり,,5,mvh_water,タービュレントラッシュ,水,物理,25,95,15,2〜5発
095,フブキツネ,氷,290,ゆきすべり,,7,MV_187,アイスペブル,氷,物理,35,100,36,
095,フブキツネ,氷,290,ゆきすべり,,7,MV_212,ウォーターガン,水,物理,35,100,36,
095,フブキツネ,氷,290,ゆきすべり,,7,MV_215,ウォーターカッター,水,特殊,35,100,30,
095,フブキツネ,氷,290,ゆきすべり,,7,mvh_ice,トリプルアイスブレード,氷,物理,35,90,10,3発(発ごと命中)
095,フブキツネ,氷,290,ゆきすべり,,7,mvw_snow,スノーダンス,氷,変化,0,100,16,
095,フブキツネ,氷,290,ゆきすべり,,8,MVP_041,クリアストリームストライク,水,物理,40,100,30,
095,フブキツネ,氷,290,ゆきすべり,,8,MVP_121,ホワイトアイスストライク,氷,物理,40,100,30,
095,フブキツネ,氷,290,ゆきすべり,,8,MV_188,アイスブレード,氷,物理,40,100,33,
095,フブキツネ,氷,290,ゆきすべり,,9,MVP_042,ミラーウォーターブロー,水,物理,45,100,28,
095,フブキツネ,氷,290,ゆきすべり,,9,MVP_122,フリーズフィスト,氷,物理,45,100,28,
095,フブキツネ,氷,290,ゆきすべり,,9,MVP_123,フロストストライクブロー,氷,物理,45,100,28,
095,フブキツネ,氷,290,ゆきすべり,,9,MV_214,バブルバラージ,水,物理,45,100,33,
095,フブキツネ,氷,290,ゆきすべり,,9,mvn_028,スプラッシュ,水,特殊,45,100,26,
095,フブキツネ,氷,290,ゆきすべり,,10,MVP_043,サーフサウンドフィスト,水,物理,50,100,28,
095,フブキツネ,氷,290,ゆきすべり,,10,MVP_044,ドロップストライクパンチ,水,物理,50,100,26,
095,フブキツネ,氷,290,ゆきすべり,,10,MVP_124,アイスリングパンチ,氷,物理,50,100,26,
095,フブキツネ,氷,290,ゆきすべり,,10,MV_189,フロストショット,氷,物理,50,100,30,
095,フブキツネ,氷,290,ゆきすべり,,11,MV_190,アイスニードル,氷,物理,55,100,27,
095,フブキツネ,氷,290,ゆきすべり,,11,MV_216,ウォーターブレード,水,物理,55,100,27,
095,フブキツネ,氷,290,ゆきすべり,,11,MV_221,ストリームコンボ,水,物理,55,100,27,
095,フブキツネ,氷,290,ゆきすべり,,12,MV_222,ミラーウォータースラッシュ,水,物理,60,100,24,
095,フブキツネ,氷,290,ゆきすべり,,12,MV_227,アクアジェット,水,物理,60,100,27,
095,フブキツネ,氷,290,ゆきすべり,,13,MVP_045,ウォーターリングスラスト,水,物理,65,100,21,
095,フブキツネ,氷,290,ゆきすべり,,13,MV_230,アクアファング,水,物理,65,100,24,
095,フブキツネ,氷,290,ゆきすべり,,14,MVP_046,スプラッシュフィスト,水,物理,70,100,18,
095,フブキツネ,氷,290,ゆきすべり,,14,MVP_047,ウォーターヴェインストライク,水,物理,70,100,15,
095,フブキツネ,氷,290,ゆきすべり,,15,MVP_048,アズールウェーブブロー,水,物理,75,90,11,
095,フブキツネ,氷,290,ゆきすべり,,15,MVP_049,ドロップレットパンチ,水,物理,75,90,11,
095,フブキツネ,氷,290,ゆきすべり,,16,MVP_050,アクアヴェールフィスト,水,物理,80,100,6,
096,ライバード,雷,300,雷のおしえ,飛行,1,MV_176,ボルトルアー,雷,変化,0,100,15,
096,ライバード,雷,300,雷のおしえ,飛行,3,mvn_056,グリーンリーフ,草,特殊,15,100,36,
096,ライバード,雷,300,雷のおしえ,飛行,5,MV_285,グラスノット,草,特殊,25,100,28,
096,ライバード,雷,300,雷のおしえ,飛行,5,mvn_060,グラスリング,草,特殊,25,100,28,
096,ライバード,雷,300,雷のおしえ,飛行,6,mvn_059,フレッシュリーフ,草,特殊,30,100,30,
096,ライバード,雷,300,雷のおしえ,飛行,7,MV_281,リーフブレード,草,物理,35,100,36,
096,ライバード,雷,300,雷のおしえ,飛行,7,mvh_electric,トリプルボルトストライク,雷,物理,35,90,10,3発(発ごと命中)
096,ライバード,雷,300,雷のおしえ,飛行,8,MVP_061,バイオレットボルトストライク,雷,物理,40,100,30,
096,ライバード,雷,300,雷のおしえ,飛行,8,MVP_062,サンダーロアフィスト,雷,物理,40,100,28,
096,ライバード,雷,300,雷のおしえ,飛行,8,MVP_101,グリーンリーフストライク,草,物理,40,100,30,
096,ライバード,雷,300,雷のおしえ,飛行,8,MV_282,シードショット,草,物理,40,100,33,
096,ライバード,雷,300,雷のおしえ,飛行,9,MVP_063,フラッシュボルトブロー,雷,物理,45,100,28,
096,ライバード,雷,300,雷のおしえ,飛行,9,MVP_102,アイビーストライクフィスト,草,物理,45,100,28,
096,ライバード,雷,300,雷のおしえ,飛行,9,MV_168,スパークボルト,雷,物理,45,95,28,
096,ライバード,雷,300,雷のおしえ,飛行,9,MV_283,ヴァインウィップ,草,物理,45,100,33,
096,ライバード,雷,300,雷のおしえ,飛行,9,mvn_061,ヴァーダントリーフ,草,特殊,45,100,26,
096,ライバード,雷,300,雷のおしえ,飛行,9,spine_vine,スパインヴァイン,草,特殊,45,100,21,
096,ライバード,雷,300,雷のおしえ,飛行,10,MVP_064,ボルトチャージパンチ,雷,物理,50,100,26,
096,ライバード,雷,300,雷のおしえ,飛行,10,MVP_103,リーフヴェインブロー,草,物理,50,100,28,
096,ライバード,雷,300,雷のおしえ,飛行,10,MVP_104,フレッシュリーフパンチ,草,物理,50,100,26,
096,ライバード,雷,300,雷のおしえ,飛行,10,MV_182,ショックスティング,雷,物理,50,100,30,
096,ライバード,雷,300,雷のおしえ,飛行,10,mvs_ep_electric,サンダーロアピーク,雷,変化,0,100,10,
096,ライバード,雷,300,雷のおしえ,飛行,11,MV_183,ライトニングスラスト,雷,物理,55,100,27,
096,ライバード,雷,300,雷のおしえ,飛行,11,MV_287,アイビーバインド,草,物理,55,100,27,
096,ライバード,雷,300,雷のおしえ,飛行,11,MV_288,ソーンウィップ,草,物理,55,100,24,
096,ライバード,雷,300,雷のおしえ,飛行,12,MVP_065,スイフトボルトスラスト,雷,物理,60,100,21,
096,ライバード,雷,300,雷のおしえ,飛行,12,MVP_105,グラスリングスラスト,草,物理,60,100,21,
096,ライバード,雷,300,雷のおしえ,飛行,12,MV_296,ブライアウィップ,草,物理,60,100,21,
096,ライバード,雷,300,雷のおしえ,飛行,13,MVP_106,ヴァーダントリーフフィスト,草,物理,65,100,18,
096,ライバード,雷,300,雷のおしえ,飛行,13,MVP_107,リーフスウォームストライク,草,物理,65,100,15,
096,ライバード,雷,300,雷のおしえ,飛行,14,MV_289,パワーウィップ,草,物理,70,100,12,
096,ライバード,雷,300,雷のおしえ,飛行,14,MV_297,ティンバーストライク,草,物理,70,100,15,
096,ライバード,雷,300,雷のおしえ,飛行,15,MVP_108,グラスヴェールブロー,草,物理,75,90,11,
096,ライバード,雷,300,雷のおしえ,飛行,15,MVP_109,ヴァインブローパンチ,草,物理,75,90,11,
096B,チルバード,氷,305,氷のおしえ,飛行,3,mvn_023,クリアストリーム,水,特殊,15,100,36,
096B,チルバード,氷,305,氷のおしえ,飛行,4,mvs_ice_atk_crit,グレイシャーファングスタンス,氷,変化,0,100,15,
096B,チルバード,氷,305,氷のおしえ,飛行,5,aqua_gun,アクアショット,水,特殊,25,100,36,
096B,チルバード,氷,305,氷のおしえ,飛行,5,mvh_water,タービュレントラッシュ,水,物理,25,95,15,2〜5発
096B,チルバード,氷,305,氷のおしえ,飛行,7,MV_187,アイスペブル,氷,物理,35,100,36,
096B,チルバード,氷,305,氷のおしえ,飛行,7,MV_212,ウォーターガン,水,物理,35,100,36,
096B,チルバード,氷,305,氷のおしえ,飛行,7,MV_215,ウォーターカッター,水,特殊,35,100,30,
096B,チルバード,氷,305,氷のおしえ,飛行,7,mvh_ice,トリプルアイスブレード,氷,物理,35,90,10,3発(発ごと命中)
096B,チルバード,氷,305,氷のおしえ,飛行,8,MVP_041,クリアストリームストライク,水,物理,40,100,30,
096B,チルバード,氷,305,氷のおしえ,飛行,8,MVP_121,ホワイトアイスストライク,氷,物理,40,100,30,
096B,チルバード,氷,305,氷のおしえ,飛行,8,MV_188,アイスブレード,氷,物理,40,100,33,
096B,チルバード,氷,305,氷のおしえ,飛行,9,MVP_042,ミラーウォーターブロー,水,物理,45,100,28,
096B,チルバード,氷,305,氷のおしえ,飛行,9,MVP_122,フリーズフィスト,氷,物理,45,100,28,
096B,チルバード,氷,305,氷のおしえ,飛行,9,MVP_123,フロストストライクブロー,氷,物理,45,100,28,
096B,チルバード,氷,305,氷のおしえ,飛行,9,MV_214,バブルバラージ,水,物理,45,100,33,
096B,チルバード,氷,305,氷のおしえ,飛行,9,mvn_028,スプラッシュ,水,特殊,45,100,26,
096B,チルバード,氷,305,氷のおしえ,飛行,10,MVP_043,サーフサウンドフィスト,水,物理,50,100,28,
096B,チルバード,氷,305,氷のおしえ,飛行,10,MVP_044,ドロップストライクパンチ,水,物理,50,100,26,
096B,チルバード,氷,305,氷のおしえ,飛行,10,MVP_124,アイスリングパンチ,氷,物理,50,100,26,
096B,チルバード,氷,305,氷のおしえ,飛行,10,MV_189,フロストショット,氷,物理,50,100,30,
096B,チルバード,氷,305,氷のおしえ,飛行,10,mvs_ep_ice,フリーズピーク,氷,変化,0,100,10,
096B,チルバード,氷,305,氷のおしえ,飛行,11,MV_190,アイスニードル,氷,物理,55,100,27,
096B,チルバード,氷,305,氷のおしえ,飛行,11,MV_216,ウォーターブレード,水,物理,55,100,27,
096B,チルバード,氷,305,氷のおしえ,飛行,11,MV_221,ストリームコンボ,水,物理,55,100,27,
096B,チルバード,氷,305,氷のおしえ,飛行,12,MV_222,ミラーウォータースラッシュ,水,物理,60,100,24,
096B,チルバード,氷,305,氷のおしえ,飛行,12,MV_227,アクアジェット,水,物理,60,100,27,
096B,チルバード,氷,305,氷のおしえ,飛行,13,MVP_045,ウォーターリングスラスト,水,物理,65,100,21,
096B,チルバード,氷,305,氷のおしえ,飛行,13,MV_230,アクアファング,水,物理,65,100,24,
096B,チルバード,氷,305,氷のおしえ,飛行,14,MVP_046,スプラッシュフィスト,水,物理,70,100,18,
096B,チルバード,氷,305,氷のおしえ,飛行,14,MVP_047,ウォーターヴェインストライク,水,物理,70,100,15,
096B,チルバード,氷,305,氷のおしえ,飛行,15,MVP_048,アズールウェーブブロー,水,物理,75,90,11,
096B,チルバード,氷,305,氷のおしえ,飛行,15,MVP_049,ドロップレットパンチ,水,物理,75,90,11,
097,アンドーン,闇/水,320,闇のきずな,潜航,1,MV_232,クリアストリームスタンス,水,変化,0,100,15,
097,アンドーン,闇/水,320,闇のきずな,潜航,3,air_cannon,エアーキャノン,無,特殊,15,100,42,
097,アンドーン,闇/水,320,闇のきずな,潜航,3,mvn_045,クロッド,地,特殊,15,100,36,
097,アンドーン,闇/水,320,闇のきずな,潜航,3,mvn_067,ホワイトアイス,氷,特殊,15,85,36,
097,アンドーン,闇/水,320,闇のきずな,潜航,4,MV_129,ネザーコール,闇,変化,0,100,15,
097,アンドーン,闇/水,320,闇のきずな,潜航,4,MV_280,サンドバインド,地,特殊,20,100,28,
097,アンドーン,闇/水,320,闇のきずな,潜航,5,MV_160,クリティカルエイム,無,特殊,25,100,28,
097,アンドーン,闇/水,320,闇のきずな,潜航,5,mvh_dark,シャドウバラージ,闇,物理,25,95,15,2〜5発
097,アンドーン,闇/水,320,闇のきずな,潜航,5,mvh_ground,ロックバラージブロー,地,物理,25,95,15,2〜5発
097,アンドーン,闇/水,320,闇のきずな,潜航,5,mvh_water,タービュレントラッシュ,水,物理,25,95,15,2〜5発
097,アンドーン,闇/水,320,闇のきずな,潜航,6,MVP_001,ホワイトストライク,無,物理,30,100,30,
097,アンドーン,闇/水,320,闇のきずな,潜航,6,MV_137,バックフィスト,無,物理,30,100,36,
097,アンドーン,闇/水,320,闇のきずな,潜航,7,MV_121,シャドウピアス,闇,物理,35,100,34,
097,アンドーン,闇/水,320,闇のきずな,潜航,7,MV_123,ダスクブレード,闇,物理,35,100,32,
097,アンドーン,闇/水,320,闇のきずな,潜航,7,MV_138,ダブルスラスト,無,物理,35,100,33,
097,アンドーン,闇/水,320,闇のきずな,潜航,7,MV_139,テイルスイープ,無,物理,35,100,33,
097,アンドーン,闇/水,320,闇のきずな,潜航,7,MV_187,アイスペブル,氷,物理,35,100,36,
097,アンドーン,闇/水,320,闇のきずな,潜航,7,MV_212,ウォーターガン,水,物理,35,100,36,
097,アンドーン,闇/水,320,闇のきずな,潜航,7,MV_256,ストーンペブル,地,物理,35,100,36,
097,アンドーン,闇/水,320,闇のきずな,潜航,7,mvh_ice,トリプルアイスブレード,氷,物理,35,90,10,3発(発ごと命中)
097,アンドーン,闇/水,320,闇のきずな,潜航,8,MVP_041,クリアストリームストライク,水,物理,40,100,30,
097,アンドーン,闇/水,320,闇のきずな,潜航,8,MVP_081,クロッドストライク,地,物理,40,100,30,
097,アンドーン,闇/水,320,闇のきずな,潜航,8,MVP_121,ホワイトアイスストライク,氷,物理,40,100,30,
097,アンドーン,闇/水,320,闇のきずな,潜航,8,MV_124,シャドウステッチ,闇,物理,40,100,32,
097,アンドーン,闇/水,320,闇のきずな,潜航,8,MV_125,ダークウェッジ,闇,物理,40,100,32,
097,アンドーン,闇/水,320,闇のきずな,潜航,8,MV_140,ヘッドバット,無,物理,40,100,33,
097,アンドーン,闇/水,320,闇のきずな,潜航,8,MV_141,スピンタックル,無,物理,40,100,33,
097,アンドーン,闇/水,320,闇のきずな,潜航,8,MV_188,アイスブレード,氷,物理,40,100,33,
097,アンドーン,闇/水,320,闇のきずな,潜航,8,MV_260,ブラインドサンド,地,物理,40,100,32,
097,アンドーン,闇/水,320,闇のきずな,潜航,9,MVP_042,ミラーウォーターブロー,水,物理,45,100,28,
097,アンドーン,闇/水,320,闇のきずな,潜航,9,MVP_122,フリーズフィスト,氷,物理,45,100,28,
097,アンドーン,闇/水,320,闇のきずな,潜航,9,MVP_123,フロストストライクブロー,氷,物理,45,100,28,
097,アンドーン,闇/水,320,闇のきずな,潜航,9,MV_142,フライングキック,無,物理,45,100,33,
097B,メラドーン,炎/水,325,かげろうボディ,潜航,3,air_cannon,エアーキャノン,無,特殊,15,100,42,
097B,メラドーン,炎/水,325,かげろうボディ,潜航,3,mvn_034,バイオレットボルト,雷,特殊,15,85,36,
097B,メラドーン,炎/水,325,かげろうボディ,潜航,3,mvn_045,クロッド,地,特殊,15,100,36,
097B,メラドーン,炎/水,325,かげろうボディ,潜航,4,MV_280,サンドバインド,地,特殊,20,100,28,
097B,メラドーン,炎/水,325,かげろうボディ,潜航,5,MV_160,クリティカルエイム,無,特殊,25,100,28,
097B,メラドーン,炎/水,325,かげろうボディ,潜航,5,MV_185,ボルトライトバレット,雷,特殊,25,100,33,
097B,メラドーン,炎/水,325,かげろうボディ,潜航,5,mvh_ground,ロックバラージブロー,地,物理,25,95,15,2〜5発
097B,メラドーン,炎/水,325,かげろうボディ,潜航,5,mvh_water,タービュレントラッシュ,水,物理,25,95,15,2〜5発
097B,メラドーン,炎/水,325,かげろうボディ,潜航,6,MVP_001,ホワイトストライク,無,物理,30,100,30,
097B,メラドーン,炎/水,325,かげろうボディ,潜航,6,MV_137,バックフィスト,無,物理,30,100,36,
097B,メラドーン,炎/水,325,かげろうボディ,潜航,7,MVP_021,クリムゾンストライク,炎,物理,35,100,30,
097B,メラドーン,炎/水,325,かげろうボディ,潜航,7,MV_138,ダブルスラスト,無,物理,35,100,33,
097B,メラドーン,炎/水,325,かげろうボディ,潜航,7,MV_139,テイルスイープ,無,物理,35,100,33,
097B,メラドーン,炎/水,325,かげろうボディ,潜航,7,MV_212,ウォーターガン,水,物理,35,100,36,
097B,メラドーン,炎/水,325,かげろうボディ,潜航,7,MV_233,シンダー,炎,物理,35,95,32,
097B,メラドーン,炎/水,325,かげろうボディ,潜航,7,MV_256,ストーンペブル,地,物理,35,100,36,
097B,メラドーン,炎/水,325,かげろうボディ,潜航,7,mvh_electric,トリプルボルトストライク,雷,物理,35,90,10,3発(発ごと命中)
097B,メラドーン,炎/水,325,かげろうボディ,潜航,8,MVP_022,スコーチフィスト,炎,物理,40,100,28,
097B,メラドーン,炎/水,325,かげろうボディ,潜航,8,MVP_023,フォスファーブロー,炎,物理,40,100,28,
097B,メラドーン,炎/水,325,かげろうボディ,潜航,8,MVP_041,クリアストリームストライク,水,物理,40,100,30,
097B,メラドーン,炎/水,325,かげろうボディ,潜航,8,MVP_061,バイオレットボルトストライク,雷,物理,40,100,30,
097B,メラドーン,炎/水,325,かげろうボディ,潜航,8,MVP_062,サンダーロアフィスト,雷,物理,40,100,28,
097B,メラドーン,炎/水,325,かげろうボディ,潜航,8,MVP_081,クロッドストライク,地,物理,40,100,30,
097B,メラドーン,炎/水,325,かげろうボディ,潜航,8,MV_140,ヘッドバット,無,物理,40,100,33,
097B,メラドーン,炎/水,325,かげろうボディ,潜航,8,MV_141,スピンタックル,無,物理,40,100,33,
097B,メラドーン,炎/水,325,かげろうボディ,潜航,8,MV_260,ブラインドサンド,地,物理,40,100,32,
097B,メラドーン,炎/水,325,かげろうボディ,潜航,9,MVP_024,ロースパンチ,炎,物理,45,100,26,
097B,メラドーン,炎/水,325,かげろうボディ,潜航,9,MVP_042,ミラーウォーターブロー,水,物理,45,100,28,
097B,メラドーン,炎/水,325,かげろうボディ,潜航,9,MVP_063,フラッシュボルトブロー,雷,物理,45,100,28,
097B,メラドーン,炎/水,325,かげろうボディ,潜航,9,MV_142,フライングキック,無,物理,45,100,33,
097B,メラドーン,炎/水,325,かげろうボディ,潜航,9,MV_143,ブラントエッジ,無,物理,45,100,33,
097B,メラドーン,炎/水,325,かげろうボディ,潜航,9,MV_168,スパークボルト,雷,物理,45,95,28,
097B,メラドーン,炎/水,325,かげろうボディ,潜航,10,mvs_ep_fire,ヘルファイアピーク,炎,変化,0,100,10,
098,イヌズマ,雷,270,雷のきずな,,1,MV_179,アクセラレート,雷,変化,0,100,15,
098,イヌズマ,雷,270,雷のきずな,,3,mvn_056,グリーンリーフ,草,特殊,15,100,36,
098,イヌズマ,雷,270,雷のきずな,,4,mvs_electric_accuracy_crit,ボルトサイト,雷,変化,0,100,15,
098,イヌズマ,雷,270,雷のきずな,,5,MV_285,グラスノット,草,特殊,25,100,28,
098,イヌズマ,雷,270,雷のきずな,,5,mvn_060,グラスリング,草,特殊,25,100,28,
098,イヌズマ,雷,270,雷のきずな,,6,mvn_059,フレッシュリーフ,草,特殊,30,100,30,
098,イヌズマ,雷,270,雷のきずな,,7,MV_281,リーフブレード,草,物理,35,100,36,
098,イヌズマ,雷,270,雷のきずな,,7,mvh_electric,トリプルボルトストライク,雷,物理,35,90,10,3発(発ごと命中)
098,イヌズマ,雷,270,雷のきずな,,8,MVP_061,バイオレットボルトストライク,雷,物理,40,100,30,
098,イヌズマ,雷,270,雷のきずな,,8,MVP_062,サンダーロアフィスト,雷,物理,40,100,28,
098,イヌズマ,雷,270,雷のきずな,,8,MVP_101,グリーンリーフストライク,草,物理,40,100,30,
098,イヌズマ,雷,270,雷のきずな,,8,MV_282,シードショット,草,物理,40,100,33,
098,イヌズマ,雷,270,雷のきずな,,9,MVP_063,フラッシュボルトブロー,雷,物理,45,100,28,
098,イヌズマ,雷,270,雷のきずな,,9,MVP_102,アイビーストライクフィスト,草,物理,45,100,28,
098,イヌズマ,雷,270,雷のきずな,,9,MV_168,スパークボルト,雷,物理,45,95,28,
098,イヌズマ,雷,270,雷のきずな,,9,MV_283,ヴァインウィップ,草,物理,45,100,33,
098,イヌズマ,雷,270,雷のきずな,,9,mvn_061,ヴァーダントリーフ,草,特殊,45,100,26,
098,イヌズマ,雷,270,雷のきずな,,9,spine_vine,スパインヴァイン,草,特殊,45,100,21,
098,イヌズマ,雷,270,雷のきずな,,10,MVP_064,ボルトチャージパンチ,雷,物理,50,100,26,
098,イヌズマ,雷,270,雷のきずな,,10,MVP_103,リーフヴェインブロー,草,物理,50,100,28,
098,イヌズマ,雷,270,雷のきずな,,10,MVP_104,フレッシュリーフパンチ,草,物理,50,100,26,
098,イヌズマ,雷,270,雷のきずな,,10,MV_182,ショックスティング,雷,物理,50,100,30,
098,イヌズマ,雷,270,雷のきずな,,11,MV_183,ライトニングスラスト,雷,物理,55,100,27,
098,イヌズマ,雷,270,雷のきずな,,11,MV_287,アイビーバインド,草,物理,55,100,27,
098,イヌズマ,雷,270,雷のきずな,,11,MV_288,ソーンウィップ,草,物理,55,100,24,
098,イヌズマ,雷,270,雷のきずな,,12,MVP_065,スイフトボルトスラスト,雷,物理,60,100,21,
098,イヌズマ,雷,270,雷のきずな,,12,MVP_105,グラスリングスラスト,草,物理,60,100,21,
098,イヌズマ,雷,270,雷のきずな,,12,MV_296,ブライアウィップ,草,物理,60,100,21,
098,イヌズマ,雷,270,雷のきずな,,13,MVP_106,ヴァーダントリーフフィスト,草,物理,65,100,18,
098,イヌズマ,雷,270,雷のきずな,,13,MVP_107,リーフスウォームストライク,草,物理,65,100,15,
098,イヌズマ,雷,270,雷のきずな,,14,MV_289,パワーウィップ,草,物理,70,100,12,
098,イヌズマ,雷,270,雷のきずな,,14,MV_297,ティンバーストライク,草,物理,70,100,15,
098,イヌズマ,雷,270,雷のきずな,,15,MVP_108,グラスヴェールブロー,草,物理,75,90,11,
098,イヌズマ,雷,270,雷のきずな,,15,MVP_109,ヴァインブローパンチ,草,物理,75,90,11,
098,イヌズマ,雷,270,雷のきずな,,16,MVP_110,グリーンアレイフィスト,草,物理,80,100,6,
098,イヌズマ,雷,270,雷のきずな,,16,MVP_111,リーフハイドストライク,草,物理,80,90,8,
098B,フリーズマ,氷,275,氷派,,3,mvn_023,クリアストリーム,水,特殊,15,100,36,
098B,フリーズマ,氷,275,氷派,,4,mvs_ice_atk_crit,グレイシャーファングスタンス,氷,変化,0,100,15,
098B,フリーズマ,氷,275,氷派,,5,aqua_gun,アクアショット,水,特殊,25,100,36,
098B,フリーズマ,氷,275,氷派,,5,mvh_water,タービュレントラッシュ,水,物理,25,95,15,2〜5発
098B,フリーズマ,氷,275,氷派,,7,MV_187,アイスペブル,氷,物理,35,100,36,
098B,フリーズマ,氷,275,氷派,,7,MV_212,ウォーターガン,水,物理,35,100,36,
098B,フリーズマ,氷,275,氷派,,7,MV_215,ウォーターカッター,水,特殊,35,100,30,
098B,フリーズマ,氷,275,氷派,,7,mvh_ice,トリプルアイスブレード,氷,物理,35,90,10,3発(発ごと命中)
098B,フリーズマ,氷,275,氷派,,8,MVP_041,クリアストリームストライク,水,物理,40,100,30,
098B,フリーズマ,氷,275,氷派,,8,MVP_121,ホワイトアイスストライク,氷,物理,40,100,30,
098B,フリーズマ,氷,275,氷派,,8,MV_188,アイスブレード,氷,物理,40,100,33,
098B,フリーズマ,氷,275,氷派,,9,MVP_042,ミラーウォーターブロー,水,物理,45,100,28,
098B,フリーズマ,氷,275,氷派,,9,MVP_122,フリーズフィスト,氷,物理,45,100,28,
098B,フリーズマ,氷,275,氷派,,9,MVP_123,フロストストライクブロー,氷,物理,45,100,28,
098B,フリーズマ,氷,275,氷派,,9,MV_214,バブルバラージ,水,物理,45,100,33,
098B,フリーズマ,氷,275,氷派,,9,mvn_028,スプラッシュ,水,特殊,45,100,26,
098B,フリーズマ,氷,275,氷派,,10,MVP_043,サーフサウンドフィスト,水,物理,50,100,28,
098B,フリーズマ,氷,275,氷派,,10,MVP_044,ドロップストライクパンチ,水,物理,50,100,26,
098B,フリーズマ,氷,275,氷派,,10,MVP_124,アイスリングパンチ,氷,物理,50,100,26,
098B,フリーズマ,氷,275,氷派,,10,MV_189,フロストショット,氷,物理,50,100,30,
098B,フリーズマ,氷,275,氷派,,10,mvs_ep_ice,フリーズピーク,氷,変化,0,100,10,
098B,フリーズマ,氷,275,氷派,,11,MV_190,アイスニードル,氷,物理,55,100,27,
098B,フリーズマ,氷,275,氷派,,11,MV_216,ウォーターブレード,水,物理,55,100,27,
098B,フリーズマ,氷,275,氷派,,11,MV_221,ストリームコンボ,水,物理,55,100,27,
098B,フリーズマ,氷,275,氷派,,12,MV_222,ミラーウォータースラッシュ,水,物理,60,100,24,
098B,フリーズマ,氷,275,氷派,,12,MV_227,アクアジェット,水,物理,60,100,27,
098B,フリーズマ,氷,275,氷派,,13,MVP_045,ウォーターリングスラスト,水,物理,65,100,21,
098B,フリーズマ,氷,275,氷派,,13,MV_230,アクアファング,水,物理,65,100,24,
098B,フリーズマ,氷,275,氷派,,14,MVP_046,スプラッシュフィスト,水,物理,70,100,18,
098B,フリーズマ,氷,275,氷派,,14,MVP_047,ウォーターヴェインストライク,水,物理,70,100,15,
098B,フリーズマ,氷,275,氷派,,15,MVP_048,アズールウェーブブロー,水,物理,75,90,11,
098B,フリーズマ,氷,275,氷派,,15,MVP_049,ドロップレットパンチ,水,物理,75,90,11,
098B,フリーズマ,氷,275,氷派,,16,MVP_050,アクアヴェールフィスト,水,物理,80,100,6,
098B,フリーズマ,氷,275,氷派,,16,MVP_051,リップルストライク,水,物理,80,90,8,
099,デスティング,闇/地,330,きょうじんなからだ,,1,MV_273,サンドダストスタンス,地,変化,0,100,15,
099,デスティング,闇/地,330,きょうじんなからだ,,3,air_cannon,エアーキャノン,無,特殊,15,100,42,
099,デスティング,闇/地,330,きょうじんなからだ,,3,mvn_012,クリムゾン,炎,特殊,15,85,36,
099,デスティング,闇/地,330,きょうじんなからだ,,3,mvn_067,ホワイトアイス,氷,特殊,15,85,36,
099,デスティング,闇/地,330,きょうじんなからだ,,4,MV_247,ファイアスフィア,炎,特殊,20,100,30,
099,デスティング,闇/地,330,きょうじんなからだ,,4,mvs_dark_accuracy_evasion,ダークナイトアイ,闇,変化,0,100,15,
099,デスティング,闇/地,330,きょうじんなからだ,,5,MV_160,クリティカルエイム,無,特殊,25,100,28,
099,デスティング,闇/地,330,きょうじんなからだ,,5,mvh_dark,シャドウバラージ,闇,物理,25,95,15,2〜5発
099,デスティング,闇/地,330,きょうじんなからだ,,5,mvh_ground,ロックバラージブロー,地,物理,25,95,15,2〜5発
099,デスティング,闇/地,330,きょうじんなからだ,,6,MVP_001,ホワイトストライク,無,物理,30,100,30,
099,デスティング,闇/地,330,きょうじんなからだ,,6,MV_137,バックフィスト,無,物理,30,100,36,
099,デスティング,闇/地,330,きょうじんなからだ,,7,MVP_021,クリムゾンストライク,炎,物理,35,100,30,
099,デスティング,闇/地,330,きょうじんなからだ,,7,MV_121,シャドウピアス,闇,物理,35,100,34,
099,デスティング,闇/地,330,きょうじんなからだ,,7,MV_123,ダスクブレード,闇,物理,35,100,32,
099,デスティング,闇/地,330,きょうじんなからだ,,7,MV_138,ダブルスラスト,無,物理,35,100,33,
099,デスティング,闇/地,330,きょうじんなからだ,,7,MV_139,テイルスイープ,無,物理,35,100,33,
099,デスティング,闇/地,330,きょうじんなからだ,,7,MV_187,アイスペブル,氷,物理,35,100,36,
099,デスティング,闇/地,330,きょうじんなからだ,,7,MV_233,シンダー,炎,物理,35,95,32,
099,デスティング,闇/地,330,きょうじんなからだ,,7,MV_256,ストーンペブル,地,物理,35,100,36,
099,デスティング,闇/地,330,きょうじんなからだ,,7,mvh_ice,トリプルアイスブレード,氷,物理,35,90,10,3発(発ごと命中)
099,デスティング,闇/地,330,きょうじんなからだ,,8,MVP_022,スコーチフィスト,炎,物理,40,100,28,
099,デスティング,闇/地,330,きょうじんなからだ,,8,MVP_023,フォスファーブロー,炎,物理,40,100,28,
099,デスティング,闇/地,330,きょうじんなからだ,,8,MVP_081,クロッドストライク,地,物理,40,100,30,
099,デスティング,闇/地,330,きょうじんなからだ,,8,MVP_121,ホワイトアイスストライク,氷,物理,40,100,30,
099,デスティング,闇/地,330,きょうじんなからだ,,8,MV_124,シャドウステッチ,闇,物理,40,100,32,
099,デスティング,闇/地,330,きょうじんなからだ,,8,MV_125,ダークウェッジ,闇,物理,40,100,32,
099,デスティング,闇/地,330,きょうじんなからだ,,8,MV_140,ヘッドバット,無,物理,40,100,33,
099,デスティング,闇/地,330,きょうじんなからだ,,8,MV_141,スピンタックル,無,物理,40,100,33,
099,デスティング,闇/地,330,きょうじんなからだ,,8,MV_188,アイスブレード,氷,物理,40,100,33,
099,デスティング,闇/地,330,きょうじんなからだ,,8,MV_260,ブラインドサンド,地,物理,40,100,32,
099,デスティング,闇/地,330,きょうじんなからだ,,9,MVP_024,ロースパンチ,炎,物理,45,100,26,
099,デスティング,闇/地,330,きょうじんなからだ,,9,MVP_122,フリーズフィスト,氷,物理,45,100,28,
099,デスティング,闇/地,330,きょうじんなからだ,,9,MVP_123,フロストストライクブロー,氷,物理,45,100,28,
099B,ゴルディング,地,335,きょうじんなからだ,,3,air_cannon,エアーキャノン,無,特殊,15,100,42,
099B,ゴルディング,地,335,きょうじんなからだ,,3,mvn_012,クリムゾン,炎,特殊,15,85,36,
099B,ゴルディング,地,335,きょうじんなからだ,,4,MV_247,ファイアスフィア,炎,特殊,20,100,30,
099B,ゴルディング,地,335,きょうじんなからだ,,5,MV_160,クリティカルエイム,無,特殊,25,100,28,
099B,ゴルディング,地,335,きょうじんなからだ,,5,mvh_ground,ロックバラージブロー,地,物理,25,95,15,2〜5発
099B,ゴルディング,地,335,きょうじんなからだ,,6,MVP_001,ホワイトストライク,無,物理,30,100,30,
099B,ゴルディング,地,335,きょうじんなからだ,,6,MV_137,バックフィスト,無,物理,30,100,36,
099B,ゴルディング,地,335,きょうじんなからだ,,6,MV_234,ブレイズバレット,炎,特殊,30,95,30,
099B,ゴルディング,地,335,きょうじんなからだ,,6,mvn_003,ヴォイドエコー,無,特殊,30,90,32,
099B,ゴルディング,地,335,きょうじんなからだ,,7,MVP_021,クリムゾンストライク,炎,物理,35,100,30,
099B,ゴルディング,地,335,きょうじんなからだ,,7,MV_138,ダブルスラスト,無,物理,35,100,33,
099B,ゴルディング,地,335,きょうじんなからだ,,7,MV_139,テイルスイープ,無,物理,35,100,33,
099B,ゴルディング,地,335,きょうじんなからだ,,7,MV_233,シンダー,炎,物理,35,95,32,
099B,ゴルディング,地,335,きょうじんなからだ,,7,MV_256,ストーンペブル,地,物理,35,100,36,
099B,ゴルディング,地,335,きょうじんなからだ,,8,MVP_022,スコーチフィスト,炎,物理,40,100,28,
099B,ゴルディング,地,335,きょうじんなからだ,,8,MVP_023,フォスファーブロー,炎,物理,40,100,28,
099B,ゴルディング,地,335,きょうじんなからだ,,8,MVP_081,クロッドストライク,地,物理,40,100,30,
099B,ゴルディング,地,335,きょうじんなからだ,,8,MV_140,ヘッドバット,無,物理,40,100,33,
099B,ゴルディング,地,335,きょうじんなからだ,,8,MV_141,スピンタックル,無,物理,40,100,33,
099B,ゴルディング,地,335,きょうじんなからだ,,8,MV_260,ブラインドサンド,地,物理,40,100,32,
099B,ゴルディング,地,335,きょうじんなからだ,,9,MVP_024,ロースパンチ,炎,物理,45,100,26,
099B,ゴルディング,地,335,きょうじんなからだ,,9,MV_142,フライングキック,無,物理,45,100,33,
099B,ゴルディング,地,335,きょうじんなからだ,,9,MV_143,ブラントエッジ,無,物理,45,100,33,
099B,ゴルディング,地,335,きょうじんなからだ,,9,MV_236,フレイムクロー,炎,物理,45,95,26,
099B,ゴルディング,地,335,きょうじんなからだ,,9,MV_257,ロックバレット,地,物理,45,100,33,
099B,ゴルディング,地,335,きょうじんなからだ,,9,MV_259,サンドスプレー,地,物理,45,100,30,
099B,ゴルディング,地,335,きょうじんなからだ,,10,MVP_002,マッチレスブロー,無,物理,50,100,28,
099B,ゴルディング,地,335,きょうじんなからだ,,10,MVP_082,ベッドロックフィスト,地,物理,50,100,28,
099B,ゴルディング,地,335,きょうじんなからだ,,10,MVP_083,レイラインブロー,地,物理,50,100,28,
099B,ゴルディング,地,335,きょうじんなからだ,,10,MV_145,ラッシュスラスト,無,物理,50,100,33,
099B,ゴルディング,地,335,きょうじんなからだ,,10,MV_246,フレイムファング,炎,物理,50,95,26,
099B,ゴルディング,地,335,きょうじんなからだ,,10,mvs_ep_ground,アースコアピーク,地,変化,0,100,10,
100,ハグミー,草,230,レッツハギング,,3,mvn_023,クリアストリーム,水,特殊,15,100,36,
100,ハグミー,草,230,レッツハギング,,4,mvs_grass_accuracy_evasion,フレッシュグリーンアイ,草,変化,0,100,15,
100,ハグミー,草,230,レッツハギング,,4,mvs_grass_def_crit,フレッシュグリーンアーマー,草,変化,0,100,15,
100,ハグミー,草,230,レッツハギング,,5,aqua_gun,アクアショット,水,特殊,25,100,36,
100,ハグミー,草,230,レッツハギング,,5,mvh_water,タービュレントラッシュ,水,物理,25,95,15,2〜5発
100,ハグミー,草,230,レッツハギング,,7,MV_212,ウォーターガン,水,物理,35,100,36,
100,ハグミー,草,230,レッツハギング,,7,MV_215,ウォーターカッター,水,特殊,35,100,30,
100,ハグミー,草,230,レッツハギング,,7,MV_281,リーフブレード,草,物理,35,100,36,
100,ハグミー,草,230,レッツハギング,,8,MVP_041,クリアストリームストライク,水,物理,40,100,30,
100,ハグミー,草,230,レッツハギング,,8,MVP_101,グリーンリーフストライク,草,物理,40,100,30,
100,ハグミー,草,230,レッツハギング,,8,MV_282,シードショット,草,物理,40,100,33,
100,ハグミー,草,230,レッツハギング,,9,MVP_042,ミラーウォーターブロー,水,物理,45,100,28,
100,ハグミー,草,230,レッツハギング,,9,MVP_102,アイビーストライクフィスト,草,物理,45,100,28,
100,ハグミー,草,230,レッツハギング,,9,MV_214,バブルバラージ,水,物理,45,100,33,
100,ハグミー,草,230,レッツハギング,,9,MV_283,ヴァインウィップ,草,物理,45,100,33,
100,ハグミー,草,230,レッツハギング,,9,mvn_028,スプラッシュ,水,特殊,45,100,26,
100,ハグミー,草,230,レッツハギング,,10,MVP_043,サーフサウンドフィスト,水,物理,50,100,28,
100,ハグミー,草,230,レッツハギング,,10,MVP_044,ドロップストライクパンチ,水,物理,50,100,26,
100,ハグミー,草,230,レッツハギング,,10,MVP_103,リーフヴェインブロー,草,物理,50,100,28,
100,ハグミー,草,230,レッツハギング,,10,MVP_104,フレッシュリーフパンチ,草,物理,50,100,26,
100,ハグミー,草,230,レッツハギング,,11,MV_216,ウォーターブレード,水,物理,55,100,27,
100,ハグミー,草,230,レッツハギング,,11,MV_221,ストリームコンボ,水,物理,55,100,27,
100,ハグミー,草,230,レッツハギング,,11,MV_287,アイビーバインド,草,物理,55,100,27,
100,ハグミー,草,230,レッツハギング,,11,MV_288,ソーンウィップ,草,物理,55,100,24,
100,ハグミー,草,230,レッツハギング,,12,MVP_105,グラスリングスラスト,草,物理,60,100,21,
100,ハグミー,草,230,レッツハギング,,12,MV_222,ミラーウォータースラッシュ,水,物理,60,100,24,
100,ハグミー,草,230,レッツハギング,,12,MV_227,アクアジェット,水,物理,60,100,27,
100,ハグミー,草,230,レッツハギング,,13,MVP_045,ウォーターリングスラスト,水,物理,65,100,21,
100,ハグミー,草,230,レッツハギング,,13,MV_230,アクアファング,水,物理,65,100,24,
100,ハグミー,草,230,レッツハギング,,14,MVP_046,スプラッシュフィスト,水,物理,70,100,18,
100,ハグミー,草,230,レッツハギング,,14,MVP_047,ウォーターヴェインストライク,水,物理,70,100,15,
100,ハグミー,草,230,レッツハギング,,15,MVP_048,アズールウェーブブロー,水,物理,75,90,11,
100,ハグミー,草,230,レッツハギング,,15,MVP_049,ドロップレットパンチ,水,物理,75,90,11,
100,ハグミー,草,230,レッツハギング,,16,MVP_050,アクアヴェールフィスト,水,物理,80,100,6,
100,ハグミー,草,230,レッツハギング,,16,MVP_051,リップルストライク,水,物理,80,90,8,
100B,ハグユー,闇/草,235,レッツハギング,,3,mvn_023,クリアストリーム,水,特殊,15,100,36,
100B,ハグユー,闇/草,235,レッツハギング,,3,mvn_067,ホワイトアイス,氷,特殊,15,85,36,
100B,ハグユー,闇/草,235,レッツハギング,,4,mvs_grass_accuracy_evasion,フレッシュグリーンアイ,草,変化,0,100,15,
100B,ハグユー,闇/草,235,レッツハギング,,4,mvs_grass_def_crit,フレッシュグリーンアーマー,草,変化,0,100,15,
100B,ハグユー,闇/草,235,レッツハギング,,5,aqua_gun,アクアショット,水,特殊,25,100,36,
100B,ハグユー,闇/草,235,レッツハギング,,5,mvh_dark,シャドウバラージ,闇,物理,25,95,15,2〜5発
100B,ハグユー,闇/草,235,レッツハギング,,5,mvh_water,タービュレントラッシュ,水,物理,25,95,15,2〜5発
100B,ハグユー,闇/草,235,レッツハギング,,6,MV_205,フロストネット,氷,特殊,30,95,28,
100B,ハグユー,闇/草,235,レッツハギング,,6,ice_cutter,アイスカッター,氷,特殊,30,100,33,
100B,ハグユー,闇/草,235,レッツハギング,,7,MV_121,シャドウピアス,闇,物理,35,100,34,
100B,ハグユー,闇/草,235,レッツハギング,,7,MV_123,ダスクブレード,闇,物理,35,100,32,
100B,ハグユー,闇/草,235,レッツハギング,,7,MV_187,アイスペブル,氷,物理,35,100,36,
100B,ハグユー,闇/草,235,レッツハギング,,7,MV_212,ウォーターガン,水,物理,35,100,36,
100B,ハグユー,闇/草,235,レッツハギング,,7,MV_215,ウォーターカッター,水,特殊,35,100,30,
100B,ハグユー,闇/草,235,レッツハギング,,7,MV_281,リーフブレード,草,物理,35,100,36,
100B,ハグユー,闇/草,235,レッツハギング,,7,mvh_ice,トリプルアイスブレード,氷,物理,35,90,10,3発(発ごと命中)
100B,ハグユー,闇/草,235,レッツハギング,,8,MVP_041,クリアストリームストライク,水,物理,40,100,30,
100B,ハグユー,闇/草,235,レッツハギング,,8,MVP_101,グリーンリーフストライク,草,物理,40,100,30,
100B,ハグユー,闇/草,235,レッツハギング,,8,MVP_121,ホワイトアイスストライク,氷,物理,40,100,30,
100B,ハグユー,闇/草,235,レッツハギング,,8,MV_124,シャドウステッチ,闇,物理,40,100,32,
100B,ハグユー,闇/草,235,レッツハギング,,8,MV_125,ダークウェッジ,闇,物理,40,100,32,
100B,ハグユー,闇/草,235,レッツハギング,,8,MV_188,アイスブレード,氷,物理,40,100,33,
100B,ハグユー,闇/草,235,レッツハギング,,8,MV_282,シードショット,草,物理,40,100,33,
100B,ハグユー,闇/草,235,レッツハギング,,9,MVP_042,ミラーウォーターブロー,水,物理,45,100,28,
100B,ハグユー,闇/草,235,レッツハギング,,9,MVP_102,アイビーストライクフィスト,草,物理,45,100,28,
100B,ハグユー,闇/草,235,レッツハギング,,9,MVP_122,フリーズフィスト,氷,物理,45,100,28,
100B,ハグユー,闇/草,235,レッツハギング,,9,MVP_123,フロストストライクブロー,氷,物理,45,100,28,
100B,ハグユー,闇/草,235,レッツハギング,,9,MV_214,バブルバラージ,水,物理,45,100,33,
100B,ハグユー,闇/草,235,レッツハギング,,10,MVP_043,サーフサウンドフィスト,水,物理,50,100,28,
100B,ハグユー,闇/草,235,レッツハギング,,10,MVP_044,ドロップストライクパンチ,水,物理,50,100,26,
100B,ハグユー,闇/草,235,レッツハギング,,10,MVP_124,アイスリングパンチ,氷,物理,50,100,26,
100B,ハグユー,闇/草,235,レッツハギング,,10,MV_189,フロストショット,氷,物理,50,100,30,
100B,ハグユー,闇/草,235,レッツハギング,,11,MV_190,アイスニードル,氷,物理,55,100,27,
100B,ハグユー,闇/草,235,レッツハギング,,11,MV_211,フローズンブレード,氷,物理,55,95,26,
100B,ハグユー,闇/草,235,レッツハギング,,11,MV_216,ウォーターブレード,水,物理,55,100,27,
100B,ハグユー,闇/草,235,レッツハギング,,11,MV_221,ストリームコンボ,水,物理,55,100,27,
100B,ハグユー,闇/草,235,レッツハギング,,12,MVP_125,チルスラスト,氷,物理,60,100,21,
100B,ハグユー,闇/草,235,レッツハギング,,12,MV_195,アイスファング,氷,物理,60,95,24,
101,ツララジカ,氷,295,氷のまもり,,3,mvn_023,クリアストリーム,水,特殊,15,100,36,
101,ツララジカ,氷,295,氷のまもり,,4,mvs_ice_atk_crit,グレイシャーファングスタンス,氷,変化,0,100,15,
101,ツララジカ,氷,295,氷のまもり,,4,mvs_ice_atk_evasion,グレイシャーステップ,氷,変化,0,100,15,
101,ツララジカ,氷,295,氷のまもり,,5,aqua_gun,アクアショット,水,特殊,25,100,36,
101,ツララジカ,氷,295,氷のまもり,,5,mvh_water,タービュレントラッシュ,水,物理,25,95,15,2〜5発
101,ツララジカ,氷,295,氷のまもり,,7,MV_187,アイスペブル,氷,物理,35,100,36,
101,ツララジカ,氷,295,氷のまもり,,7,MV_212,ウォーターガン,水,物理,35,100,36,
101,ツララジカ,氷,295,氷のまもり,,7,MV_215,ウォーターカッター,水,特殊,35,100,30,
101,ツララジカ,氷,295,氷のまもり,,7,mvh_ice,トリプルアイスブレード,氷,物理,35,90,10,3発(発ごと命中)
101,ツララジカ,氷,295,氷のまもり,,8,MVP_041,クリアストリームストライク,水,物理,40,100,30,
101,ツララジカ,氷,295,氷のまもり,,8,MVP_121,ホワイトアイスストライク,氷,物理,40,100,30,
101,ツララジカ,氷,295,氷のまもり,,8,MV_188,アイスブレード,氷,物理,40,100,33,
101,ツララジカ,氷,295,氷のまもり,,9,MVP_042,ミラーウォーターブロー,水,物理,45,100,28,
101,ツララジカ,氷,295,氷のまもり,,9,MVP_122,フリーズフィスト,氷,物理,45,100,28,
101,ツララジカ,氷,295,氷のまもり,,9,MVP_123,フロストストライクブロー,氷,物理,45,100,28,
101,ツララジカ,氷,295,氷のまもり,,9,MV_214,バブルバラージ,水,物理,45,100,33,
101,ツララジカ,氷,295,氷のまもり,,9,mvn_028,スプラッシュ,水,特殊,45,100,26,
101,ツララジカ,氷,295,氷のまもり,,10,MVP_043,サーフサウンドフィスト,水,物理,50,100,28,
101,ツララジカ,氷,295,氷のまもり,,10,MVP_044,ドロップストライクパンチ,水,物理,50,100,26,
101,ツララジカ,氷,295,氷のまもり,,10,MVP_124,アイスリングパンチ,氷,物理,50,100,26,
101,ツララジカ,氷,295,氷のまもり,,10,MV_189,フロストショット,氷,物理,50,100,30,
101,ツララジカ,氷,295,氷のまもり,,11,MV_190,アイスニードル,氷,物理,55,100,27,
101,ツララジカ,氷,295,氷のまもり,,11,MV_216,ウォーターブレード,水,物理,55,100,27,
101,ツララジカ,氷,295,氷のまもり,,11,MV_221,ストリームコンボ,水,物理,55,100,27,
101,ツララジカ,氷,295,氷のまもり,,12,MV_222,ミラーウォータースラッシュ,水,物理,60,100,24,
101,ツララジカ,氷,295,氷のまもり,,12,MV_227,アクアジェット,水,物理,60,100,27,
101,ツララジカ,氷,295,氷のまもり,,13,MVP_045,ウォーターリングスラスト,水,物理,65,100,21,
101,ツララジカ,氷,295,氷のまもり,,13,MV_230,アクアファング,水,物理,65,100,24,
101,ツララジカ,氷,295,氷のまもり,,14,MVP_046,スプラッシュフィスト,水,物理,70,100,18,
101,ツララジカ,氷,295,氷のまもり,,14,MVP_047,ウォーターヴェインストライク,水,物理,70,100,15,
101,ツララジカ,氷,295,氷のまもり,,15,MVP_048,アズールウェーブブロー,水,物理,75,90,11,
101,ツララジカ,氷,295,氷のまもり,,15,MVP_049,ドロップレットパンチ,水,物理,75,90,11,
101,ツララジカ,氷,295,氷のまもり,,16,MVP_050,アクアヴェールフィスト,水,物理,80,100,6,
102,ササゾー,草,280,草のちから,,1,MV_299,ライフスタンス,草,変化,0,100,15,
102,ササゾー,草,280,草のちから,,1,MV_300,リーフハイドスタンス,草,変化,0,100,15,
102,ササゾー,草,280,草のちから,,3,mvn_023,クリアストリーム,水,特殊,15,100,36,
102,ササゾー,草,280,草のちから,,5,aqua_gun,アクアショット,水,特殊,25,100,36,
102,ササゾー,草,280,草のちから,,5,mvh_water,タービュレントラッシュ,水,物理,25,95,15,2〜5発
102,ササゾー,草,280,草のちから,,7,MV_212,ウォーターガン,水,物理,35,100,36,
102,ササゾー,草,280,草のちから,,7,MV_215,ウォーターカッター,水,特殊,35,100,30,
102,ササゾー,草,280,草のちから,,7,MV_281,リーフブレード,草,物理,35,100,36,
102,ササゾー,草,280,草のちから,,8,MVP_041,クリアストリームストライク,水,物理,40,100,30,
102,ササゾー,草,280,草のちから,,8,MVP_101,グリーンリーフストライク,草,物理,40,100,30,
102,ササゾー,草,280,草のちから,,8,MV_282,シードショット,草,物理,40,100,33,
102,ササゾー,草,280,草のちから,,9,MVP_042,ミラーウォーターブロー,水,物理,45,100,28,
102,ササゾー,草,280,草のちから,,9,MVP_102,アイビーストライクフィスト,草,物理,45,100,28,
102,ササゾー,草,280,草のちから,,9,MV_214,バブルバラージ,水,物理,45,100,33,
102,ササゾー,草,280,草のちから,,9,MV_283,ヴァインウィップ,草,物理,45,100,33,
102,ササゾー,草,280,草のちから,,9,mvn_028,スプラッシュ,水,特殊,45,100,26,
102,ササゾー,草,280,草のちから,,10,MVP_043,サーフサウンドフィスト,水,物理,50,100,28,
102,ササゾー,草,280,草のちから,,10,MVP_044,ドロップストライクパンチ,水,物理,50,100,26,
102,ササゾー,草,280,草のちから,,10,MVP_103,リーフヴェインブロー,草,物理,50,100,28,
102,ササゾー,草,280,草のちから,,10,MVP_104,フレッシュリーフパンチ,草,物理,50,100,26,
102,ササゾー,草,280,草のちから,,11,MV_216,ウォーターブレード,水,物理,55,100,27,
102,ササゾー,草,280,草のちから,,11,MV_221,ストリームコンボ,水,物理,55,100,27,
102,ササゾー,草,280,草のちから,,11,MV_287,アイビーバインド,草,物理,55,100,27,
102,ササゾー,草,280,草のちから,,11,MV_288,ソーンウィップ,草,物理,55,100,24,
102,ササゾー,草,280,草のちから,,12,MV_222,ミラーウォータースラッシュ,水,物理,60,100,24,
102,ササゾー,草,280,草のちから,,12,MV_227,アクアジェット,水,物理,60,100,27,
102,ササゾー,草,280,草のちから,,13,MVP_045,ウォーターリングスラスト,水,物理,65,100,21,
102,ササゾー,草,280,草のちから,,13,MV_230,アクアファング,水,物理,65,100,24,
102,ササゾー,草,280,草のちから,,14,MVP_046,スプラッシュフィスト,水,物理,70,100,18,
102,ササゾー,草,280,草のちから,,14,MVP_047,ウォーターヴェインストライク,水,物理,70,100,15,
102,ササゾー,草,280,草のちから,,15,MVP_048,アズールウェーブブロー,水,物理,75,90,11,
102,ササゾー,草,280,草のちから,,15,MVP_049,ドロップレットパンチ,水,物理,75,90,11,
102,ササゾー,草,280,草のちから,,16,MVP_050,アクアヴェールフィスト,水,物理,80,100,6,
102B,ライゾー,雷,300,ハードアーマー,,3,mvn_056,グリーンリーフ,草,特殊,15,100,36,
102B,ライゾー,雷,300,ハードアーマー,,4,mvs_electric_accuracy_crit,ボルトサイト,雷,変化,0,100,15,
102B,ライゾー,雷,300,ハードアーマー,,4,mvs_electric_evasion_crit,ボルトミラージュ,雷,変化,0,100,15,
102B,ライゾー,雷,300,ハードアーマー,,5,MV_285,グラスノット,草,特殊,25,100,28,
102B,ライゾー,雷,300,ハードアーマー,,5,mvn_060,グラスリング,草,特殊,25,100,28,
102B,ライゾー,雷,300,ハードアーマー,,6,mvn_059,フレッシュリーフ,草,特殊,30,100,30,
102B,ライゾー,雷,300,ハードアーマー,,7,MV_281,リーフブレード,草,物理,35,100,36,
102B,ライゾー,雷,300,ハードアーマー,,7,mvh_electric,トリプルボルトストライク,雷,物理,35,90,10,3発(発ごと命中)
102B,ライゾー,雷,300,ハードアーマー,,8,MVP_061,バイオレットボルトストライク,雷,物理,40,100,30,
102B,ライゾー,雷,300,ハードアーマー,,8,MVP_062,サンダーロアフィスト,雷,物理,40,100,28,
102B,ライゾー,雷,300,ハードアーマー,,8,MVP_101,グリーンリーフストライク,草,物理,40,100,30,
102B,ライゾー,雷,300,ハードアーマー,,8,MV_282,シードショット,草,物理,40,100,33,
102B,ライゾー,雷,300,ハードアーマー,,9,MVP_063,フラッシュボルトブロー,雷,物理,45,100,28,
102B,ライゾー,雷,300,ハードアーマー,,9,MVP_102,アイビーストライクフィスト,草,物理,45,100,28,
102B,ライゾー,雷,300,ハードアーマー,,9,MV_168,スパークボルト,雷,物理,45,95,28,
102B,ライゾー,雷,300,ハードアーマー,,9,MV_283,ヴァインウィップ,草,物理,45,100,33,
102B,ライゾー,雷,300,ハードアーマー,,9,mvn_061,ヴァーダントリーフ,草,特殊,45,100,26,
102B,ライゾー,雷,300,ハードアーマー,,9,spine_vine,スパインヴァイン,草,特殊,45,100,21,
102B,ライゾー,雷,300,ハードアーマー,,10,MVP_064,ボルトチャージパンチ,雷,物理,50,100,26,
102B,ライゾー,雷,300,ハードアーマー,,10,MVP_103,リーフヴェインブロー,草,物理,50,100,28,
102B,ライゾー,雷,300,ハードアーマー,,10,MVP_104,フレッシュリーフパンチ,草,物理,50,100,26,
102B,ライゾー,雷,300,ハードアーマー,,10,MV_182,ショックスティング,雷,物理,50,100,30,
102B,ライゾー,雷,300,ハードアーマー,,11,MV_183,ライトニングスラスト,雷,物理,55,100,27,
102B,ライゾー,雷,300,ハードアーマー,,11,MV_287,アイビーバインド,草,物理,55,100,27,
102B,ライゾー,雷,300,ハードアーマー,,11,MV_288,ソーンウィップ,草,物理,55,100,24,
102B,ライゾー,雷,300,ハードアーマー,,12,MVP_065,スイフトボルトスラスト,雷,物理,60,100,21,
102B,ライゾー,雷,300,ハードアーマー,,12,MVP_105,グラスリングスラスト,草,物理,60,100,21,
102B,ライゾー,雷,300,ハードアーマー,,12,MV_296,ブライアウィップ,草,物理,60,100,21,
102B,ライゾー,雷,300,ハードアーマー,,13,MVP_106,ヴァーダントリーフフィスト,草,物理,65,100,18,
102B,ライゾー,雷,300,ハードアーマー,,13,MVP_107,リーフスウォームストライク,草,物理,65,100,15,
102B,ライゾー,雷,300,ハードアーマー,,14,MV_289,パワーウィップ,草,物理,70,100,12,
102B,ライゾー,雷,300,ハードアーマー,,14,MV_297,ティンバーストライク,草,物理,70,100,15,
102B,ライゾー,雷,300,ハードアーマー,,15,MVP_108,グラスヴェールブロー,草,物理,75,90,11,
102B,ライゾー,雷,300,ハードアーマー,,15,MVP_109,ヴァインブローパンチ,草,物理,75,90,11,
103,オコチョ,氷/竜,250,氷のおしえ,潜航,3,mvn_012,クリムゾン,炎,特殊,15,85,36,
103,オコチョ,氷/竜,250,氷のおしえ,潜航,3,mvn_023,クリアストリーム,水,特殊,15,100,36,
103,オコチョ,氷/竜,250,氷のおしえ,潜航,4,MV_247,ファイアスフィア,炎,特殊,20,100,30,
103,オコチョ,氷/竜,250,氷のおしえ,潜航,4,mvs_ice_atk_evasion,グレイシャーステップ,氷,変化,0,100,15,
103,オコチョ,氷/竜,250,氷のおしえ,潜航,5,aqua_gun,アクアショット,水,特殊,25,100,36,
103,オコチョ,氷/竜,250,氷のおしえ,潜航,5,mvh_water,タービュレントラッシュ,水,物理,25,95,15,2〜5発
103,オコチョ,氷/竜,250,氷のおしえ,潜航,6,MV_234,ブレイズバレット,炎,特殊,30,95,30,
103,オコチョ,氷/竜,250,氷のおしえ,潜航,7,MVP_021,クリムゾンストライク,炎,物理,35,100,30,
103,オコチョ,氷/竜,250,氷のおしえ,潜航,7,MV_187,アイスペブル,氷,物理,35,100,36,
103,オコチョ,氷/竜,250,氷のおしえ,潜航,7,MV_212,ウォーターガン,水,物理,35,100,36,
103,オコチョ,氷/竜,250,氷のおしえ,潜航,7,MV_215,ウォーターカッター,水,特殊,35,100,30,
103,オコチョ,氷/竜,250,氷のおしえ,潜航,7,MV_233,シンダー,炎,物理,35,95,32,
103,オコチョ,氷/竜,250,氷のおしえ,潜航,7,mvh_ice,トリプルアイスブレード,氷,物理,35,90,10,3発(発ごと命中)
103,オコチョ,氷/竜,250,氷のおしえ,潜航,7,mvw_snow,スノーダンス,氷,変化,0,100,16,
103,オコチョ,氷/竜,250,氷のおしえ,潜航,8,MVP_022,スコーチフィスト,炎,物理,40,100,28,
103,オコチョ,氷/竜,250,氷のおしえ,潜航,8,MVP_023,フォスファーブロー,炎,物理,40,100,28,
103,オコチョ,氷/竜,250,氷のおしえ,潜航,8,MVP_041,クリアストリームストライク,水,物理,40,100,30,
103,オコチョ,氷/竜,250,氷のおしえ,潜航,8,MVP_121,ホワイトアイスストライク,氷,物理,40,100,30,
103,オコチョ,氷/竜,250,氷のおしえ,潜航,8,MV_188,アイスブレード,氷,物理,40,100,33,
103,オコチョ,氷/竜,250,氷のおしえ,潜航,9,MVP_024,ロースパンチ,炎,物理,45,100,26,
103,オコチョ,氷/竜,250,氷のおしえ,潜航,9,MVP_042,ミラーウォーターブロー,水,物理,45,100,28,
103,オコチョ,氷/竜,250,氷のおしえ,潜航,9,MVP_122,フリーズフィスト,氷,物理,45,100,28,
103,オコチョ,氷/竜,250,氷のおしえ,潜航,9,MVP_123,フロストストライクブロー,氷,物理,45,100,28,
103,オコチョ,氷/竜,250,氷のおしえ,潜航,9,MVP_141,ドラゴンファングストライク,竜,物理,45,100,30,
103,オコチョ,氷/竜,250,氷のおしえ,潜航,9,MV_214,バブルバラージ,水,物理,45,100,33,
103,オコチョ,氷/竜,250,氷のおしえ,潜航,9,MV_236,フレイムクロー,炎,物理,45,95,26,
103,オコチョ,氷/竜,250,氷のおしえ,潜航,10,MVP_043,サーフサウンドフィスト,水,物理,50,100,28,
103,オコチョ,氷/竜,250,氷のおしえ,潜航,10,MVP_044,ドロップストライクパンチ,水,物理,50,100,26,
103,オコチョ,氷/竜,250,氷のおしえ,潜航,10,MVP_124,アイスリングパンチ,氷,物理,50,100,26,
103,オコチョ,氷/竜,250,氷のおしえ,潜航,10,MVP_142,ドラゴンスケイルフィスト,竜,物理,50,100,28,
103,オコチョ,氷/竜,250,氷のおしえ,潜航,10,MV_246,フレイムファング,炎,物理,50,95,26,
103,オコチョ,氷/竜,250,氷のおしえ,潜航,10,MV_250,フレイムスラスト,炎,物理,50,100,27,
103,オコチョ,氷/竜,250,氷のおしえ,潜航,11,MV_216,ウォーターブレード,水,物理,55,100,27,
103,オコチョ,氷/竜,250,氷のおしえ,潜航,11,MV_221,ストリームコンボ,水,物理,55,100,27,
103,オコチョ,氷/竜,250,氷のおしえ,潜航,11,MV_237,ブレイズスラッシュ,炎,物理,55,95,24,
103,オコチョ,氷/竜,250,氷のおしえ,潜航,11,MV_245,フレイムホイール,炎,物理,55,95,24,
103,オコチョ,氷/竜,250,氷のおしえ,潜航,12,MVP_025,シアリングスラスト,炎,物理,60,100,21,
103B,モモチョ,炎/竜,255,炎のおしえ,放熱器官,3,mvn_034,バイオレットボルト,雷,特殊,15,85,36,
103B,モモチョ,炎/竜,255,炎のおしえ,放熱器官,4,mvs_dragon_def_accuracy,ドラゴンオーラガード,竜,変化,0,100,15,
103B,モモチョ,炎/竜,255,炎のおしえ,放熱器官,5,MV_185,ボルトライトバレット,雷,特殊,25,100,33,
103B,モモチョ,炎/竜,255,炎のおしえ,放熱器官,6,shockwave,ショックウェーブ,雷,特殊,30,100,36,
103B,モモチョ,炎/竜,255,炎のおしえ,放熱器官,7,MVP_021,クリムゾンストライク,炎,物理,35,100,30,
103B,モモチョ,炎/竜,255,炎のおしえ,放熱器官,7,MV_233,シンダー,炎,物理,35,95,32,
103B,モモチョ,炎/竜,255,炎のおしえ,放熱器官,7,mvh_electric,トリプルボルトストライク,雷,物理,35,90,10,3発(発ごと命中)
103B,モモチョ,炎/竜,255,炎のおしえ,放熱器官,7,mvw_sunny,サンライトソング,炎,変化,0,100,16,
103B,モモチョ,炎/竜,255,炎のおしえ,放熱器官,8,MVP_022,スコーチフィスト,炎,物理,40,100,28,
103B,モモチョ,炎/竜,255,炎のおしえ,放熱器官,8,MVP_023,フォスファーブロー,炎,物理,40,100,28,
103B,モモチョ,炎/竜,255,炎のおしえ,放熱器官,8,MVP_061,バイオレットボルトストライク,雷,物理,40,100,30,
103B,モモチョ,炎/竜,255,炎のおしえ,放熱器官,8,MVP_062,サンダーロアフィスト,雷,物理,40,100,28,
103B,モモチョ,炎/竜,255,炎のおしえ,放熱器官,8,lock_on_laser,ロックオンレーザー,雷,特殊,40,100,30,
103B,モモチョ,炎/竜,255,炎のおしえ,放熱器官,9,MVP_024,ロースパンチ,炎,物理,45,100,26,
103B,モモチョ,炎/竜,255,炎のおしえ,放熱器官,9,MVP_063,フラッシュボルトブロー,雷,物理,45,100,28,
103B,モモチョ,炎/竜,255,炎のおしえ,放熱器官,9,MVP_141,ドラゴンファングストライク,竜,物理,45,100,30,
103B,モモチョ,炎/竜,255,炎のおしえ,放熱器官,9,MV_168,スパークボルト,雷,物理,45,95,28,
103B,モモチョ,炎/竜,255,炎のおしえ,放熱器官,9,MV_236,フレイムクロー,炎,物理,45,95,26,
103B,モモチョ,炎/竜,255,炎のおしえ,放熱器官,9,mvn_040,ボルトトレイル,雷,特殊,45,100,24,
103B,モモチョ,炎/竜,255,炎のおしえ,放熱器官,10,MVP_064,ボルトチャージパンチ,雷,物理,50,100,26,
103B,モモチョ,炎/竜,255,炎のおしえ,放熱器官,10,MVP_142,ドラゴンスケイルフィスト,竜,物理,50,100,28,
103B,モモチョ,炎/竜,255,炎のおしえ,放熱器官,10,MVP_143,ドラゴンヴェインブロー,竜,物理,50,100,28,
103B,モモチョ,炎/竜,255,炎のおしえ,放熱器官,10,MV_182,ショックスティング,雷,物理,50,100,30,
103B,モモチョ,炎/竜,255,炎のおしえ,放熱器官,11,MV_183,ライトニングスラスト,雷,物理,55,100,27,
103B,モモチョ,炎/竜,255,炎のおしえ,放熱器官,12,MVP_065,スイフトボルトスラスト,雷,物理,60,100,21,
103B,モモチョ,炎/竜,255,炎のおしえ,放熱器官,12,MV_170,ディスチャージ,雷,物理,60,95,24,
103B,モモチョ,炎/竜,255,炎のおしえ,放熱器官,13,MVP_066,ボルトリングフィスト,雷,物理,65,100,18,
103B,モモチョ,炎/竜,255,炎のおしえ,放熱器官,14,MVP_067,ボルトトレイルストライク,雷,物理,70,100,15,
103B,モモチョ,炎/竜,255,炎のおしえ,放熱器官,15,MVP_068,スタティックブロー,雷,物理,75,90,11,
103B,モモチョ,炎/竜,255,炎のおしえ,放熱器官,15,MVP_069,ボルトコアパンチ,雷,物理,75,90,11,
103B,モモチョ,炎/竜,255,炎のおしえ,放熱器官,16,MVP_070,ボルトフラッシュスラスト,雷,物理,80,100,6,
103B,モモチョ,炎/竜,255,炎のおしえ,放熱器官,16,MVP_071,ボルトグレインフィスト,雷,物理,80,90,8,
104,イグニクス,炎,320,炎のおしえ,飛行,3,air_cannon,エアーキャノン,無,特殊,15,100,42,
104,イグニクス,炎,320,炎のおしえ,飛行,3,mvn_034,バイオレットボルト,雷,特殊,15,85,36,
104,イグニクス,炎,320,炎のおしえ,飛行,4,mvs_fire_atk_evasion,フレイムステップ,炎,変化,0,100,15,
104,イグニクス,炎,320,炎のおしえ,飛行,5,MV_160,クリティカルエイム,無,特殊,25,100,28,
104,イグニクス,炎,320,炎のおしえ,飛行,5,MV_185,ボルトライトバレット,雷,特殊,25,100,33,
104,イグニクス,炎,320,炎のおしえ,飛行,6,MVP_001,ホワイトストライク,無,物理,30,100,30,
104,イグニクス,炎,320,炎のおしえ,飛行,6,MV_137,バックフィスト,無,物理,30,100,36,
104,イグニクス,炎,320,炎のおしえ,飛行,6,mvn_003,ヴォイドエコー,無,特殊,30,90,32,
104,イグニクス,炎,320,炎のおしえ,飛行,6,mvn_004,ベアストライク,無,特殊,30,90,30,
104,イグニクス,炎,320,炎のおしえ,飛行,7,MVP_021,クリムゾンストライク,炎,物理,35,100,30,
104,イグニクス,炎,320,炎のおしえ,飛行,7,MV_138,ダブルスラスト,無,物理,35,100,33,
104,イグニクス,炎,320,炎のおしえ,飛行,7,MV_139,テイルスイープ,無,物理,35,100,33,
104,イグニクス,炎,320,炎のおしえ,飛行,7,MV_233,シンダー,炎,物理,35,95,32,
104,イグニクス,炎,320,炎のおしえ,飛行,7,mvh_electric,トリプルボルトストライク,雷,物理,35,90,10,3発(発ごと命中)
104,イグニクス,炎,320,炎のおしえ,飛行,8,MVP_022,スコーチフィスト,炎,物理,40,100,28,
104,イグニクス,炎,320,炎のおしえ,飛行,8,MVP_023,フォスファーブロー,炎,物理,40,100,28,
104,イグニクス,炎,320,炎のおしえ,飛行,8,MVP_061,バイオレットボルトストライク,雷,物理,40,100,30,
104,イグニクス,炎,320,炎のおしえ,飛行,8,MVP_062,サンダーロアフィスト,雷,物理,40,100,28,
104,イグニクス,炎,320,炎のおしえ,飛行,8,MV_140,ヘッドバット,無,物理,40,100,33,
104,イグニクス,炎,320,炎のおしえ,飛行,8,MV_141,スピンタックル,無,物理,40,100,33,
104,イグニクス,炎,320,炎のおしえ,飛行,9,MVP_024,ロースパンチ,炎,物理,45,100,26,
104,イグニクス,炎,320,炎のおしえ,飛行,9,MVP_063,フラッシュボルトブロー,雷,物理,45,100,28,
104,イグニクス,炎,320,炎のおしえ,飛行,9,MV_142,フライングキック,無,物理,45,100,33,
104,イグニクス,炎,320,炎のおしえ,飛行,9,MV_143,ブラントエッジ,無,物理,45,100,33,
104,イグニクス,炎,320,炎のおしえ,飛行,9,MV_168,スパークボルト,雷,物理,45,95,28,
104,イグニクス,炎,320,炎のおしえ,飛行,9,MV_236,フレイムクロー,炎,物理,45,95,26,
104,イグニクス,炎,320,炎のおしえ,飛行,10,MVP_002,マッチレスブロー,無,物理,50,100,28,
104,イグニクス,炎,320,炎のおしえ,飛行,10,MVP_064,ボルトチャージパンチ,雷,物理,50,100,26,
104,イグニクス,炎,320,炎のおしえ,飛行,10,MV_145,ラッシュスラスト,無,物理,50,100,33,
104,イグニクス,炎,320,炎のおしえ,飛行,10,MV_182,ショックスティング,雷,物理,50,100,30,
104,イグニクス,炎,320,炎のおしえ,飛行,10,MV_246,フレイムファング,炎,物理,50,95,26,
104,イグニクス,炎,320,炎のおしえ,飛行,10,MV_250,フレイムスラスト,炎,物理,50,100,27,
104,イグニクス,炎,320,炎のおしえ,飛行,11,MVP_003,ヴォイドクラッシュ,無,物理,55,100,28,
105,マグマンダー,炎/地,350,ハブーブ,放熱器官,3,air_cannon,エアーキャノン,無,特殊,15,100,42,
105,マグマンダー,炎/地,350,ハブーブ,放熱器官,3,mvn_034,バイオレットボルト,雷,特殊,15,85,36,
105,マグマンダー,炎/地,350,ハブーブ,放熱器官,5,MV_160,クリティカルエイム,無,特殊,25,100,28,
105,マグマンダー,炎/地,350,ハブーブ,放熱器官,5,MV_185,ボルトライトバレット,雷,特殊,25,100,33,
105,マグマンダー,炎/地,350,ハブーブ,放熱器官,5,mvh_ground,ロックバラージブロー,地,物理,25,95,15,2〜5発
105,マグマンダー,炎/地,350,ハブーブ,放熱器官,6,MVP_001,ホワイトストライク,無,物理,30,100,30,
105,マグマンダー,炎/地,350,ハブーブ,放熱器官,6,MV_137,バックフィスト,無,物理,30,100,36,
105,マグマンダー,炎/地,350,ハブーブ,放熱器官,6,mvn_003,ヴォイドエコー,無,特殊,30,90,32,
105,マグマンダー,炎/地,350,ハブーブ,放熱器官,6,mvn_004,ベアストライク,無,特殊,30,90,30,
105,マグマンダー,炎/地,350,ハブーブ,放熱器官,7,MVP_021,クリムゾンストライク,炎,物理,35,100,30,
105,マグマンダー,炎/地,350,ハブーブ,放熱器官,7,MV_138,ダブルスラスト,無,物理,35,100,33,
105,マグマンダー,炎/地,350,ハブーブ,放熱器官,7,MV_139,テイルスイープ,無,物理,35,100,33,
105,マグマンダー,炎/地,350,ハブーブ,放熱器官,7,MV_233,シンダー,炎,物理,35,95,32,
105,マグマンダー,炎/地,350,ハブーブ,放熱器官,7,MV_256,ストーンペブル,地,物理,35,100,36,
105,マグマンダー,炎/地,350,ハブーブ,放熱器官,7,mvh_electric,トリプルボルトストライク,雷,物理,35,90,10,3発(発ごと命中)
105,マグマンダー,炎/地,350,ハブーブ,放熱器官,8,MVP_022,スコーチフィスト,炎,物理,40,100,28,
105,マグマンダー,炎/地,350,ハブーブ,放熱器官,8,MVP_023,フォスファーブロー,炎,物理,40,100,28,
105,マグマンダー,炎/地,350,ハブーブ,放熱器官,8,MVP_061,バイオレットボルトストライク,雷,物理,40,100,30,
105,マグマンダー,炎/地,350,ハブーブ,放熱器官,8,MVP_062,サンダーロアフィスト,雷,物理,40,100,28,
105,マグマンダー,炎/地,350,ハブーブ,放熱器官,8,MVP_081,クロッドストライク,地,物理,40,100,30,
105,マグマンダー,炎/地,350,ハブーブ,放熱器官,8,MV_140,ヘッドバット,無,物理,40,100,33,
105,マグマンダー,炎/地,350,ハブーブ,放熱器官,8,MV_141,スピンタックル,無,物理,40,100,33,
105,マグマンダー,炎/地,350,ハブーブ,放熱器官,8,MV_260,ブラインドサンド,地,物理,40,100,32,
105,マグマンダー,炎/地,350,ハブーブ,放熱器官,9,MVP_063,フラッシュボルトブロー,雷,物理,45,100,28,
105,マグマンダー,炎/地,350,ハブーブ,放熱器官,9,MV_142,フライングキック,無,物理,45,100,33,
105,マグマンダー,炎/地,350,ハブーブ,放熱器官,9,MV_143,ブラントエッジ,無,物理,45,100,33,
105,マグマンダー,炎/地,350,ハブーブ,放熱器官,9,MV_168,スパークボルト,雷,物理,45,95,28,
105,マグマンダー,炎/地,350,ハブーブ,放熱器官,10,MVP_002,マッチレスブロー,無,物理,50,100,28,
105,マグマンダー,炎/地,350,ハブーブ,放熱器官,10,MVP_064,ボルトチャージパンチ,雷,物理,50,100,26,
105,マグマンダー,炎/地,350,ハブーブ,放熱器官,10,MV_145,ラッシュスラスト,無,物理,50,100,33,
105,マグマンダー,炎/地,350,ハブーブ,放熱器官,10,mvs_ep_ground,アースコアピーク,地,変化,0,100,10,
105B,ブリザンダー,氷/地,355,サンドバッグ,,3,air_cannon,エアーキャノン,無,特殊,15,100,42,
105B,ブリザンダー,氷/地,355,サンドバッグ,,3,mvn_012,クリムゾン,炎,特殊,15,85,36,
105B,ブリザンダー,氷/地,355,サンドバッグ,,3,mvn_023,クリアストリーム,水,特殊,15,100,36,
105B,ブリザンダー,氷/地,355,サンドバッグ,,4,MV_247,ファイアスフィア,炎,特殊,20,100,30,
105B,ブリザンダー,氷/地,355,サンドバッグ,,4,mvs_ground_atk_accuracy,アースエイム,地,変化,0,100,15,
105B,ブリザンダー,氷/地,355,サンドバッグ,,5,MV_160,クリティカルエイム,無,特殊,25,100,28,
105B,ブリザンダー,氷/地,355,サンドバッグ,,5,aqua_gun,アクアショット,水,特殊,25,100,36,
105B,ブリザンダー,氷/地,355,サンドバッグ,,5,mvh_ground,ロックバラージブロー,地,物理,25,95,15,2〜5発
105B,ブリザンダー,氷/地,355,サンドバッグ,,5,mvh_water,タービュレントラッシュ,水,物理,25,95,15,2〜5発
105B,ブリザンダー,氷/地,355,サンドバッグ,,6,MVP_001,ホワイトストライク,無,物理,30,100,30,
105B,ブリザンダー,氷/地,355,サンドバッグ,,6,MV_137,バックフィスト,無,物理,30,100,36,
105B,ブリザンダー,氷/地,355,サンドバッグ,,7,MVP_021,クリムゾンストライク,炎,物理,35,100,30,
105B,ブリザンダー,氷/地,355,サンドバッグ,,7,MV_138,ダブルスラスト,無,物理,35,100,33,
105B,ブリザンダー,氷/地,355,サンドバッグ,,7,MV_139,テイルスイープ,無,物理,35,100,33,
105B,ブリザンダー,氷/地,355,サンドバッグ,,7,MV_187,アイスペブル,氷,物理,35,100,36,
105B,ブリザンダー,氷/地,355,サンドバッグ,,7,MV_212,ウォーターガン,水,物理,35,100,36,
105B,ブリザンダー,氷/地,355,サンドバッグ,,7,MV_233,シンダー,炎,物理,35,95,32,
105B,ブリザンダー,氷/地,355,サンドバッグ,,7,MV_256,ストーンペブル,地,物理,35,100,36,
105B,ブリザンダー,氷/地,355,サンドバッグ,,7,mvh_ice,トリプルアイスブレード,氷,物理,35,90,10,3発(発ごと命中)
105B,ブリザンダー,氷/地,355,サンドバッグ,,8,MVP_022,スコーチフィスト,炎,物理,40,100,28,
105B,ブリザンダー,氷/地,355,サンドバッグ,,8,MVP_023,フォスファーブロー,炎,物理,40,100,28,
105B,ブリザンダー,氷/地,355,サンドバッグ,,8,MVP_041,クリアストリームストライク,水,物理,40,100,30,
105B,ブリザンダー,氷/地,355,サンドバッグ,,8,MVP_081,クロッドストライク,地,物理,40,100,30,
105B,ブリザンダー,氷/地,355,サンドバッグ,,8,MVP_121,ホワイトアイスストライク,氷,物理,40,100,30,
105B,ブリザンダー,氷/地,355,サンドバッグ,,8,MV_140,ヘッドバット,無,物理,40,100,33,
105B,ブリザンダー,氷/地,355,サンドバッグ,,8,MV_141,スピンタックル,無,物理,40,100,33,
105B,ブリザンダー,氷/地,355,サンドバッグ,,8,MV_188,アイスブレード,氷,物理,40,100,33,
105B,ブリザンダー,氷/地,355,サンドバッグ,,8,MV_260,ブラインドサンド,地,物理,40,100,32,
105B,ブリザンダー,氷/地,355,サンドバッグ,,9,MVP_024,ロースパンチ,炎,物理,45,100,26,
105B,ブリザンダー,氷/地,355,サンドバッグ,,9,MVP_042,ミラーウォーターブロー,水,物理,45,100,28,
105B,ブリザンダー,氷/地,355,サンドバッグ,,9,MV_142,フライングキック,無,物理,45,100,33,
106,ココヤンバ,草,330,草のちから,,1,MV_300,リーフハイドスタンス,草,変化,0,100,15,
106,ココヤンバ,草,330,草のちから,,3,air_cannon,エアーキャノン,無,特殊,15,100,42,
106,ココヤンバ,草,330,草のちから,,3,mvn_023,クリアストリーム,水,特殊,15,100,36,
106,ココヤンバ,草,330,草のちから,,5,MV_160,クリティカルエイム,無,特殊,25,100,28,
106,ココヤンバ,草,330,草のちから,,5,aqua_gun,アクアショット,水,特殊,25,100,36,
106,ココヤンバ,草,330,草のちから,,5,mvh_water,タービュレントラッシュ,水,物理,25,95,15,2〜5発
106,ココヤンバ,草,330,草のちから,,6,MVP_001,ホワイトストライク,無,物理,30,100,30,
106,ココヤンバ,草,330,草のちから,,6,MV_137,バックフィスト,無,物理,30,100,36,
106,ココヤンバ,草,330,草のちから,,6,mvn_003,ヴォイドエコー,無,特殊,30,90,32,
106,ココヤンバ,草,330,草のちから,,6,mvn_004,ベアストライク,無,特殊,30,90,30,
106,ココヤンバ,草,330,草のちから,,7,MV_138,ダブルスラスト,無,物理,35,100,33,
106,ココヤンバ,草,330,草のちから,,7,MV_139,テイルスイープ,無,物理,35,100,33,
106,ココヤンバ,草,330,草のちから,,7,MV_212,ウォーターガン,水,物理,35,100,36,
106,ココヤンバ,草,330,草のちから,,7,MV_281,リーフブレード,草,物理,35,100,36,
106,ココヤンバ,草,330,草のちから,,8,MVP_041,クリアストリームストライク,水,物理,40,100,30,
106,ココヤンバ,草,330,草のちから,,8,MVP_101,グリーンリーフストライク,草,物理,40,100,30,
106,ココヤンバ,草,330,草のちから,,8,MV_140,ヘッドバット,無,物理,40,100,33,
106,ココヤンバ,草,330,草のちから,,8,MV_141,スピンタックル,無,物理,40,100,33,
106,ココヤンバ,草,330,草のちから,,8,MV_282,シードショット,草,物理,40,100,33,
106,ココヤンバ,草,330,草のちから,,9,MVP_042,ミラーウォーターブロー,水,物理,45,100,28,
106,ココヤンバ,草,330,草のちから,,9,MVP_102,アイビーストライクフィスト,草,物理,45,100,28,
106,ココヤンバ,草,330,草のちから,,9,MV_142,フライングキック,無,物理,45,100,33,
106,ココヤンバ,草,330,草のちから,,9,MV_143,ブラントエッジ,無,物理,45,100,33,
106,ココヤンバ,草,330,草のちから,,9,MV_214,バブルバラージ,水,物理,45,100,33,
106,ココヤンバ,草,330,草のちから,,9,MV_283,ヴァインウィップ,草,物理,45,100,33,
106,ココヤンバ,草,330,草のちから,,10,MVP_002,マッチレスブロー,無,物理,50,100,28,
106,ココヤンバ,草,330,草のちから,,10,MVP_043,サーフサウンドフィスト,水,物理,50,100,28,
106,ココヤンバ,草,330,草のちから,,10,MVP_044,ドロップストライクパンチ,水,物理,50,100,26,
106,ココヤンバ,草,330,草のちから,,10,MVP_103,リーフヴェインブロー,草,物理,50,100,28,
106,ココヤンバ,草,330,草のちから,,10,MVP_104,フレッシュリーフパンチ,草,物理,50,100,26,
106,ココヤンバ,草,330,草のちから,,10,MV_145,ラッシュスラスト,無,物理,50,100,33,
106,ココヤンバ,草,330,草のちから,,11,MVP_003,ヴォイドクラッシュ,無,物理,55,100,28,
106,ココヤンバ,草,330,草のちから,,11,MV_144,クラッシュブロー,無,物理,55,100,30,
107,ドリタス,地,295,ニードルアーマー,,3,mvn_012,クリムゾン,炎,特殊,15,85,36,
107,ドリタス,地,295,ニードルアーマー,,4,MV_247,ファイアスフィア,炎,特殊,20,100,30,
107,ドリタス,地,295,ニードルアーマー,,4,mvs_ground_atk_def,アーススタンス,地,変化,0,100,15,
107,ドリタス,地,295,ニードルアーマー,,5,mvh_ground,ロックバラージブロー,地,物理,25,95,15,2〜5発
107,ドリタス,地,295,ニードルアーマー,,6,MV_234,ブレイズバレット,炎,特殊,30,95,30,
107,ドリタス,地,295,ニードルアーマー,,7,MVP_021,クリムゾンストライク,炎,物理,35,100,30,
107,ドリタス,地,295,ニードルアーマー,,7,MV_233,シンダー,炎,物理,35,95,32,
107,ドリタス,地,295,ニードルアーマー,,7,MV_256,ストーンペブル,地,物理,35,100,36,
107,ドリタス,地,295,ニードルアーマー,,7,mvw_sandstorm,サンドストーム,地,変化,0,100,16,
107,ドリタス,地,295,ニードルアーマー,,8,MVP_022,スコーチフィスト,炎,物理,40,100,28,
107,ドリタス,地,295,ニードルアーマー,,8,MVP_023,フォスファーブロー,炎,物理,40,100,28,
107,ドリタス,地,295,ニードルアーマー,,8,MVP_081,クロッドストライク,地,物理,40,100,30,
107,ドリタス,地,295,ニードルアーマー,,8,MV_255,ブレイズバラージ,炎,特殊,40,95,26,
107,ドリタス,地,295,ニードルアーマー,,8,MV_260,ブラインドサンド,地,物理,40,100,32,
107,ドリタス,地,295,ニードルアーマー,,9,MVP_024,ロースパンチ,炎,物理,45,100,26,
107,ドリタス,地,295,ニードルアーマー,,9,MV_236,フレイムクロー,炎,物理,45,95,26,
107,ドリタス,地,295,ニードルアーマー,,9,MV_257,ロックバレット,地,物理,45,100,33,
107,ドリタス,地,295,ニードルアーマー,,9,MV_259,サンドスプレー,地,物理,45,100,30,
107,ドリタス,地,295,ニードルアーマー,,10,MVP_082,ベッドロックフィスト,地,物理,50,100,28,
107,ドリタス,地,295,ニードルアーマー,,10,MVP_083,レイラインブロー,地,物理,50,100,28,
107,ドリタス,地,295,ニードルアーマー,,10,MV_246,フレイムファング,炎,物理,50,95,26,
107,ドリタス,地,295,ニードルアーマー,,10,MV_250,フレイムスラスト,炎,物理,50,100,27,
107,ドリタス,地,295,ニードルアーマー,,11,MVP_084,クラッシュソイルパンチ,地,物理,55,100,26,
107,ドリタス,地,295,ニードルアーマー,,11,MV_237,ブレイズスラッシュ,炎,物理,55,95,24,
107,ドリタス,地,295,ニードルアーマー,,11,MV_245,フレイムホイール,炎,物理,55,95,24,
107,ドリタス,地,295,ニードルアーマー,,12,MVP_025,シアリングスラスト,炎,物理,60,100,21,
107,ドリタス,地,295,ニードルアーマー,,12,MV_253,ブレイジングパンチ,炎,物理,60,100,24,
107,ドリタス,地,295,ニードルアーマー,,13,MV_238,ワイルドファイアフィスト,炎,物理,65,95,21,
107,ドリタス,地,295,ニードルアーマー,,13,MV_252,シアリングスラッシュ,炎,物理,65,100,21,
107,ドリタス,地,295,ニードルアーマー,,14,MVP_026,エンバーフィスト,炎,物理,70,100,18,
107,ドリタス,地,295,ニードルアーマー,,14,MVP_027,フレイムストライク,炎,物理,70,100,15,
107,ドリタス,地,295,ニードルアーマー,,15,MVP_028,フレイムアレイブロー,炎,物理,75,90,11,
107,ドリタス,地,295,ニードルアーマー,,15,MVP_029,ヘルフレイムパンチ,炎,物理,75,90,11,
108,ラブラドン,草,310,草のちから,,3,air_cannon,エアーキャノン,無,特殊,15,100,42,
108,ラブラドン,草,310,草のちから,,3,mvn_023,クリアストリーム,水,特殊,15,100,36,
108,ラブラドン,草,310,草のちから,,4,mvs_grass_accuracy_evasion,フレッシュグリーンアイ,草,変化,0,100,15,
108,ラブラドン,草,310,草のちから,,4,mvs_grass_def_crit,フレッシュグリーンアーマー,草,変化,0,100,15,
108,ラブラドン,草,310,草のちから,,5,MV_160,クリティカルエイム,無,特殊,25,100,28,
108,ラブラドン,草,310,草のちから,,5,aqua_gun,アクアショット,水,特殊,25,100,36,
108,ラブラドン,草,310,草のちから,,5,mvh_water,タービュレントラッシュ,水,物理,25,95,15,2〜5発
108,ラブラドン,草,310,草のちから,,6,MVP_001,ホワイトストライク,無,物理,30,100,30,
108,ラブラドン,草,310,草のちから,,6,MV_137,バックフィスト,無,物理,30,100,36,
108,ラブラドン,草,310,草のちから,,6,mvn_003,ヴォイドエコー,無,特殊,30,90,32,
108,ラブラドン,草,310,草のちから,,6,mvn_004,ベアストライク,無,特殊,30,90,30,
108,ラブラドン,草,310,草のちから,,7,MV_138,ダブルスラスト,無,物理,35,100,33,
108,ラブラドン,草,310,草のちから,,7,MV_139,テイルスイープ,無,物理,35,100,33,
108,ラブラドン,草,310,草のちから,,7,MV_212,ウォーターガン,水,物理,35,100,36,
108,ラブラドン,草,310,草のちから,,7,MV_281,リーフブレード,草,物理,35,100,36,
108,ラブラドン,草,310,草のちから,,8,MVP_041,クリアストリームストライク,水,物理,40,100,30,
108,ラブラドン,草,310,草のちから,,8,MVP_101,グリーンリーフストライク,草,物理,40,100,30,
108,ラブラドン,草,310,草のちから,,8,MV_140,ヘッドバット,無,物理,40,100,33,
108,ラブラドン,草,310,草のちから,,8,MV_141,スピンタックル,無,物理,40,100,33,
108,ラブラドン,草,310,草のちから,,8,MV_282,シードショット,草,物理,40,100,33,
108,ラブラドン,草,310,草のちから,,9,MVP_042,ミラーウォーターブロー,水,物理,45,100,28,
108,ラブラドン,草,310,草のちから,,9,MVP_102,アイビーストライクフィスト,草,物理,45,100,28,
108,ラブラドン,草,310,草のちから,,9,MV_142,フライングキック,無,物理,45,100,33,
108,ラブラドン,草,310,草のちから,,9,MV_143,ブラントエッジ,無,物理,45,100,33,
108,ラブラドン,草,310,草のちから,,9,MV_214,バブルバラージ,水,物理,45,100,33,
108,ラブラドン,草,310,草のちから,,9,MV_283,ヴァインウィップ,草,物理,45,100,33,
108,ラブラドン,草,310,草のちから,,10,MVP_002,マッチレスブロー,無,物理,50,100,28,
108,ラブラドン,草,310,草のちから,,10,MVP_043,サーフサウンドフィスト,水,物理,50,100,28,
108,ラブラドン,草,310,草のちから,,10,MVP_044,ドロップストライクパンチ,水,物理,50,100,26,
108,ラブラドン,草,310,草のちから,,10,MVP_103,リーフヴェインブロー,草,物理,50,100,28,
108,ラブラドン,草,310,草のちから,,10,MVP_104,フレッシュリーフパンチ,草,物理,50,100,26,
108,ラブラドン,草,310,草のちから,,10,MV_145,ラッシュスラスト,無,物理,50,100,33,
108,ラブラドン,草,310,草のちから,,11,MVP_003,ヴォイドクラッシュ,無,物理,55,100,28,
108,ラブラドン,草,310,草のちから,,11,MV_144,クラッシュブロー,無,物理,55,100,30,
108B,スプラドン,草/水,315,草のちから,潜航,3,air_cannon,エアーキャノン,無,特殊,15,100,42,
108B,スプラドン,草/水,315,草のちから,潜航,3,mvn_045,クロッド,地,特殊,15,100,36,
108B,スプラドン,草/水,315,草のちから,潜航,4,MV_280,サンドバインド,地,特殊,20,100,28,
108B,スプラドン,草/水,315,草のちから,潜航,5,MV_160,クリティカルエイム,無,特殊,25,100,28,
108B,スプラドン,草/水,315,草のちから,潜航,5,mvh_ground,ロックバラージブロー,地,物理,25,95,15,2〜5発
108B,スプラドン,草/水,315,草のちから,潜航,5,mvh_water,タービュレントラッシュ,水,物理,25,95,15,2〜5発
108B,スプラドン,草/水,315,草のちから,潜航,6,MVP_001,ホワイトストライク,無,物理,30,100,30,
108B,スプラドン,草/水,315,草のちから,潜航,6,MV_137,バックフィスト,無,物理,30,100,36,
108B,スプラドン,草/水,315,草のちから,潜航,6,mvn_003,ヴォイドエコー,無,特殊,30,90,32,
108B,スプラドン,草/水,315,草のちから,潜航,6,mvn_004,ベアストライク,無,特殊,30,90,30,
108B,スプラドン,草/水,315,草のちから,潜航,7,MV_138,ダブルスラスト,無,物理,35,100,33,
108B,スプラドン,草/水,315,草のちから,潜航,7,MV_139,テイルスイープ,無,物理,35,100,33,
108B,スプラドン,草/水,315,草のちから,潜航,7,MV_212,ウォーターガン,水,物理,35,100,36,
108B,スプラドン,草/水,315,草のちから,潜航,7,MV_256,ストーンペブル,地,物理,35,100,36,
108B,スプラドン,草/水,315,草のちから,潜航,7,MV_281,リーフブレード,草,物理,35,100,36,
108B,スプラドン,草/水,315,草のちから,潜航,8,MVP_041,クリアストリームストライク,水,物理,40,100,30,
108B,スプラドン,草/水,315,草のちから,潜航,8,MVP_081,クロッドストライク,地,物理,40,100,30,
108B,スプラドン,草/水,315,草のちから,潜航,8,MVP_101,グリーンリーフストライク,草,物理,40,100,30,
108B,スプラドン,草/水,315,草のちから,潜航,8,MV_140,ヘッドバット,無,物理,40,100,33,
108B,スプラドン,草/水,315,草のちから,潜航,8,MV_141,スピンタックル,無,物理,40,100,33,
108B,スプラドン,草/水,315,草のちから,潜航,8,MV_260,ブラインドサンド,地,物理,40,100,32,
108B,スプラドン,草/水,315,草のちから,潜航,8,MV_282,シードショット,草,物理,40,100,33,
108B,スプラドン,草/水,315,草のちから,潜航,9,MVP_042,ミラーウォーターブロー,水,物理,45,100,28,
108B,スプラドン,草/水,315,草のちから,潜航,9,MVP_102,アイビーストライクフィスト,草,物理,45,100,28,
108B,スプラドン,草/水,315,草のちから,潜航,9,MV_142,フライングキック,無,物理,45,100,33,
108B,スプラドン,草/水,315,草のちから,潜航,9,MV_143,ブラントエッジ,無,物理,45,100,33,
108B,スプラドン,草/水,315,草のちから,潜航,9,MV_214,バブルバラージ,水,物理,45,100,33,
108B,スプラドン,草/水,315,草のちから,潜航,9,MV_257,ロックバレット,地,物理,45,100,33,
108B,スプラドン,草/水,315,草のちから,潜航,9,MV_259,サンドスプレー,地,物理,45,100,30,
108B,スプラドン,草/水,315,草のちから,潜航,10,MVP_002,マッチレスブロー,無,物理,50,100,28,
108B,スプラドン,草/水,315,草のちから,潜航,10,MVP_082,ベッドロックフィスト,地,物理,50,100,28,
108B,スプラドン,草/水,315,草のちから,潜航,10,MVP_083,レイラインブロー,地,物理,50,100,28,
108B,スプラドン,草/水,315,草のちから,潜航,10,mvs_ep_grass,ヴァーダントピーク,草,変化,0,100,10,
109,トドドドン,地/水,265,地流,,1,MV_161,ディスラプト,無,変化,0,100,15,
109,トドドドン,地/水,265,地流,,1,MV_162,インティミデート,無,変化,0,100,15,
109,トドドドン,地/水,265,地流,,1,MV_232,クリアストリームスタンス,水,変化,0,100,15,
109,トドドドン,地/水,265,地流,,1,MV_273,サンドダストスタンス,地,変化,0,100,15,
109,トドドドン,地/水,265,地流,,3,mvn_012,クリムゾン,炎,特殊,15,85,36,
109,トドドドン,地/水,265,地流,,4,MV_122,カースウィスパー,闇,変化,0,100,15,
109,トドドドン,地/水,265,地流,,4,MV_129,ネザーコール,闇,変化,0,100,15,
109,トドドドン,地/水,265,地流,,4,MV_247,ファイアスフィア,炎,特殊,20,100,30,
109,トドドドン,地/水,265,地流,,4,jiware,フィッシャー,地,変化,0,100,16,
109,トドドドン,地/水,265,地流,,4,mvs_ground_atk_accuracy,アースエイム,地,変化,0,100,15,
109,トドドドン,地/水,265,地流,,4,mvs_ground_atk_def,アーススタンス,地,変化,0,100,15,
109,トドドドン,地/水,265,地流,,4,mvs_water_def_accuracy,サーフェスガード,水,変化,0,100,15,
109,トドドドン,地/水,265,地流,,4,mvs_water_def_evasion,サーフェスヴェール,水,変化,0,100,15,
109,トドドドン,地/水,265,地流,,5,mvh_ground,ロックバラージブロー,地,物理,25,95,15,2〜5発
109,トドドドン,地/水,265,地流,,5,mvh_water,タービュレントラッシュ,水,物理,25,95,15,2〜5発
109,トドドドン,地/水,265,地流,,6,MV_234,ブレイズバレット,炎,特殊,30,95,30,
109,トドドドン,地/水,265,地流,,7,MVP_021,クリムゾンストライク,炎,物理,35,100,30,
109,トドドドン,地/水,265,地流,,7,MV_212,ウォーターガン,水,物理,35,100,36,
109,トドドドン,地/水,265,地流,,7,MV_233,シンダー,炎,物理,35,95,32,
109,トドドドン,地/水,265,地流,,7,MV_256,ストーンペブル,地,物理,35,100,36,
109,トドドドン,地/水,265,地流,,7,mvs_big_water,ラピッドストリームスタンス,水,変化,0,100,10,
109,トドドドン,地/水,265,地流,,7,mvw_rain,レインダンス,水,変化,0,100,16,
109,トドドドン,地/水,265,地流,,7,mvw_sandstorm,サンドストーム,地,変化,0,100,16,
109,トドドドン,地/水,265,地流,,8,MVP_022,スコーチフィスト,炎,物理,40,100,28,
109,トドドドン,地/水,265,地流,,8,MVP_023,フォスファーブロー,炎,物理,40,100,28,
109,トドドドン,地/水,265,地流,,8,MVP_041,クリアストリームストライク,水,物理,40,100,30,
109,トドドドン,地/水,265,地流,,8,MVP_081,クロッドストライク,地,物理,40,100,30,
109,トドドドン,地/水,265,地流,,8,MV_260,ブラインドサンド,地,物理,40,100,32,
109,トドドドン,地/水,265,地流,,9,MVP_024,ロースパンチ,炎,物理,45,100,26,
109,トドドドン,地/水,265,地流,,9,MVP_042,ミラーウォーターブロー,水,物理,45,100,28,
109,トドドドン,地/水,265,地流,,9,MV_214,バブルバラージ,水,物理,45,100,33,
109,トドドドン,地/水,265,地流,,9,MV_236,フレイムクロー,炎,物理,45,95,26,
109,トドドドン,地/水,265,地流,,10,MV_246,フレイムファング,炎,物理,50,95,26,
109,トドドドン,地/水,265,地流,,10,MV_250,フレイムスラスト,炎,物理,50,100,27,
109,トドドドン,地/水,265,地流,,10,mvs_ep_ground,アースコアピーク,地,変化,0,100,10,
109,トドドドン,地/水,265,地流,,10,mvs_ep_water,ディープウォーターピーク,水,変化,0,100,10,
109B,ゴルドドン,地/水,280,地流,,1,MV_161,ディスラプト,無,変化,0,100,15,
109B,ゴルドドン,地/水,280,地流,,1,MV_232,クリアストリームスタンス,水,変化,0,100,15,
109B,ゴルドドン,地/水,280,地流,,1,MV_273,サンドダストスタンス,地,変化,0,100,15,
109B,ゴルドドン,地/水,280,地流,,3,mvn_012,クリムゾン,炎,特殊,15,85,36,
109B,ゴルドドン,地/水,280,地流,,4,MV_122,カースウィスパー,闇,変化,0,100,15,
109B,ゴルドドン,地/水,280,地流,,4,MV_129,ネザーコール,闇,変化,0,100,15,
109B,ゴルドドン,地/水,280,地流,,4,MV_247,ファイアスフィア,炎,特殊,20,100,30,
109B,ゴルドドン,地/水,280,地流,,4,jiware,フィッシャー,地,変化,0,100,16,
109B,ゴルドドン,地/水,280,地流,,4,mvs_ground_atk_accuracy,アースエイム,地,変化,0,100,15,
109B,ゴルドドン,地/水,280,地流,,4,mvs_ground_atk_def,アーススタンス,地,変化,0,100,15,
109B,ゴルドドン,地/水,280,地流,,4,mvs_water_def_accuracy,サーフェスガード,水,変化,0,100,15,
109B,ゴルドドン,地/水,280,地流,,4,mvs_water_def_evasion,サーフェスヴェール,水,変化,0,100,15,
109B,ゴルドドン,地/水,280,地流,,5,mvh_ground,ロックバラージブロー,地,物理,25,95,15,2〜5発
109B,ゴルドドン,地/水,280,地流,,5,mvh_water,タービュレントラッシュ,水,物理,25,95,15,2〜5発
109B,ゴルドドン,地/水,280,地流,,6,MV_234,ブレイズバレット,炎,特殊,30,95,30,
109B,ゴルドドン,地/水,280,地流,,7,MVP_021,クリムゾンストライク,炎,物理,35,100,30,
109B,ゴルドドン,地/水,280,地流,,7,MV_212,ウォーターガン,水,物理,35,100,36,
109B,ゴルドドン,地/水,280,地流,,7,MV_233,シンダー,炎,物理,35,95,32,
109B,ゴルドドン,地/水,280,地流,,7,MV_256,ストーンペブル,地,物理,35,100,36,
109B,ゴルドドン,地/水,280,地流,,7,mvs_big_water,ラピッドストリームスタンス,水,変化,0,100,10,
109B,ゴルドドン,地/水,280,地流,,7,mvw_rain,レインダンス,水,変化,0,100,16,
109B,ゴルドドン,地/水,280,地流,,7,mvw_sandstorm,サンドストーム,地,変化,0,100,16,
109B,ゴルドドン,地/水,280,地流,,8,MVP_022,スコーチフィスト,炎,物理,40,100,28,
109B,ゴルドドン,地/水,280,地流,,8,MVP_023,フォスファーブロー,炎,物理,40,100,28,
109B,ゴルドドン,地/水,280,地流,,8,MVP_041,クリアストリームストライク,水,物理,40,100,30,
109B,ゴルドドン,地/水,280,地流,,8,MVP_081,クロッドストライク,地,物理,40,100,30,
109B,ゴルドドン,地/水,280,地流,,8,MV_260,ブラインドサンド,地,物理,40,100,32,
109B,ゴルドドン,地/水,280,地流,,9,MVP_024,ロースパンチ,炎,物理,45,100,26,
109B,ゴルドドン,地/水,280,地流,,9,MVP_042,ミラーウォーターブロー,水,物理,45,100,28,
109B,ゴルドドン,地/水,280,地流,,9,MV_214,バブルバラージ,水,物理,45,100,33,
109B,ゴルドドン,地/水,280,地流,,9,MV_236,フレイムクロー,炎,物理,45,95,26,
109B,ゴルドドン,地/水,280,地流,,10,MV_246,フレイムファング,炎,物理,50,95,26,
109B,ゴルドドン,地/水,280,地流,,10,MV_250,フレイムスラスト,炎,物理,50,100,27,
109B,ゴルドドン,地/水,280,地流,,10,mvs_ep_ground,アースコアピーク,地,変化,0,100,10,
109B,ゴルドドン,地/水,280,地流,,10,mvs_ep_water,ディープウォーターピーク,水,変化,0,100,10,
110,トコナッツ,草/地,345,オーバーヒール,,3,air_cannon,エアーキャノン,無,特殊,15,100,42,
110,トコナッツ,草/地,345,オーバーヒール,,3,mvn_012,クリムゾン,炎,特殊,15,85,36,
110,トコナッツ,草/地,345,オーバーヒール,,3,mvn_023,クリアストリーム,水,特殊,15,100,36,
110,トコナッツ,草/地,345,オーバーヒール,,4,MV_247,ファイアスフィア,炎,特殊,20,100,30,
110,トコナッツ,草/地,345,オーバーヒール,,5,MV_160,クリティカルエイム,無,特殊,25,100,28,
110,トコナッツ,草/地,345,オーバーヒール,,5,aqua_gun,アクアショット,水,特殊,25,100,36,
110,トコナッツ,草/地,345,オーバーヒール,,5,mvh_ground,ロックバラージブロー,地,物理,25,95,15,2〜5発
110,トコナッツ,草/地,345,オーバーヒール,,5,mvh_water,タービュレントラッシュ,水,物理,25,95,15,2〜5発
110,トコナッツ,草/地,345,オーバーヒール,,6,MVP_001,ホワイトストライク,無,物理,30,100,30,
110,トコナッツ,草/地,345,オーバーヒール,,6,MV_137,バックフィスト,無,物理,30,100,36,
110,トコナッツ,草/地,345,オーバーヒール,,7,MVP_021,クリムゾンストライク,炎,物理,35,100,30,
110,トコナッツ,草/地,345,オーバーヒール,,7,MV_138,ダブルスラスト,無,物理,35,100,33,
110,トコナッツ,草/地,345,オーバーヒール,,7,MV_139,テイルスイープ,無,物理,35,100,33,
110,トコナッツ,草/地,345,オーバーヒール,,7,MV_212,ウォーターガン,水,物理,35,100,36,
110,トコナッツ,草/地,345,オーバーヒール,,7,MV_233,シンダー,炎,物理,35,95,32,
110,トコナッツ,草/地,345,オーバーヒール,,7,MV_256,ストーンペブル,地,物理,35,100,36,
110,トコナッツ,草/地,345,オーバーヒール,,7,MV_281,リーフブレード,草,物理,35,100,36,
110,トコナッツ,草/地,345,オーバーヒール,,7,mvw_gale,ゲイルコール,草,変化,0,100,16,
110,トコナッツ,草/地,345,オーバーヒール,,8,MVP_022,スコーチフィスト,炎,物理,40,100,28,
110,トコナッツ,草/地,345,オーバーヒール,,8,MVP_023,フォスファーブロー,炎,物理,40,100,28,
110,トコナッツ,草/地,345,オーバーヒール,,8,MVP_041,クリアストリームストライク,水,物理,40,100,30,
110,トコナッツ,草/地,345,オーバーヒール,,8,MVP_081,クロッドストライク,地,物理,40,100,30,
110,トコナッツ,草/地,345,オーバーヒール,,8,MVP_101,グリーンリーフストライク,草,物理,40,100,30,
110,トコナッツ,草/地,345,オーバーヒール,,8,MV_140,ヘッドバット,無,物理,40,100,33,
110,トコナッツ,草/地,345,オーバーヒール,,8,MV_141,スピンタックル,無,物理,40,100,33,
110,トコナッツ,草/地,345,オーバーヒール,,8,MV_260,ブラインドサンド,地,物理,40,100,32,
110,トコナッツ,草/地,345,オーバーヒール,,8,MV_282,シードショット,草,物理,40,100,33,
110,トコナッツ,草/地,345,オーバーヒール,,9,MVP_024,ロースパンチ,炎,物理,45,100,26,
110,トコナッツ,草/地,345,オーバーヒール,,9,MVP_042,ミラーウォーターブロー,水,物理,45,100,28,
110,トコナッツ,草/地,345,オーバーヒール,,9,MVP_102,アイビーストライクフィスト,草,物理,45,100,28,
110,トコナッツ,草/地,345,オーバーヒール,,9,MV_142,フライングキック,無,物理,45,100,33,
110,トコナッツ,草/地,345,オーバーヒール,,9,MV_143,ブラントエッジ,無,物理,45,100,33,
111,シラヌイ,炎,315,炎のきずな,放熱器官,3,air_cannon,エアーキャノン,無,特殊,15,100,42,
111,シラヌイ,炎,315,炎のきずな,放熱器官,3,mvn_034,バイオレットボルト,雷,特殊,15,85,36,
111,シラヌイ,炎,315,炎のきずな,放熱器官,5,MV_160,クリティカルエイム,無,特殊,25,100,28,
111,シラヌイ,炎,315,炎のきずな,放熱器官,5,MV_185,ボルトライトバレット,雷,特殊,25,100,33,
111,シラヌイ,炎,315,炎のきずな,放熱器官,6,MVP_001,ホワイトストライク,無,物理,30,100,30,
111,シラヌイ,炎,315,炎のきずな,放熱器官,6,MV_137,バックフィスト,無,物理,30,100,36,
111,シラヌイ,炎,315,炎のきずな,放熱器官,6,mvn_003,ヴォイドエコー,無,特殊,30,90,32,
111,シラヌイ,炎,315,炎のきずな,放熱器官,6,mvn_004,ベアストライク,無,特殊,30,90,30,
111,シラヌイ,炎,315,炎のきずな,放熱器官,7,MVP_021,クリムゾンストライク,炎,物理,35,100,30,
111,シラヌイ,炎,315,炎のきずな,放熱器官,7,MV_138,ダブルスラスト,無,物理,35,100,33,
111,シラヌイ,炎,315,炎のきずな,放熱器官,7,MV_139,テイルスイープ,無,物理,35,100,33,
111,シラヌイ,炎,315,炎のきずな,放熱器官,7,MV_233,シンダー,炎,物理,35,95,32,
111,シラヌイ,炎,315,炎のきずな,放熱器官,7,mvh_electric,トリプルボルトストライク,雷,物理,35,90,10,3発(発ごと命中)
111,シラヌイ,炎,315,炎のきずな,放熱器官,8,MVP_022,スコーチフィスト,炎,物理,40,100,28,
111,シラヌイ,炎,315,炎のきずな,放熱器官,8,MVP_023,フォスファーブロー,炎,物理,40,100,28,
111,シラヌイ,炎,315,炎のきずな,放熱器官,8,MVP_061,バイオレットボルトストライク,雷,物理,40,100,30,
111,シラヌイ,炎,315,炎のきずな,放熱器官,8,MVP_062,サンダーロアフィスト,雷,物理,40,100,28,
111,シラヌイ,炎,315,炎のきずな,放熱器官,8,MV_140,ヘッドバット,無,物理,40,100,33,
111,シラヌイ,炎,315,炎のきずな,放熱器官,8,MV_141,スピンタックル,無,物理,40,100,33,
111,シラヌイ,炎,315,炎のきずな,放熱器官,9,MVP_024,ロースパンチ,炎,物理,45,100,26,
111,シラヌイ,炎,315,炎のきずな,放熱器官,9,MVP_063,フラッシュボルトブロー,雷,物理,45,100,28,
111,シラヌイ,炎,315,炎のきずな,放熱器官,9,MV_142,フライングキック,無,物理,45,100,33,
111,シラヌイ,炎,315,炎のきずな,放熱器官,9,MV_143,ブラントエッジ,無,物理,45,100,33,
111,シラヌイ,炎,315,炎のきずな,放熱器官,9,MV_168,スパークボルト,雷,物理,45,95,28,
111,シラヌイ,炎,315,炎のきずな,放熱器官,9,MV_236,フレイムクロー,炎,物理,45,95,26,
111,シラヌイ,炎,315,炎のきずな,放熱器官,10,MVP_002,マッチレスブロー,無,物理,50,100,28,
111,シラヌイ,炎,315,炎のきずな,放熱器官,10,MVP_064,ボルトチャージパンチ,雷,物理,50,100,26,
111,シラヌイ,炎,315,炎のきずな,放熱器官,10,MV_145,ラッシュスラスト,無,物理,50,100,33,
111,シラヌイ,炎,315,炎のきずな,放熱器官,10,MV_182,ショックスティング,雷,物理,50,100,30,
111,シラヌイ,炎,315,炎のきずな,放熱器官,10,MV_246,フレイムファング,炎,物理,50,95,26,
111,シラヌイ,炎,315,炎のきずな,放熱器官,10,MV_250,フレイムスラスト,炎,物理,50,100,27,
111,シラヌイ,炎,315,炎のきずな,放熱器官,10,mvs_ep_fire,ヘルファイアピーク,炎,変化,0,100,10,
111,シラヌイ,炎,315,炎のきずな,放熱器官,11,MVP_003,ヴォイドクラッシュ,無,物理,55,100,28,
111B,カゲヌイ,闇,320,闇のちから,放熱器官,3,air_cannon,エアーキャノン,無,特殊,15,100,42,
111B,カゲヌイ,闇,320,闇のちから,放熱器官,3,mvn_067,ホワイトアイス,氷,特殊,15,85,36,
111B,カゲヌイ,闇,320,闇のちから,放熱器官,5,MV_160,クリティカルエイム,無,特殊,25,100,28,
111B,カゲヌイ,闇,320,闇のちから,放熱器官,5,mvh_dark,シャドウバラージ,闇,物理,25,95,15,2〜5発
111B,カゲヌイ,闇,320,闇のちから,放熱器官,6,MVP_001,ホワイトストライク,無,物理,30,100,30,
111B,カゲヌイ,闇,320,闇のちから,放熱器官,6,MV_137,バックフィスト,無,物理,30,100,36,
111B,カゲヌイ,闇,320,闇のちから,放熱器官,6,MV_205,フロストネット,氷,特殊,30,95,28,
111B,カゲヌイ,闇,320,闇のちから,放熱器官,6,ice_cutter,アイスカッター,氷,特殊,30,100,33,
111B,カゲヌイ,闇,320,闇のちから,放熱器官,6,mvn_003,ヴォイドエコー,無,特殊,30,90,32,
111B,カゲヌイ,闇,320,闇のちから,放熱器官,7,MV_121,シャドウピアス,闇,物理,35,100,34,
111B,カゲヌイ,闇,320,闇のちから,放熱器官,7,MV_123,ダスクブレード,闇,物理,35,100,32,
111B,カゲヌイ,闇,320,闇のちから,放熱器官,7,MV_138,ダブルスラスト,無,物理,35,100,33,
111B,カゲヌイ,闇,320,闇のちから,放熱器官,7,MV_139,テイルスイープ,無,物理,35,100,33,
111B,カゲヌイ,闇,320,闇のちから,放熱器官,7,MV_187,アイスペブル,氷,物理,35,100,36,
111B,カゲヌイ,闇,320,闇のちから,放熱器官,7,mvh_ice,トリプルアイスブレード,氷,物理,35,90,10,3発(発ごと命中)
111B,カゲヌイ,闇,320,闇のちから,放熱器官,7,mvs_toxic_dark,トキシックドロップ,闇,変化,0,100,10,
111B,カゲヌイ,闇,320,闇のちから,放熱器官,8,MVP_121,ホワイトアイスストライク,氷,物理,40,100,30,
111B,カゲヌイ,闇,320,闇のちから,放熱器官,8,MV_124,シャドウステッチ,闇,物理,40,100,32,
111B,カゲヌイ,闇,320,闇のちから,放熱器官,8,MV_125,ダークウェッジ,闇,物理,40,100,32,
111B,カゲヌイ,闇,320,闇のちから,放熱器官,8,MV_140,ヘッドバット,無,物理,40,100,33,
111B,カゲヌイ,闇,320,闇のちから,放熱器官,8,MV_141,スピンタックル,無,物理,40,100,33,
111B,カゲヌイ,闇,320,闇のちから,放熱器官,8,MV_188,アイスブレード,氷,物理,40,100,33,
111B,カゲヌイ,闇,320,闇のちから,放熱器官,9,MVP_122,フリーズフィスト,氷,物理,45,100,28,
111B,カゲヌイ,闇,320,闇のちから,放熱器官,9,MVP_123,フロストストライクブロー,氷,物理,45,100,28,
111B,カゲヌイ,闇,320,闇のちから,放熱器官,9,MVP_161,ブラックミストストライク,闇,物理,45,100,30,
111B,カゲヌイ,闇,320,闇のちから,放熱器官,9,MV_126,カースチェイン,闇,物理,45,100,32,
111B,カゲヌイ,闇,320,闇のちから,放熱器官,9,MV_142,フライングキック,無,物理,45,100,33,
111B,カゲヌイ,闇,320,闇のちから,放熱器官,9,MV_143,ブラントエッジ,無,物理,45,100,33,
111B,カゲヌイ,闇,320,闇のちから,放熱器官,10,MVP_002,マッチレスブロー,無,物理,50,100,28,
111B,カゲヌイ,闇,320,闇のちから,放熱器官,10,MVP_124,アイスリングパンチ,氷,物理,50,100,26,
111B,カゲヌイ,闇,320,闇のちから,放熱器官,10,MVP_162,シャドウストライクフィスト,闇,物理,50,100,28,
111B,カゲヌイ,闇,320,闇のちから,放熱器官,10,MVP_163,カースブローパンチ,闇,物理,50,100,28,
111B,カゲヌイ,闇,320,闇のちから,放熱器官,10,MV_145,ラッシュスラスト,無,物理,50,100,33,
112,ゴクエンオ,炎,295,炎派,放熱器官,3,mvn_034,バイオレットボルト,雷,特殊,15,85,36,
112,ゴクエンオ,炎,295,炎派,放熱器官,4,mvs_fire_atk_evasion,フレイムステップ,炎,変化,0,100,15,
112,ゴクエンオ,炎,295,炎派,放熱器官,5,MV_185,ボルトライトバレット,雷,特殊,25,100,33,
112,ゴクエンオ,炎,295,炎派,放熱器官,6,shockwave,ショックウェーブ,雷,特殊,30,100,36,
112,ゴクエンオ,炎,295,炎派,放熱器官,7,MVP_021,クリムゾンストライク,炎,物理,35,100,30,
112,ゴクエンオ,炎,295,炎派,放熱器官,7,MV_233,シンダー,炎,物理,35,95,32,
112,ゴクエンオ,炎,295,炎派,放熱器官,7,mvh_electric,トリプルボルトストライク,雷,物理,35,90,10,3発(発ごと命中)
112,ゴクエンオ,炎,295,炎派,放熱器官,7,mvw_sunny,サンライトソング,炎,変化,0,100,16,
112,ゴクエンオ,炎,295,炎派,放熱器官,8,MVP_022,スコーチフィスト,炎,物理,40,100,28,
112,ゴクエンオ,炎,295,炎派,放熱器官,8,MVP_023,フォスファーブロー,炎,物理,40,100,28,
112,ゴクエンオ,炎,295,炎派,放熱器官,8,MVP_061,バイオレットボルトストライク,雷,物理,40,100,30,
112,ゴクエンオ,炎,295,炎派,放熱器官,8,MVP_062,サンダーロアフィスト,雷,物理,40,100,28,
112,ゴクエンオ,炎,295,炎派,放熱器官,8,lock_on_laser,ロックオンレーザー,雷,特殊,40,100,30,
112,ゴクエンオ,炎,295,炎派,放熱器官,9,MVP_024,ロースパンチ,炎,物理,45,100,26,
112,ゴクエンオ,炎,295,炎派,放熱器官,9,MVP_063,フラッシュボルトブロー,雷,物理,45,100,28,
112,ゴクエンオ,炎,295,炎派,放熱器官,9,MV_168,スパークボルト,雷,物理,45,95,28,
112,ゴクエンオ,炎,295,炎派,放熱器官,9,MV_236,フレイムクロー,炎,物理,45,95,26,
112,ゴクエンオ,炎,295,炎派,放熱器官,9,mvn_040,ボルトトレイル,雷,特殊,45,100,24,
112,ゴクエンオ,炎,295,炎派,放熱器官,10,MVP_064,ボルトチャージパンチ,雷,物理,50,100,26,
112,ゴクエンオ,炎,295,炎派,放熱器官,10,MV_182,ショックスティング,雷,物理,50,100,30,
112,ゴクエンオ,炎,295,炎派,放熱器官,10,MV_246,フレイムファング,炎,物理,50,95,26,
112,ゴクエンオ,炎,295,炎派,放熱器官,10,MV_250,フレイムスラスト,炎,物理,50,100,27,
112,ゴクエンオ,炎,295,炎派,放熱器官,11,MV_183,ライトニングスラスト,雷,物理,55,100,27,
112,ゴクエンオ,炎,295,炎派,放熱器官,11,MV_237,ブレイズスラッシュ,炎,物理,55,95,24,
112,ゴクエンオ,炎,295,炎派,放熱器官,12,MVP_065,スイフトボルトスラスト,雷,物理,60,100,21,
112,ゴクエンオ,炎,295,炎派,放熱器官,12,MV_170,ディスチャージ,雷,物理,60,95,24,
112,ゴクエンオ,炎,295,炎派,放熱器官,13,MVP_066,ボルトリングフィスト,雷,物理,65,100,18,
112,ゴクエンオ,炎,295,炎派,放熱器官,14,MVP_067,ボルトトレイルストライク,雷,物理,70,100,15,
112,ゴクエンオ,炎,295,炎派,放熱器官,15,MVP_068,スタティックブロー,雷,物理,75,90,11,
112,ゴクエンオ,炎,295,炎派,放熱器官,15,MVP_069,ボルトコアパンチ,雷,物理,75,90,11,
112,ゴクエンオ,炎,295,炎派,放熱器官,16,MVP_070,ボルトフラッシュスラスト,雷,物理,80,100,6,
112,ゴクエンオ,炎,295,炎派,放熱器官,16,MVP_071,ボルトグレインフィスト,雷,物理,80,90,8,
112B,シンエンオ,炎/闇,300,フリーフォール,放熱器官,3,mvn_034,バイオレットボルト,雷,特殊,15,85,36,
112B,シンエンオ,炎/闇,300,フリーフォール,放熱器官,3,mvn_067,ホワイトアイス,氷,特殊,15,85,36,
112B,シンエンオ,炎/闇,300,フリーフォール,放熱器官,4,MV_122,カースウィスパー,闇,変化,0,100,15,
112B,シンエンオ,炎/闇,300,フリーフォール,放熱器官,5,MV_185,ボルトライトバレット,雷,特殊,25,100,33,
112B,シンエンオ,炎/闇,300,フリーフォール,放熱器官,5,mvh_dark,シャドウバラージ,闇,物理,25,95,15,2〜5発
112B,シンエンオ,炎/闇,300,フリーフォール,放熱器官,6,MV_205,フロストネット,氷,特殊,30,95,28,
112B,シンエンオ,炎/闇,300,フリーフォール,放熱器官,6,ice_cutter,アイスカッター,氷,特殊,30,100,33,
112B,シンエンオ,炎/闇,300,フリーフォール,放熱器官,6,shockwave,ショックウェーブ,雷,特殊,30,100,36,
112B,シンエンオ,炎/闇,300,フリーフォール,放熱器官,7,MVP_021,クリムゾンストライク,炎,物理,35,100,30,
112B,シンエンオ,炎/闇,300,フリーフォール,放熱器官,7,MV_121,シャドウピアス,闇,物理,35,100,34,
112B,シンエンオ,炎/闇,300,フリーフォール,放熱器官,7,MV_123,ダスクブレード,闇,物理,35,100,32,
112B,シンエンオ,炎/闇,300,フリーフォール,放熱器官,7,MV_187,アイスペブル,氷,物理,35,100,36,
112B,シンエンオ,炎/闇,300,フリーフォール,放熱器官,7,MV_233,シンダー,炎,物理,35,95,32,
112B,シンエンオ,炎/闇,300,フリーフォール,放熱器官,7,mvh_electric,トリプルボルトストライク,雷,物理,35,90,10,3発(発ごと命中)
112B,シンエンオ,炎/闇,300,フリーフォール,放熱器官,7,mvh_ice,トリプルアイスブレード,氷,物理,35,90,10,3発(発ごと命中)
112B,シンエンオ,炎/闇,300,フリーフォール,放熱器官,8,MVP_022,スコーチフィスト,炎,物理,40,100,28,
112B,シンエンオ,炎/闇,300,フリーフォール,放熱器官,8,MVP_023,フォスファーブロー,炎,物理,40,100,28,
112B,シンエンオ,炎/闇,300,フリーフォール,放熱器官,8,MVP_061,バイオレットボルトストライク,雷,物理,40,100,30,
112B,シンエンオ,炎/闇,300,フリーフォール,放熱器官,8,MVP_062,サンダーロアフィスト,雷,物理,40,100,28,
112B,シンエンオ,炎/闇,300,フリーフォール,放熱器官,8,MVP_121,ホワイトアイスストライク,氷,物理,40,100,30,
112B,シンエンオ,炎/闇,300,フリーフォール,放熱器官,8,MV_124,シャドウステッチ,闇,物理,40,100,32,
112B,シンエンオ,炎/闇,300,フリーフォール,放熱器官,8,MV_125,ダークウェッジ,闇,物理,40,100,32,
112B,シンエンオ,炎/闇,300,フリーフォール,放熱器官,8,MV_188,アイスブレード,氷,物理,40,100,33,
112B,シンエンオ,炎/闇,300,フリーフォール,放熱器官,9,MVP_063,フラッシュボルトブロー,雷,物理,45,100,28,
112B,シンエンオ,炎/闇,300,フリーフォール,放熱器官,9,MVP_122,フリーズフィスト,氷,物理,45,100,28,
112B,シンエンオ,炎/闇,300,フリーフォール,放熱器官,9,MVP_123,フロストストライクブロー,氷,物理,45,100,28,
112B,シンエンオ,炎/闇,300,フリーフォール,放熱器官,9,MV_168,スパークボルト,雷,物理,45,95,28,
112B,シンエンオ,炎/闇,300,フリーフォール,放熱器官,10,MVP_064,ボルトチャージパンチ,雷,物理,50,100,26,
112B,シンエンオ,炎/闇,300,フリーフォール,放熱器官,10,MVP_124,アイスリングパンチ,氷,物理,50,100,26,
112B,シンエンオ,炎/闇,300,フリーフォール,放熱器官,10,MV_182,ショックスティング,雷,物理,50,100,30,
112B,シンエンオ,炎/闇,300,フリーフォール,放熱器官,10,MV_189,フロストショット,氷,物理,50,100,30,
112B,シンエンオ,炎/闇,300,フリーフォール,放熱器官,10,poison_fog,ポイズンフォグ,闇,変化,0,100,10,
112B,シンエンオ,炎/闇,300,フリーフォール,放熱器官,11,MV_183,ライトニングスラスト,雷,物理,55,100,27,
112B,シンエンオ,炎/闇,300,フリーフォール,放熱器官,11,MV_190,アイスニードル,氷,物理,55,100,27,
113,グラクレス,地/草,340,攻守一体,,3,air_cannon,エアーキャノン,無,特殊,15,100,42,
113,グラクレス,地/草,340,攻守一体,,3,mvn_012,クリムゾン,炎,特殊,15,85,36,
113,グラクレス,地/草,340,攻守一体,,3,mvn_023,クリアストリーム,水,特殊,15,100,36,
113,グラクレス,地/草,340,攻守一体,,4,MV_247,ファイアスフィア,炎,特殊,20,100,30,
113,グラクレス,地/草,340,攻守一体,,5,MV_160,クリティカルエイム,無,特殊,25,100,28,
113,グラクレス,地/草,340,攻守一体,,5,aqua_gun,アクアショット,水,特殊,25,100,36,
113,グラクレス,地/草,340,攻守一体,,5,mvh_ground,ロックバラージブロー,地,物理,25,95,15,2〜5発
113,グラクレス,地/草,340,攻守一体,,5,mvh_water,タービュレントラッシュ,水,物理,25,95,15,2〜5発
113,グラクレス,地/草,340,攻守一体,,6,MVP_001,ホワイトストライク,無,物理,30,100,30,
113,グラクレス,地/草,340,攻守一体,,6,MV_137,バックフィスト,無,物理,30,100,36,
113,グラクレス,地/草,340,攻守一体,,7,MVP_021,クリムゾンストライク,炎,物理,35,100,30,
113,グラクレス,地/草,340,攻守一体,,7,MV_138,ダブルスラスト,無,物理,35,100,33,
113,グラクレス,地/草,340,攻守一体,,7,MV_139,テイルスイープ,無,物理,35,100,33,
113,グラクレス,地/草,340,攻守一体,,7,MV_212,ウォーターガン,水,物理,35,100,36,
113,グラクレス,地/草,340,攻守一体,,7,MV_233,シンダー,炎,物理,35,95,32,
113,グラクレス,地/草,340,攻守一体,,7,MV_256,ストーンペブル,地,物理,35,100,36,
113,グラクレス,地/草,340,攻守一体,,7,MV_281,リーフブレード,草,物理,35,100,36,
113,グラクレス,地/草,340,攻守一体,,8,MVP_022,スコーチフィスト,炎,物理,40,100,28,
113,グラクレス,地/草,340,攻守一体,,8,MVP_023,フォスファーブロー,炎,物理,40,100,28,
113,グラクレス,地/草,340,攻守一体,,8,MVP_041,クリアストリームストライク,水,物理,40,100,30,
113,グラクレス,地/草,340,攻守一体,,8,MVP_081,クロッドストライク,地,物理,40,100,30,
113,グラクレス,地/草,340,攻守一体,,8,MVP_101,グリーンリーフストライク,草,物理,40,100,30,
113,グラクレス,地/草,340,攻守一体,,8,MV_140,ヘッドバット,無,物理,40,100,33,
113,グラクレス,地/草,340,攻守一体,,8,MV_141,スピンタックル,無,物理,40,100,33,
113,グラクレス,地/草,340,攻守一体,,8,MV_260,ブラインドサンド,地,物理,40,100,32,
113,グラクレス,地/草,340,攻守一体,,8,MV_282,シードショット,草,物理,40,100,33,
113,グラクレス,地/草,340,攻守一体,,9,MVP_024,ロースパンチ,炎,物理,45,100,26,
113,グラクレス,地/草,340,攻守一体,,9,MVP_042,ミラーウォーターブロー,水,物理,45,100,28,
113,グラクレス,地/草,340,攻守一体,,9,MVP_102,アイビーストライクフィスト,草,物理,45,100,28,
113,グラクレス,地/草,340,攻守一体,,9,MV_142,フライングキック,無,物理,45,100,33,
113,グラクレス,地/草,340,攻守一体,,9,MV_143,ブラントエッジ,無,物理,45,100,33,
113,グラクレス,地/草,340,攻守一体,,10,mvs_ep_grass,ヴァーダントピーク,草,変化,0,100,10,
113B,ゴルクレス,地,345,攻守一体,,3,air_cannon,エアーキャノン,無,特殊,15,100,42,
113B,ゴルクレス,地,345,攻守一体,,3,mvn_012,クリムゾン,炎,特殊,15,85,36,
113B,ゴルクレス,地,345,攻守一体,,4,MV_247,ファイアスフィア,炎,特殊,20,100,30,
113B,ゴルクレス,地,345,攻守一体,,5,MV_160,クリティカルエイム,無,特殊,25,100,28,
113B,ゴルクレス,地,345,攻守一体,,5,mvh_ground,ロックバラージブロー,地,物理,25,95,15,2〜5発
113B,ゴルクレス,地,345,攻守一体,,6,MVP_001,ホワイトストライク,無,物理,30,100,30,
113B,ゴルクレス,地,345,攻守一体,,6,MV_137,バックフィスト,無,物理,30,100,36,
113B,ゴルクレス,地,345,攻守一体,,6,MV_234,ブレイズバレット,炎,特殊,30,95,30,
113B,ゴルクレス,地,345,攻守一体,,6,mvn_003,ヴォイドエコー,無,特殊,30,90,32,
113B,ゴルクレス,地,345,攻守一体,,7,MVP_021,クリムゾンストライク,炎,物理,35,100,30,
113B,ゴルクレス,地,345,攻守一体,,7,MV_138,ダブルスラスト,無,物理,35,100,33,
113B,ゴルクレス,地,345,攻守一体,,7,MV_139,テイルスイープ,無,物理,35,100,33,
113B,ゴルクレス,地,345,攻守一体,,7,MV_233,シンダー,炎,物理,35,95,32,
113B,ゴルクレス,地,345,攻守一体,,7,MV_256,ストーンペブル,地,物理,35,100,36,
113B,ゴルクレス,地,345,攻守一体,,7,mvw_sandstorm,サンドストーム,地,変化,0,100,16,
113B,ゴルクレス,地,345,攻守一体,,8,MVP_022,スコーチフィスト,炎,物理,40,100,28,
113B,ゴルクレス,地,345,攻守一体,,8,MVP_023,フォスファーブロー,炎,物理,40,100,28,
113B,ゴルクレス,地,345,攻守一体,,8,MVP_081,クロッドストライク,地,物理,40,100,30,
113B,ゴルクレス,地,345,攻守一体,,8,MV_140,ヘッドバット,無,物理,40,100,33,
113B,ゴルクレス,地,345,攻守一体,,8,MV_141,スピンタックル,無,物理,40,100,33,
113B,ゴルクレス,地,345,攻守一体,,8,MV_260,ブラインドサンド,地,物理,40,100,32,
113B,ゴルクレス,地,345,攻守一体,,9,MVP_024,ロースパンチ,炎,物理,45,100,26,
113B,ゴルクレス,地,345,攻守一体,,9,MV_142,フライングキック,無,物理,45,100,33,
113B,ゴルクレス,地,345,攻守一体,,9,MV_143,ブラントエッジ,無,物理,45,100,33,
113B,ゴルクレス,地,345,攻守一体,,9,MV_236,フレイムクロー,炎,物理,45,95,26,
113B,ゴルクレス,地,345,攻守一体,,9,MV_257,ロックバレット,地,物理,45,100,33,
113B,ゴルクレス,地,345,攻守一体,,9,MV_259,サンドスプレー,地,物理,45,100,30,
113B,ゴルクレス,地,345,攻守一体,,10,MVP_002,マッチレスブロー,無,物理,50,100,28,
113B,ゴルクレス,地,345,攻守一体,,10,MVP_082,ベッドロックフィスト,地,物理,50,100,28,
113B,ゴルクレス,地,345,攻守一体,,10,MVP_083,レイラインブロー,地,物理,50,100,28,
113B,ゴルクレス,地,345,攻守一体,,10,MV_145,ラッシュスラスト,無,物理,50,100,33,
113B,ゴルクレス,地,345,攻守一体,,10,MV_246,フレイムファング,炎,物理,50,95,26,
114,クジャンナ,氷,310,氷のちから,,3,air_cannon,エアーキャノン,無,特殊,15,100,42,
114,クジャンナ,氷,310,氷のちから,,3,mvn_023,クリアストリーム,水,特殊,15,100,36,
114,クジャンナ,氷,310,氷のちから,,4,mvs_ice_atk_evasion,グレイシャーステップ,氷,変化,0,100,15,
114,クジャンナ,氷,310,氷のちから,,5,MV_160,クリティカルエイム,無,特殊,25,100,28,
114,クジャンナ,氷,310,氷のちから,,5,aqua_gun,アクアショット,水,特殊,25,100,36,
114,クジャンナ,氷,310,氷のちから,,5,mvh_water,タービュレントラッシュ,水,物理,25,95,15,2〜5発
114,クジャンナ,氷,310,氷のちから,,6,MVP_001,ホワイトストライク,無,物理,30,100,30,
114,クジャンナ,氷,310,氷のちから,,6,MV_137,バックフィスト,無,物理,30,100,36,
114,クジャンナ,氷,310,氷のちから,,6,mvn_003,ヴォイドエコー,無,特殊,30,90,32,
114,クジャンナ,氷,310,氷のちから,,6,mvn_004,ベアストライク,無,特殊,30,90,30,
114,クジャンナ,氷,310,氷のちから,,7,MV_138,ダブルスラスト,無,物理,35,100,33,
114,クジャンナ,氷,310,氷のちから,,7,MV_139,テイルスイープ,無,物理,35,100,33,
114,クジャンナ,氷,310,氷のちから,,7,MV_187,アイスペブル,氷,物理,35,100,36,
114,クジャンナ,氷,310,氷のちから,,7,MV_212,ウォーターガン,水,物理,35,100,36,
114,クジャンナ,氷,310,氷のちから,,7,mvh_ice,トリプルアイスブレード,氷,物理,35,90,10,3発(発ごと命中)
114,クジャンナ,氷,310,氷のちから,,7,mvw_snow,スノーダンス,氷,変化,0,100,16,
114,クジャンナ,氷,310,氷のちから,,8,MVP_041,クリアストリームストライク,水,物理,40,100,30,
114,クジャンナ,氷,310,氷のちから,,8,MVP_121,ホワイトアイスストライク,氷,物理,40,100,30,
114,クジャンナ,氷,310,氷のちから,,8,MV_140,ヘッドバット,無,物理,40,100,33,
114,クジャンナ,氷,310,氷のちから,,8,MV_141,スピンタックル,無,物理,40,100,33,
114,クジャンナ,氷,310,氷のちから,,8,MV_188,アイスブレード,氷,物理,40,100,33,
114,クジャンナ,氷,310,氷のちから,,9,MVP_042,ミラーウォーターブロー,水,物理,45,100,28,
114,クジャンナ,氷,310,氷のちから,,9,MVP_122,フリーズフィスト,氷,物理,45,100,28,
114,クジャンナ,氷,310,氷のちから,,9,MVP_123,フロストストライクブロー,氷,物理,45,100,28,
114,クジャンナ,氷,310,氷のちから,,9,MV_142,フライングキック,無,物理,45,100,33,
114,クジャンナ,氷,310,氷のちから,,9,MV_143,ブラントエッジ,無,物理,45,100,33,
114,クジャンナ,氷,310,氷のちから,,9,MV_214,バブルバラージ,水,物理,45,100,33,
114,クジャンナ,氷,310,氷のちから,,10,MVP_002,マッチレスブロー,無,物理,50,100,28,
114,クジャンナ,氷,310,氷のちから,,10,MVP_043,サーフサウンドフィスト,水,物理,50,100,28,
114,クジャンナ,氷,310,氷のちから,,10,MVP_044,ドロップストライクパンチ,水,物理,50,100,26,
114,クジャンナ,氷,310,氷のちから,,10,MVP_124,アイスリングパンチ,氷,物理,50,100,26,
114,クジャンナ,氷,310,氷のちから,,10,MV_145,ラッシュスラスト,無,物理,50,100,33,
114,クジャンナ,氷,310,氷のちから,,10,MV_189,フロストショット,氷,物理,50,100,30,
114,クジャンナ,氷,310,氷のちから,,11,MVP_003,ヴォイドクラッシュ,無,物理,55,100,28,
115,マジョルナ,闇/炎,315,ばくせん,放熱器官,3,air_cannon,エアーキャノン,無,特殊,15,100,42,
115,マジョルナ,闇/炎,315,ばくせん,放熱器官,3,mvn_034,バイオレットボルト,雷,特殊,15,85,36,
115,マジョルナ,闇/炎,315,ばくせん,放熱器官,3,mvn_067,ホワイトアイス,氷,特殊,15,85,36,
115,マジョルナ,闇/炎,315,ばくせん,放熱器官,4,mvs_dark_def_crit,ダークナイトアーマー,闇,変化,0,100,15,
115,マジョルナ,闇/炎,315,ばくせん,放熱器官,5,MV_160,クリティカルエイム,無,特殊,25,100,28,
115,マジョルナ,闇/炎,315,ばくせん,放熱器官,5,MV_185,ボルトライトバレット,雷,特殊,25,100,33,
115,マジョルナ,闇/炎,315,ばくせん,放熱器官,5,mvh_dark,シャドウバラージ,闇,物理,25,95,15,2〜5発
115,マジョルナ,闇/炎,315,ばくせん,放熱器官,6,MVP_001,ホワイトストライク,無,物理,30,100,30,
115,マジョルナ,闇/炎,315,ばくせん,放熱器官,6,MV_137,バックフィスト,無,物理,30,100,36,
115,マジョルナ,闇/炎,315,ばくせん,放熱器官,7,MVP_021,クリムゾンストライク,炎,物理,35,100,30,
115,マジョルナ,闇/炎,315,ばくせん,放熱器官,7,MV_121,シャドウピアス,闇,物理,35,100,34,
115,マジョルナ,闇/炎,315,ばくせん,放熱器官,7,MV_123,ダスクブレード,闇,物理,35,100,32,
115,マジョルナ,闇/炎,315,ばくせん,放熱器官,7,MV_138,ダブルスラスト,無,物理,35,100,33,
115,マジョルナ,闇/炎,315,ばくせん,放熱器官,7,MV_139,テイルスイープ,無,物理,35,100,33,
115,マジョルナ,闇/炎,315,ばくせん,放熱器官,7,MV_187,アイスペブル,氷,物理,35,100,36,
115,マジョルナ,闇/炎,315,ばくせん,放熱器官,7,MV_233,シンダー,炎,物理,35,95,32,
115,マジョルナ,闇/炎,315,ばくせん,放熱器官,7,mvh_electric,トリプルボルトストライク,雷,物理,35,90,10,3発(発ごと命中)
115,マジョルナ,闇/炎,315,ばくせん,放熱器官,7,mvh_ice,トリプルアイスブレード,氷,物理,35,90,10,3発(発ごと命中)
115,マジョルナ,闇/炎,315,ばくせん,放熱器官,8,MVP_022,スコーチフィスト,炎,物理,40,100,28,
115,マジョルナ,闇/炎,315,ばくせん,放熱器官,8,MVP_023,フォスファーブロー,炎,物理,40,100,28,
115,マジョルナ,闇/炎,315,ばくせん,放熱器官,8,MVP_061,バイオレットボルトストライク,雷,物理,40,100,30,
115,マジョルナ,闇/炎,315,ばくせん,放熱器官,8,MVP_062,サンダーロアフィスト,雷,物理,40,100,28,
115,マジョルナ,闇/炎,315,ばくせん,放熱器官,8,MVP_121,ホワイトアイスストライク,氷,物理,40,100,30,
115,マジョルナ,闇/炎,315,ばくせん,放熱器官,8,MV_124,シャドウステッチ,闇,物理,40,100,32,
115,マジョルナ,闇/炎,315,ばくせん,放熱器官,8,MV_125,ダークウェッジ,闇,物理,40,100,32,
115,マジョルナ,闇/炎,315,ばくせん,放熱器官,8,MV_140,ヘッドバット,無,物理,40,100,33,
115,マジョルナ,闇/炎,315,ばくせん,放熱器官,8,MV_141,スピンタックル,無,物理,40,100,33,
115,マジョルナ,闇/炎,315,ばくせん,放熱器官,8,MV_188,アイスブレード,氷,物理,40,100,33,
115,マジョルナ,闇/炎,315,ばくせん,放熱器官,9,MVP_063,フラッシュボルトブロー,雷,物理,45,100,28,
115,マジョルナ,闇/炎,315,ばくせん,放熱器官,9,MVP_122,フリーズフィスト,氷,物理,45,100,28,
115,マジョルナ,闇/炎,315,ばくせん,放熱器官,9,MVP_123,フロストストライクブロー,氷,物理,45,100,28,
115,マジョルナ,闇/炎,315,ばくせん,放熱器官,9,MV_142,フライングキック,無,物理,45,100,33,
115,マジョルナ,闇/炎,315,ばくせん,放熱器官,10,mvs_ep_dark,アビスピーク,闇,変化,0,100,10,
116,シルキーヌ,氷,300,きぬぬい,,3,mvn_023,クリアストリーム,水,特殊,15,100,36,
116,シルキーヌ,氷,300,きぬぬい,,4,mvs_ice_atk_crit,グレイシャーファングスタンス,氷,変化,0,100,15,
116,シルキーヌ,氷,300,きぬぬい,,5,aqua_gun,アクアショット,水,特殊,25,100,36,
116,シルキーヌ,氷,300,きぬぬい,,5,mvh_water,タービュレントラッシュ,水,物理,25,95,15,2〜5発
116,シルキーヌ,氷,300,きぬぬい,,7,MV_187,アイスペブル,氷,物理,35,100,36,
116,シルキーヌ,氷,300,きぬぬい,,7,MV_212,ウォーターガン,水,物理,35,100,36,
116,シルキーヌ,氷,300,きぬぬい,,7,MV_215,ウォーターカッター,水,特殊,35,100,30,
116,シルキーヌ,氷,300,きぬぬい,,7,mvh_ice,トリプルアイスブレード,氷,物理,35,90,10,3発(発ごと命中)
116,シルキーヌ,氷,300,きぬぬい,,8,MVP_041,クリアストリームストライク,水,物理,40,100,30,
116,シルキーヌ,氷,300,きぬぬい,,8,MVP_121,ホワイトアイスストライク,氷,物理,40,100,30,
116,シルキーヌ,氷,300,きぬぬい,,8,MV_188,アイスブレード,氷,物理,40,100,33,
116,シルキーヌ,氷,300,きぬぬい,,9,MVP_042,ミラーウォーターブロー,水,物理,45,100,28,
116,シルキーヌ,氷,300,きぬぬい,,9,MVP_122,フリーズフィスト,氷,物理,45,100,28,
116,シルキーヌ,氷,300,きぬぬい,,9,MVP_123,フロストストライクブロー,氷,物理,45,100,28,
116,シルキーヌ,氷,300,きぬぬい,,9,MV_214,バブルバラージ,水,物理,45,100,33,
116,シルキーヌ,氷,300,きぬぬい,,9,mvn_028,スプラッシュ,水,特殊,45,100,26,
116,シルキーヌ,氷,300,きぬぬい,,10,MVP_043,サーフサウンドフィスト,水,物理,50,100,28,
116,シルキーヌ,氷,300,きぬぬい,,10,MVP_044,ドロップストライクパンチ,水,物理,50,100,26,
116,シルキーヌ,氷,300,きぬぬい,,10,MVP_124,アイスリングパンチ,氷,物理,50,100,26,
116,シルキーヌ,氷,300,きぬぬい,,10,MV_189,フロストショット,氷,物理,50,100,30,
116,シルキーヌ,氷,300,きぬぬい,,10,mvs_ep_ice,フリーズピーク,氷,変化,0,100,10,
116,シルキーヌ,氷,300,きぬぬい,,11,MV_190,アイスニードル,氷,物理,55,100,27,
116,シルキーヌ,氷,300,きぬぬい,,11,MV_216,ウォーターブレード,水,物理,55,100,27,
116,シルキーヌ,氷,300,きぬぬい,,11,MV_221,ストリームコンボ,水,物理,55,100,27,
116,シルキーヌ,氷,300,きぬぬい,,12,MV_222,ミラーウォータースラッシュ,水,物理,60,100,24,
116,シルキーヌ,氷,300,きぬぬい,,12,MV_227,アクアジェット,水,物理,60,100,27,
116,シルキーヌ,氷,300,きぬぬい,,13,MVP_045,ウォーターリングスラスト,水,物理,65,100,21,
116,シルキーヌ,氷,300,きぬぬい,,13,MV_230,アクアファング,水,物理,65,100,24,
116,シルキーヌ,氷,300,きぬぬい,,14,MVP_046,スプラッシュフィスト,水,物理,70,100,18,
116,シルキーヌ,氷,300,きぬぬい,,14,MVP_047,ウォーターヴェインストライク,水,物理,70,100,15,
116,シルキーヌ,氷,300,きぬぬい,,15,MVP_048,アズールウェーブブロー,水,物理,75,90,11,
116,シルキーヌ,氷,300,きぬぬい,,15,MVP_049,ドロップレットパンチ,水,物理,75,90,11,
116B,ソワレーヌ,無,305,フリーフォール,,3,mvn_078,ドラゴンファング,竜,特殊,15,100,36,
116B,ソワレーヌ,無,305,フリーフォール,,4,mvs_neutral_atk_accuracy,マッチレスエイム,無,変化,0,100,15,
116B,ソワレーヌ,無,305,フリーフォール,,6,MVP_001,ホワイトストライク,無,物理,30,100,30,
116B,ソワレーヌ,無,305,フリーフォール,,6,MV_137,バックフィスト,無,物理,30,100,36,
116B,ソワレーヌ,無,305,フリーフォール,,6,mvn_080,ドラゴンヴェインショット,竜,特殊,30,100,32,
116B,ソワレーヌ,無,305,フリーフォール,,6,mvn_082,ドラゴンクロー,竜,特殊,30,100,28,
116B,ソワレーヌ,無,305,フリーフォール,,7,MV_138,ダブルスラスト,無,物理,35,100,33,
116B,ソワレーヌ,無,305,フリーフォール,,7,MV_139,テイルスイープ,無,物理,35,100,33,
116B,ソワレーヌ,無,305,フリーフォール,,8,MV_140,ヘッドバット,無,物理,40,100,33,
116B,ソワレーヌ,無,305,フリーフォール,,8,MV_141,スピンタックル,無,物理,40,100,33,
116B,ソワレーヌ,無,305,フリーフォール,,9,MVP_141,ドラゴンファングストライク,竜,物理,45,100,30,
116B,ソワレーヌ,無,305,フリーフォール,,9,MV_142,フライングキック,無,物理,45,100,33,
116B,ソワレーヌ,無,305,フリーフォール,,9,MV_143,ブラントエッジ,無,物理,45,100,33,
116B,ソワレーヌ,無,305,フリーフォール,,9,mvn_083,ドラゴンリング,竜,特殊,45,100,26,
116B,ソワレーヌ,無,305,フリーフォール,,10,MVP_002,マッチレスブロー,無,物理,50,100,28,
116B,ソワレーヌ,無,305,フリーフォール,,10,MVP_142,ドラゴンスケイルフィスト,竜,物理,50,100,28,
116B,ソワレーヌ,無,305,フリーフォール,,10,MVP_143,ドラゴンヴェインブロー,竜,物理,50,100,28,
116B,ソワレーヌ,無,305,フリーフォール,,10,mvs_ep_neutral,マッチレスピーク,無,変化,0,100,10,
116B,ソワレーヌ,無,305,フリーフォール,,11,MVP_144,ドラゴンブレスパンチ,竜,物理,55,100,26,
116B,ソワレーヌ,無,305,フリーフォール,,11,MV_116,ドラゴンファングスラスト,竜,物理,55,100,27,
116B,ソワレーヌ,無,305,フリーフォール,,12,MVP_145,ドラゴンクロースラスト,竜,物理,60,100,21,
116B,ソワレーヌ,無,305,フリーフォール,,12,MVP_146,ドラゴンリングフィスト,竜,物理,60,100,18,
116B,ソワレーヌ,無,305,フリーフォール,,13,MVP_147,ドラゴンヴェールストライク,竜,物理,65,100,15,
116B,ソワレーヌ,無,305,フリーフォール,,13,MV_112,ドラゴンクローコンボ,竜,物理,65,100,15,
116B,ソワレーヌ,無,305,フリーフォール,,14,MVP_148,ドラゴンヴォイスブロー,竜,物理,70,90,11,
116B,ソワレーヌ,無,305,フリーフォール,,14,MV_110,ツインドラゴンファング,竜,物理,70,95,13,
116B,ソワレーヌ,無,305,フリーフォール,,15,MVP_149,ドラゴンピアスパンチ,竜,物理,75,90,11,
116B,ソワレーヌ,無,305,フリーフォール,,15,MV_109,ドラゴンスケイルスラッシュ,竜,物理,75,100,9,
116B,ソワレーヌ,無,305,フリーフォール,,16,MVP_150,ドラゴンフォスファーフィスト,竜,物理,80,100,6,
116B,ソワレーヌ,無,305,フリーフォール,,16,MVP_151,ドラゴンハートストライク,竜,物理,80,90,8,
117,ソルレイス,闇,260,闇派,,3,mvn_067,ホワイトアイス,氷,特殊,15,85,36,
117,ソルレイス,闇,260,闇派,,5,mvh_dark,シャドウバラージ,闇,物理,25,95,15,2〜5発
117,ソルレイス,闇,260,闇派,,6,MV_205,フロストネット,氷,特殊,30,95,28,
117,ソルレイス,闇,260,闇派,,6,ice_cutter,アイスカッター,氷,特殊,30,100,33,
117,ソルレイス,闇,260,闇派,,7,MV_121,シャドウピアス,闇,物理,35,100,34,
117,ソルレイス,闇,260,闇派,,7,MV_123,ダスクブレード,闇,物理,35,100,32,
117,ソルレイス,闇,260,闇派,,7,MV_187,アイスペブル,氷,物理,35,100,36,
117,ソルレイス,闇,260,闇派,,7,mvh_ice,トリプルアイスブレード,氷,物理,35,90,10,3発(発ごと命中)
117,ソルレイス,闇,260,闇派,,7,mvw_fog,フォグヴェール,闇,変化,0,100,16,
117,ソルレイス,闇,260,闇派,,8,MVP_121,ホワイトアイスストライク,氷,物理,40,100,30,
117,ソルレイス,闇,260,闇派,,8,MV_124,シャドウステッチ,闇,物理,40,100,32,
117,ソルレイス,闇,260,闇派,,8,MV_125,ダークウェッジ,闇,物理,40,100,32,
117,ソルレイス,闇,260,闇派,,8,MV_188,アイスブレード,氷,物理,40,100,33,
117,ソルレイス,闇,260,闇派,,9,MVP_122,フリーズフィスト,氷,物理,45,100,28,
117,ソルレイス,闇,260,闇派,,9,MVP_123,フロストストライクブロー,氷,物理,45,100,28,
117,ソルレイス,闇,260,闇派,,9,MVP_161,ブラックミストストライク,闇,物理,45,100,30,
117,ソルレイス,闇,260,闇派,,9,MV_126,カースチェイン,闇,物理,45,100,32,
117,ソルレイス,闇,260,闇派,,9,mvn_073,フローズンクラウド,氷,特殊,45,100,24,
117,ソルレイス,闇,260,闇派,,10,MVP_124,アイスリングパンチ,氷,物理,50,100,26,
117,ソルレイス,闇,260,闇派,,10,MVP_162,シャドウストライクフィスト,闇,物理,50,100,28,
117,ソルレイス,闇,260,闇派,,10,MVP_163,カースブローパンチ,闇,物理,50,100,28,
117,ソルレイス,闇,260,闇派,,10,MV_189,フロストショット,氷,物理,50,100,30,
117,ソルレイス,闇,260,闇派,,10,poison_fog,ポイズンフォグ,闇,変化,0,100,10,
117,ソルレイス,闇,260,闇派,,11,MV_190,アイスニードル,氷,物理,55,100,27,
117,ソルレイス,闇,260,闇派,,11,MV_211,フローズンブレード,氷,物理,55,95,26,
117,ソルレイス,闇,260,闇派,,12,MVP_125,チルスラスト,氷,物理,60,100,21,
117,ソルレイス,闇,260,闇派,,12,MV_195,アイスファング,氷,物理,60,95,24,
117,ソルレイス,闇,260,闇派,,13,MV_192,ブリザードブロー,氷,物理,65,100,21,
117,ソルレイス,闇,260,闇派,,13,MV_200,アイスブレードコンボ,氷,物理,65,100,21,
117,ソルレイス,闇,260,闇派,,14,MVP_126,アイスシャードフィスト,氷,物理,70,100,18,
117,ソルレイス,闇,260,闇派,,14,MVP_127,フローズンクラウドストライク,氷,物理,70,100,15,
117,ソルレイス,闇,260,闇派,,15,MVP_128,アイスヴェールブロー,氷,物理,75,90,11,
117,ソルレイス,闇,260,闇派,,15,MVP_129,フロストブロッサムパンチ,氷,物理,75,90,11,
117,ソルレイス,闇,260,闇派,,16,MVP_130,アイスコアフィスト,氷,物理,80,100,6,
117,ソルレイス,闇,260,闇派,,16,MVP_131,コールドストライクスラスト,氷,物理,80,90,8,
118,キノッポ,草,280,草のちから,,1,MV_300,リーフハイドスタンス,草,変化,0,100,15,
118,キノッポ,草,280,草のちから,,3,mvn_023,クリアストリーム,水,特殊,15,100,36,
118,キノッポ,草,280,草のちから,,5,aqua_gun,アクアショット,水,特殊,25,100,36,
118,キノッポ,草,280,草のちから,,5,mvh_water,タービュレントラッシュ,水,物理,25,95,15,2〜5発
118,キノッポ,草,280,草のちから,,7,MV_212,ウォーターガン,水,物理,35,100,36,
118,キノッポ,草,280,草のちから,,7,MV_215,ウォーターカッター,水,特殊,35,100,30,
118,キノッポ,草,280,草のちから,,7,MV_281,リーフブレード,草,物理,35,100,36,
118,キノッポ,草,280,草のちから,,8,MVP_041,クリアストリームストライク,水,物理,40,100,30,
118,キノッポ,草,280,草のちから,,8,MVP_101,グリーンリーフストライク,草,物理,40,100,30,
118,キノッポ,草,280,草のちから,,8,MV_282,シードショット,草,物理,40,100,33,
118,キノッポ,草,280,草のちから,,9,MVP_042,ミラーウォーターブロー,水,物理,45,100,28,
118,キノッポ,草,280,草のちから,,9,MVP_102,アイビーストライクフィスト,草,物理,45,100,28,
118,キノッポ,草,280,草のちから,,9,MV_214,バブルバラージ,水,物理,45,100,33,
118,キノッポ,草,280,草のちから,,9,MV_283,ヴァインウィップ,草,物理,45,100,33,
118,キノッポ,草,280,草のちから,,9,mvn_028,スプラッシュ,水,特殊,45,100,26,
118,キノッポ,草,280,草のちから,,10,MVP_043,サーフサウンドフィスト,水,物理,50,100,28,
118,キノッポ,草,280,草のちから,,10,MVP_044,ドロップストライクパンチ,水,物理,50,100,26,
118,キノッポ,草,280,草のちから,,10,MVP_103,リーフヴェインブロー,草,物理,50,100,28,
118,キノッポ,草,280,草のちから,,10,MVP_104,フレッシュリーフパンチ,草,物理,50,100,26,
118,キノッポ,草,280,草のちから,,10,mvs_ep_grass,ヴァーダントピーク,草,変化,0,100,10,
118,キノッポ,草,280,草のちから,,11,MV_216,ウォーターブレード,水,物理,55,100,27,
118,キノッポ,草,280,草のちから,,11,MV_221,ストリームコンボ,水,物理,55,100,27,
118,キノッポ,草,280,草のちから,,11,MV_287,アイビーバインド,草,物理,55,100,27,
118,キノッポ,草,280,草のちから,,11,MV_288,ソーンウィップ,草,物理,55,100,24,
118,キノッポ,草,280,草のちから,,12,MV_222,ミラーウォータースラッシュ,水,物理,60,100,24,
118,キノッポ,草,280,草のちから,,12,MV_227,アクアジェット,水,物理,60,100,27,
118,キノッポ,草,280,草のちから,,13,MVP_045,ウォーターリングスラスト,水,物理,65,100,21,
118,キノッポ,草,280,草のちから,,13,MV_230,アクアファング,水,物理,65,100,24,
118,キノッポ,草,280,草のちから,,14,MVP_046,スプラッシュフィスト,水,物理,70,100,18,
118,キノッポ,草,280,草のちから,,14,MVP_047,ウォーターヴェインストライク,水,物理,70,100,15,
118,キノッポ,草,280,草のちから,,15,MVP_048,アズールウェーブブロー,水,物理,75,90,11,
118,キノッポ,草,280,草のちから,,15,MVP_049,ドロップレットパンチ,水,物理,75,90,11,
118,キノッポ,草,280,草のちから,,16,MVP_050,アクアヴェールフィスト,水,物理,80,100,6,
118B,ベノッポ,草/闇,285,どくせんボディ,,3,mvn_023,クリアストリーム,水,特殊,15,100,36,
118B,ベノッポ,草/闇,285,どくせんボディ,,3,mvn_067,ホワイトアイス,氷,特殊,15,85,36,
118B,ベノッポ,草/闇,285,どくせんボディ,,4,mvs_grass_accuracy_evasion,フレッシュグリーンアイ,草,変化,0,100,15,
118B,ベノッポ,草/闇,285,どくせんボディ,,4,mvs_grass_def_crit,フレッシュグリーンアーマー,草,変化,0,100,15,
118B,ベノッポ,草/闇,285,どくせんボディ,,5,aqua_gun,アクアショット,水,特殊,25,100,36,
118B,ベノッポ,草/闇,285,どくせんボディ,,5,mvh_dark,シャドウバラージ,闇,物理,25,95,15,2〜5発
118B,ベノッポ,草/闇,285,どくせんボディ,,5,mvh_water,タービュレントラッシュ,水,物理,25,95,15,2〜5発
118B,ベノッポ,草/闇,285,どくせんボディ,,6,MV_205,フロストネット,氷,特殊,30,95,28,
118B,ベノッポ,草/闇,285,どくせんボディ,,6,ice_cutter,アイスカッター,氷,特殊,30,100,33,
118B,ベノッポ,草/闇,285,どくせんボディ,,7,MV_121,シャドウピアス,闇,物理,35,100,34,
118B,ベノッポ,草/闇,285,どくせんボディ,,7,MV_123,ダスクブレード,闇,物理,35,100,32,
118B,ベノッポ,草/闇,285,どくせんボディ,,7,MV_187,アイスペブル,氷,物理,35,100,36,
118B,ベノッポ,草/闇,285,どくせんボディ,,7,MV_212,ウォーターガン,水,物理,35,100,36,
118B,ベノッポ,草/闇,285,どくせんボディ,,7,MV_281,リーフブレード,草,物理,35,100,36,
118B,ベノッポ,草/闇,285,どくせんボディ,,7,mvh_ice,トリプルアイスブレード,氷,物理,35,90,10,3発(発ごと命中)
118B,ベノッポ,草/闇,285,どくせんボディ,,8,MVP_041,クリアストリームストライク,水,物理,40,100,30,
118B,ベノッポ,草/闇,285,どくせんボディ,,8,MVP_101,グリーンリーフストライク,草,物理,40,100,30,
118B,ベノッポ,草/闇,285,どくせんボディ,,8,MVP_121,ホワイトアイスストライク,氷,物理,40,100,30,
118B,ベノッポ,草/闇,285,どくせんボディ,,8,MV_124,シャドウステッチ,闇,物理,40,100,32,
118B,ベノッポ,草/闇,285,どくせんボディ,,8,MV_125,ダークウェッジ,闇,物理,40,100,32,
118B,ベノッポ,草/闇,285,どくせんボディ,,8,MV_188,アイスブレード,氷,物理,40,100,33,
118B,ベノッポ,草/闇,285,どくせんボディ,,8,MV_282,シードショット,草,物理,40,100,33,
118B,ベノッポ,草/闇,285,どくせんボディ,,9,MVP_042,ミラーウォーターブロー,水,物理,45,100,28,
118B,ベノッポ,草/闇,285,どくせんボディ,,9,MVP_102,アイビーストライクフィスト,草,物理,45,100,28,
118B,ベノッポ,草/闇,285,どくせんボディ,,9,MVP_122,フリーズフィスト,氷,物理,45,100,28,
118B,ベノッポ,草/闇,285,どくせんボディ,,9,MVP_123,フロストストライクブロー,氷,物理,45,100,28,
118B,ベノッポ,草/闇,285,どくせんボディ,,9,MV_214,バブルバラージ,水,物理,45,100,33,
118B,ベノッポ,草/闇,285,どくせんボディ,,10,MVP_043,サーフサウンドフィスト,水,物理,50,100,28,
118B,ベノッポ,草/闇,285,どくせんボディ,,10,MVP_044,ドロップストライクパンチ,水,物理,50,100,26,
118B,ベノッポ,草/闇,285,どくせんボディ,,10,MVP_124,アイスリングパンチ,氷,物理,50,100,26,
118B,ベノッポ,草/闇,285,どくせんボディ,,10,MV_189,フロストショット,氷,物理,50,100,30,
118B,ベノッポ,草/闇,285,どくせんボディ,,11,MV_190,アイスニードル,氷,物理,55,100,27,
118B,ベノッポ,草/闇,285,どくせんボディ,,11,MV_211,フローズンブレード,氷,物理,55,95,26,
118B,ベノッポ,草/闇,285,どくせんボディ,,11,MV_216,ウォーターブレード,水,物理,55,100,27,
119,チルウィッチ,氷,315,氷のおしえ,,3,air_cannon,エアーキャノン,無,特殊,15,100,42,
119,チルウィッチ,氷,315,氷のおしえ,,3,mvn_023,クリアストリーム,水,特殊,15,100,36,
119,チルウィッチ,氷,315,氷のおしえ,,4,mvs_ice_atk_crit,グレイシャーファングスタンス,氷,変化,0,100,15,
119,チルウィッチ,氷,315,氷のおしえ,,5,MV_160,クリティカルエイム,無,特殊,25,100,28,
119,チルウィッチ,氷,315,氷のおしえ,,5,aqua_gun,アクアショット,水,特殊,25,100,36,
119,チルウィッチ,氷,315,氷のおしえ,,5,mvh_water,タービュレントラッシュ,水,物理,25,95,15,2〜5発
119,チルウィッチ,氷,315,氷のおしえ,,6,MVP_001,ホワイトストライク,無,物理,30,100,30,
119,チルウィッチ,氷,315,氷のおしえ,,6,MV_137,バックフィスト,無,物理,30,100,36,
119,チルウィッチ,氷,315,氷のおしえ,,6,mvn_003,ヴォイドエコー,無,特殊,30,90,32,
119,チルウィッチ,氷,315,氷のおしえ,,6,mvn_004,ベアストライク,無,特殊,30,90,30,
119,チルウィッチ,氷,315,氷のおしえ,,7,MV_138,ダブルスラスト,無,物理,35,100,33,
119,チルウィッチ,氷,315,氷のおしえ,,7,MV_139,テイルスイープ,無,物理,35,100,33,
119,チルウィッチ,氷,315,氷のおしえ,,7,MV_187,アイスペブル,氷,物理,35,100,36,
119,チルウィッチ,氷,315,氷のおしえ,,7,MV_212,ウォーターガン,水,物理,35,100,36,
119,チルウィッチ,氷,315,氷のおしえ,,7,mvh_ice,トリプルアイスブレード,氷,物理,35,90,10,3発(発ごと命中)
119,チルウィッチ,氷,315,氷のおしえ,,8,MVP_041,クリアストリームストライク,水,物理,40,100,30,
119,チルウィッチ,氷,315,氷のおしえ,,8,MVP_121,ホワイトアイスストライク,氷,物理,40,100,30,
119,チルウィッチ,氷,315,氷のおしえ,,8,MV_140,ヘッドバット,無,物理,40,100,33,
119,チルウィッチ,氷,315,氷のおしえ,,8,MV_141,スピンタックル,無,物理,40,100,33,
119,チルウィッチ,氷,315,氷のおしえ,,8,MV_188,アイスブレード,氷,物理,40,100,33,
119,チルウィッチ,氷,315,氷のおしえ,,9,MVP_042,ミラーウォーターブロー,水,物理,45,100,28,
119,チルウィッチ,氷,315,氷のおしえ,,9,MVP_122,フリーズフィスト,氷,物理,45,100,28,
119,チルウィッチ,氷,315,氷のおしえ,,9,MVP_123,フロストストライクブロー,氷,物理,45,100,28,
119,チルウィッチ,氷,315,氷のおしえ,,9,MV_142,フライングキック,無,物理,45,100,33,
119,チルウィッチ,氷,315,氷のおしえ,,9,MV_143,ブラントエッジ,無,物理,45,100,33,
119,チルウィッチ,氷,315,氷のおしえ,,9,MV_214,バブルバラージ,水,物理,45,100,33,
119,チルウィッチ,氷,315,氷のおしえ,,10,MVP_002,マッチレスブロー,無,物理,50,100,28,
119,チルウィッチ,氷,315,氷のおしえ,,10,MVP_043,サーフサウンドフィスト,水,物理,50,100,28,
119,チルウィッチ,氷,315,氷のおしえ,,10,MVP_044,ドロップストライクパンチ,水,物理,50,100,26,
119,チルウィッチ,氷,315,氷のおしえ,,10,MVP_124,アイスリングパンチ,氷,物理,50,100,26,
119,チルウィッチ,氷,315,氷のおしえ,,10,MV_145,ラッシュスラスト,無,物理,50,100,33,
119,チルウィッチ,氷,315,氷のおしえ,,10,MV_189,フロストショット,氷,物理,50,100,30,
119,チルウィッチ,氷,315,氷のおしえ,,11,MVP_003,ヴォイドクラッシュ,無,物理,55,100,28,
120,ヨミーラ,闇/地,330,闇のちから,,3,air_cannon,エアーキャノン,無,特殊,15,100,42,
120,ヨミーラ,闇/地,330,闇のちから,,3,mvn_012,クリムゾン,炎,特殊,15,85,36,
120,ヨミーラ,闇/地,330,闇のちから,,3,mvn_067,ホワイトアイス,氷,特殊,15,85,36,
120,ヨミーラ,闇/地,330,闇のちから,,4,MV_247,ファイアスフィア,炎,特殊,20,100,30,
120,ヨミーラ,闇/地,330,闇のちから,,5,MV_160,クリティカルエイム,無,特殊,25,100,28,
120,ヨミーラ,闇/地,330,闇のちから,,5,mvh_dark,シャドウバラージ,闇,物理,25,95,15,2〜5発
120,ヨミーラ,闇/地,330,闇のちから,,5,mvh_ground,ロックバラージブロー,地,物理,25,95,15,2〜5発
120,ヨミーラ,闇/地,330,闇のちから,,6,MVP_001,ホワイトストライク,無,物理,30,100,30,
120,ヨミーラ,闇/地,330,闇のちから,,6,MV_137,バックフィスト,無,物理,30,100,36,
120,ヨミーラ,闇/地,330,闇のちから,,7,MVP_021,クリムゾンストライク,炎,物理,35,100,30,
120,ヨミーラ,闇/地,330,闇のちから,,7,MV_121,シャドウピアス,闇,物理,35,100,34,
120,ヨミーラ,闇/地,330,闇のちから,,7,MV_123,ダスクブレード,闇,物理,35,100,32,
120,ヨミーラ,闇/地,330,闇のちから,,7,MV_138,ダブルスラスト,無,物理,35,100,33,
120,ヨミーラ,闇/地,330,闇のちから,,7,MV_139,テイルスイープ,無,物理,35,100,33,
120,ヨミーラ,闇/地,330,闇のちから,,7,MV_187,アイスペブル,氷,物理,35,100,36,
120,ヨミーラ,闇/地,330,闇のちから,,7,MV_233,シンダー,炎,物理,35,95,32,
120,ヨミーラ,闇/地,330,闇のちから,,7,MV_256,ストーンペブル,地,物理,35,100,36,
120,ヨミーラ,闇/地,330,闇のちから,,7,mvh_ice,トリプルアイスブレード,氷,物理,35,90,10,3発(発ごと命中)
120,ヨミーラ,闇/地,330,闇のちから,,7,mvs_toxic_dark,トキシックドロップ,闇,変化,0,100,10,
120,ヨミーラ,闇/地,330,闇のちから,,7,mvw_fog,フォグヴェール,闇,変化,0,100,16,
120,ヨミーラ,闇/地,330,闇のちから,,8,MVP_022,スコーチフィスト,炎,物理,40,100,28,
120,ヨミーラ,闇/地,330,闇のちから,,8,MVP_023,フォスファーブロー,炎,物理,40,100,28,
120,ヨミーラ,闇/地,330,闇のちから,,8,MVP_081,クロッドストライク,地,物理,40,100,30,
120,ヨミーラ,闇/地,330,闇のちから,,8,MVP_121,ホワイトアイスストライク,氷,物理,40,100,30,
120,ヨミーラ,闇/地,330,闇のちから,,8,MV_124,シャドウステッチ,闇,物理,40,100,32,
120,ヨミーラ,闇/地,330,闇のちから,,8,MV_125,ダークウェッジ,闇,物理,40,100,32,
120,ヨミーラ,闇/地,330,闇のちから,,8,MV_140,ヘッドバット,無,物理,40,100,33,
120,ヨミーラ,闇/地,330,闇のちから,,8,MV_141,スピンタックル,無,物理,40,100,33,
120,ヨミーラ,闇/地,330,闇のちから,,8,MV_188,アイスブレード,氷,物理,40,100,33,
120,ヨミーラ,闇/地,330,闇のちから,,8,MV_260,ブラインドサンド,地,物理,40,100,32,
120,ヨミーラ,闇/地,330,闇のちから,,9,MVP_024,ロースパンチ,炎,物理,45,100,26,
120,ヨミーラ,闇/地,330,闇のちから,,9,MVP_122,フリーズフィスト,氷,物理,45,100,28,
120,ヨミーラ,闇/地,330,闇のちから,,9,MVP_123,フロストストライクブロー,氷,物理,45,100,28,
121,レヴィドラ,竜/水,350,グロリアスミスト,潜航,3,air_cannon,エアーキャノン,無,特殊,15,100,42,
121,レヴィドラ,竜/水,350,グロリアスミスト,潜航,3,mvn_012,クリムゾン,炎,特殊,15,85,36,
121,レヴィドラ,竜/水,350,グロリアスミスト,潜航,3,mvn_045,クロッド,地,特殊,15,100,36,
121,レヴィドラ,竜/水,350,グロリアスミスト,潜航,4,MV_247,ファイアスフィア,炎,特殊,20,100,30,
121,レヴィドラ,竜/水,350,グロリアスミスト,潜航,4,MV_280,サンドバインド,地,特殊,20,100,28,
121,レヴィドラ,竜/水,350,グロリアスミスト,潜航,5,MV_160,クリティカルエイム,無,特殊,25,100,28,
121,レヴィドラ,竜/水,350,グロリアスミスト,潜航,5,mvh_ground,ロックバラージブロー,地,物理,25,95,15,2〜5発
121,レヴィドラ,竜/水,350,グロリアスミスト,潜航,5,mvh_water,タービュレントラッシュ,水,物理,25,95,15,2〜5発
121,レヴィドラ,竜/水,350,グロリアスミスト,潜航,6,MVP_001,ホワイトストライク,無,物理,30,100,30,
121,レヴィドラ,竜/水,350,グロリアスミスト,潜航,6,MV_137,バックフィスト,無,物理,30,100,36,
121,レヴィドラ,竜/水,350,グロリアスミスト,潜航,7,MVP_021,クリムゾンストライク,炎,物理,35,100,30,
121,レヴィドラ,竜/水,350,グロリアスミスト,潜航,7,MV_138,ダブルスラスト,無,物理,35,100,33,
121,レヴィドラ,竜/水,350,グロリアスミスト,潜航,7,MV_139,テイルスイープ,無,物理,35,100,33,
121,レヴィドラ,竜/水,350,グロリアスミスト,潜航,7,MV_212,ウォーターガン,水,物理,35,100,36,
121,レヴィドラ,竜/水,350,グロリアスミスト,潜航,7,MV_233,シンダー,炎,物理,35,95,32,
121,レヴィドラ,竜/水,350,グロリアスミスト,潜航,7,MV_256,ストーンペブル,地,物理,35,100,36,
121,レヴィドラ,竜/水,350,グロリアスミスト,潜航,7,mvw_rain,レインダンス,水,変化,0,100,16,
121,レヴィドラ,竜/水,350,グロリアスミスト,潜航,8,MVP_022,スコーチフィスト,炎,物理,40,100,28,
121,レヴィドラ,竜/水,350,グロリアスミスト,潜航,8,MVP_023,フォスファーブロー,炎,物理,40,100,28,
121,レヴィドラ,竜/水,350,グロリアスミスト,潜航,8,MVP_041,クリアストリームストライク,水,物理,40,100,30,
121,レヴィドラ,竜/水,350,グロリアスミスト,潜航,8,MVP_081,クロッドストライク,地,物理,40,100,30,
121,レヴィドラ,竜/水,350,グロリアスミスト,潜航,8,MV_140,ヘッドバット,無,物理,40,100,33,
121,レヴィドラ,竜/水,350,グロリアスミスト,潜航,8,MV_141,スピンタックル,無,物理,40,100,33,
121,レヴィドラ,竜/水,350,グロリアスミスト,潜航,8,MV_260,ブラインドサンド,地,物理,40,100,32,
121,レヴィドラ,竜/水,350,グロリアスミスト,潜航,9,MVP_024,ロースパンチ,炎,物理,45,100,26,
121,レヴィドラ,竜/水,350,グロリアスミスト,潜航,9,MVP_042,ミラーウォーターブロー,水,物理,45,100,28,
121,レヴィドラ,竜/水,350,グロリアスミスト,潜航,9,MVP_141,ドラゴンファングストライク,竜,物理,45,100,30,
121,レヴィドラ,竜/水,350,グロリアスミスト,潜航,9,MV_142,フライングキック,無,物理,45,100,33,
121,レヴィドラ,竜/水,350,グロリアスミスト,潜航,9,MV_143,ブラントエッジ,無,物理,45,100,33,
121,レヴィドラ,竜/水,350,グロリアスミスト,潜航,9,MV_214,バブルバラージ,水,物理,45,100,33,
121,レヴィドラ,竜/水,350,グロリアスミスト,潜航,9,MV_236,フレイムクロー,炎,物理,45,95,26,
121B,アグニドラ,竜/炎,360,ばくせん,放熱器官,3,air_cannon,エアーキャノン,無,特殊,15,100,42,
121B,アグニドラ,竜/炎,360,ばくせん,放熱器官,3,mvn_034,バイオレットボルト,雷,特殊,15,85,36,
121B,アグニドラ,竜/炎,360,ばくせん,放熱器官,4,mvs_fire_atk_evasion,フレイムステップ,炎,変化,0,100,15,
121B,アグニドラ,竜/炎,360,ばくせん,放熱器官,5,MV_160,クリティカルエイム,無,特殊,25,100,28,
121B,アグニドラ,竜/炎,360,ばくせん,放熱器官,5,MV_185,ボルトライトバレット,雷,特殊,25,100,33,
121B,アグニドラ,竜/炎,360,ばくせん,放熱器官,6,MVP_001,ホワイトストライク,無,物理,30,100,30,
121B,アグニドラ,竜/炎,360,ばくせん,放熱器官,6,MV_137,バックフィスト,無,物理,30,100,36,
121B,アグニドラ,竜/炎,360,ばくせん,放熱器官,6,mvn_003,ヴォイドエコー,無,特殊,30,90,32,
121B,アグニドラ,竜/炎,360,ばくせん,放熱器官,6,mvn_004,ベアストライク,無,特殊,30,90,30,
121B,アグニドラ,竜/炎,360,ばくせん,放熱器官,7,MVP_021,クリムゾンストライク,炎,物理,35,100,30,
121B,アグニドラ,竜/炎,360,ばくせん,放熱器官,7,MV_138,ダブルスラスト,無,物理,35,100,33,
121B,アグニドラ,竜/炎,360,ばくせん,放熱器官,7,MV_139,テイルスイープ,無,物理,35,100,33,
121B,アグニドラ,竜/炎,360,ばくせん,放熱器官,7,MV_233,シンダー,炎,物理,35,95,32,
121B,アグニドラ,竜/炎,360,ばくせん,放熱器官,7,mvh_electric,トリプルボルトストライク,雷,物理,35,90,10,3発(発ごと命中)
121B,アグニドラ,竜/炎,360,ばくせん,放熱器官,8,MVP_022,スコーチフィスト,炎,物理,40,100,28,
121B,アグニドラ,竜/炎,360,ばくせん,放熱器官,8,MVP_023,フォスファーブロー,炎,物理,40,100,28,
121B,アグニドラ,竜/炎,360,ばくせん,放熱器官,8,MVP_061,バイオレットボルトストライク,雷,物理,40,100,30,
121B,アグニドラ,竜/炎,360,ばくせん,放熱器官,8,MVP_062,サンダーロアフィスト,雷,物理,40,100,28,
121B,アグニドラ,竜/炎,360,ばくせん,放熱器官,8,MV_140,ヘッドバット,無,物理,40,100,33,
121B,アグニドラ,竜/炎,360,ばくせん,放熱器官,8,MV_141,スピンタックル,無,物理,40,100,33,
121B,アグニドラ,竜/炎,360,ばくせん,放熱器官,9,MVP_024,ロースパンチ,炎,物理,45,100,26,
121B,アグニドラ,竜/炎,360,ばくせん,放熱器官,9,MVP_063,フラッシュボルトブロー,雷,物理,45,100,28,
121B,アグニドラ,竜/炎,360,ばくせん,放熱器官,9,MVP_141,ドラゴンファングストライク,竜,物理,45,100,30,
121B,アグニドラ,竜/炎,360,ばくせん,放熱器官,9,MV_142,フライングキック,無,物理,45,100,33,
121B,アグニドラ,竜/炎,360,ばくせん,放熱器官,9,MV_143,ブラントエッジ,無,物理,45,100,33,
121B,アグニドラ,竜/炎,360,ばくせん,放熱器官,9,MV_168,スパークボルト,雷,物理,45,95,28,
121B,アグニドラ,竜/炎,360,ばくせん,放熱器官,9,MV_236,フレイムクロー,炎,物理,45,95,26,
121B,アグニドラ,竜/炎,360,ばくせん,放熱器官,10,MVP_002,マッチレスブロー,無,物理,50,100,28,
121B,アグニドラ,竜/炎,360,ばくせん,放熱器官,10,MVP_064,ボルトチャージパンチ,雷,物理,50,100,26,
121B,アグニドラ,竜/炎,360,ばくせん,放熱器官,10,MVP_142,ドラゴンスケイルフィスト,竜,物理,50,100,28,
121B,アグニドラ,竜/炎,360,ばくせん,放熱器官,10,MV_145,ラッシュスラスト,無,物理,50,100,33,
122,スザク,炎,330,炎式,飛行,3,air_cannon,エアーキャノン,無,特殊,15,100,42,
122,スザク,炎,330,炎式,飛行,3,mvn_034,バイオレットボルト,雷,特殊,15,85,36,
122,スザク,炎,330,炎式,飛行,4,mvs_fire_atk_crit,フレイムファングスタンス,炎,変化,0,100,15,
122,スザク,炎,330,炎式,飛行,5,MV_160,クリティカルエイム,無,特殊,25,100,28,
122,スザク,炎,330,炎式,飛行,5,MV_185,ボルトライトバレット,雷,特殊,25,100,33,
122,スザク,炎,330,炎式,飛行,6,MVP_001,ホワイトストライク,無,物理,30,100,30,
122,スザク,炎,330,炎式,飛行,6,MV_137,バックフィスト,無,物理,30,100,36,
122,スザク,炎,330,炎式,飛行,6,mvn_003,ヴォイドエコー,無,特殊,30,90,32,
122,スザク,炎,330,炎式,飛行,6,mvn_004,ベアストライク,無,特殊,30,90,30,
122,スザク,炎,330,炎式,飛行,7,MVP_021,クリムゾンストライク,炎,物理,35,100,30,
122,スザク,炎,330,炎式,飛行,7,MV_138,ダブルスラスト,無,物理,35,100,33,
122,スザク,炎,330,炎式,飛行,7,MV_139,テイルスイープ,無,物理,35,100,33,
122,スザク,炎,330,炎式,飛行,7,MV_233,シンダー,炎,物理,35,95,32,
122,スザク,炎,330,炎式,飛行,7,mvh_electric,トリプルボルトストライク,雷,物理,35,90,10,3発(発ごと命中)
122,スザク,炎,330,炎式,飛行,8,MVP_022,スコーチフィスト,炎,物理,40,100,28,
122,スザク,炎,330,炎式,飛行,8,MVP_023,フォスファーブロー,炎,物理,40,100,28,
122,スザク,炎,330,炎式,飛行,8,MVP_061,バイオレットボルトストライク,雷,物理,40,100,30,
122,スザク,炎,330,炎式,飛行,8,MVP_062,サンダーロアフィスト,雷,物理,40,100,28,
122,スザク,炎,330,炎式,飛行,8,MV_140,ヘッドバット,無,物理,40,100,33,
122,スザク,炎,330,炎式,飛行,8,MV_141,スピンタックル,無,物理,40,100,33,
122,スザク,炎,330,炎式,飛行,9,MVP_024,ロースパンチ,炎,物理,45,100,26,
122,スザク,炎,330,炎式,飛行,9,MVP_063,フラッシュボルトブロー,雷,物理,45,100,28,
122,スザク,炎,330,炎式,飛行,9,MV_142,フライングキック,無,物理,45,100,33,
122,スザク,炎,330,炎式,飛行,9,MV_143,ブラントエッジ,無,物理,45,100,33,
122,スザク,炎,330,炎式,飛行,9,MV_168,スパークボルト,雷,物理,45,95,28,
122,スザク,炎,330,炎式,飛行,9,MV_236,フレイムクロー,炎,物理,45,95,26,
122,スザク,炎,330,炎式,飛行,10,MVP_002,マッチレスブロー,無,物理,50,100,28,
122,スザク,炎,330,炎式,飛行,10,MVP_064,ボルトチャージパンチ,雷,物理,50,100,26,
122,スザク,炎,330,炎式,飛行,10,MV_145,ラッシュスラスト,無,物理,50,100,33,
122,スザク,炎,330,炎式,飛行,10,MV_182,ショックスティング,雷,物理,50,100,30,
122,スザク,炎,330,炎式,飛行,10,MV_246,フレイムファング,炎,物理,50,95,26,
122,スザク,炎,330,炎式,飛行,10,MV_250,フレイムスラスト,炎,物理,50,100,27,
122,スザク,炎,330,炎式,飛行,11,MVP_003,ヴォイドクラッシュ,無,物理,55,100,28,
122B,シヴァ,水,335,水式,飛行,3,air_cannon,エアーキャノン,無,特殊,15,100,42,
122B,シヴァ,水,335,水式,飛行,3,mvn_045,クロッド,地,特殊,15,100,36,
122B,シヴァ,水,335,水式,飛行,4,MV_280,サンドバインド,地,特殊,20,100,28,
122B,シヴァ,水,335,水式,飛行,5,MV_160,クリティカルエイム,無,特殊,25,100,28,
122B,シヴァ,水,335,水式,飛行,5,mvh_ground,ロックバラージブロー,地,物理,25,95,15,2〜5発
122B,シヴァ,水,335,水式,飛行,5,mvh_water,タービュレントラッシュ,水,物理,25,95,15,2〜5発
122B,シヴァ,水,335,水式,飛行,6,MVP_001,ホワイトストライク,無,物理,30,100,30,
122B,シヴァ,水,335,水式,飛行,6,MV_137,バックフィスト,無,物理,30,100,36,
122B,シヴァ,水,335,水式,飛行,6,mvn_003,ヴォイドエコー,無,特殊,30,90,32,
122B,シヴァ,水,335,水式,飛行,6,mvn_004,ベアストライク,無,特殊,30,90,30,
122B,シヴァ,水,335,水式,飛行,7,MV_138,ダブルスラスト,無,物理,35,100,33,
122B,シヴァ,水,335,水式,飛行,7,MV_139,テイルスイープ,無,物理,35,100,33,
122B,シヴァ,水,335,水式,飛行,7,MV_212,ウォーターガン,水,物理,35,100,36,
122B,シヴァ,水,335,水式,飛行,7,MV_256,ストーンペブル,地,物理,35,100,36,
122B,シヴァ,水,335,水式,飛行,8,MVP_041,クリアストリームストライク,水,物理,40,100,30,
122B,シヴァ,水,335,水式,飛行,8,MVP_081,クロッドストライク,地,物理,40,100,30,
122B,シヴァ,水,335,水式,飛行,8,MV_140,ヘッドバット,無,物理,40,100,33,
122B,シヴァ,水,335,水式,飛行,8,MV_141,スピンタックル,無,物理,40,100,33,
122B,シヴァ,水,335,水式,飛行,8,MV_260,ブラインドサンド,地,物理,40,100,32,
122B,シヴァ,水,335,水式,飛行,9,MVP_042,ミラーウォーターブロー,水,物理,45,100,28,
122B,シヴァ,水,335,水式,飛行,9,MV_142,フライングキック,無,物理,45,100,33,
122B,シヴァ,水,335,水式,飛行,9,MV_143,ブラントエッジ,無,物理,45,100,33,
122B,シヴァ,水,335,水式,飛行,9,MV_214,バブルバラージ,水,物理,45,100,33,
122B,シヴァ,水,335,水式,飛行,9,MV_257,ロックバレット,地,物理,45,100,33,
122B,シヴァ,水,335,水式,飛行,9,MV_259,サンドスプレー,地,物理,45,100,30,
122B,シヴァ,水,335,水式,飛行,10,MVP_002,マッチレスブロー,無,物理,50,100,28,
122B,シヴァ,水,335,水式,飛行,10,MVP_043,サーフサウンドフィスト,水,物理,50,100,28,
122B,シヴァ,水,335,水式,飛行,10,MVP_044,ドロップストライクパンチ,水,物理,50,100,26,
122B,シヴァ,水,335,水式,飛行,10,MVP_082,ベッドロックフィスト,地,物理,50,100,28,
122B,シヴァ,水,335,水式,飛行,10,MVP_083,レイラインブロー,地,物理,50,100,28,
122B,シヴァ,水,335,水式,飛行,10,MV_145,ラッシュスラスト,無,物理,50,100,33,
122B,シヴァ,水,335,水式,飛行,10,mvs_ep_water,ディープウォーターピーク,水,変化,0,100,10,
123,トリステップ,地,265,地のちから,,3,mvn_012,クリムゾン,炎,特殊,15,85,36,
123,トリステップ,地,265,地のちから,,4,MV_247,ファイアスフィア,炎,特殊,20,100,30,
123,トリステップ,地,265,地のちから,,4,mvs_ground_atk_def,アーススタンス,地,変化,0,100,15,
123,トリステップ,地,265,地のちから,,5,mvh_ground,ロックバラージブロー,地,物理,25,95,15,2〜5発
123,トリステップ,地,265,地のちから,,6,MV_234,ブレイズバレット,炎,特殊,30,95,30,
123,トリステップ,地,265,地のちから,,7,MVP_021,クリムゾンストライク,炎,物理,35,100,30,
123,トリステップ,地,265,地のちから,,7,MV_233,シンダー,炎,物理,35,95,32,
123,トリステップ,地,265,地のちから,,7,MV_256,ストーンペブル,地,物理,35,100,36,
123,トリステップ,地,265,地のちから,,7,mvw_sandstorm,サンドストーム,地,変化,0,100,16,
123,トリステップ,地,265,地のちから,,8,MVP_022,スコーチフィスト,炎,物理,40,100,28,
123,トリステップ,地,265,地のちから,,8,MVP_023,フォスファーブロー,炎,物理,40,100,28,
123,トリステップ,地,265,地のちから,,8,MVP_081,クロッドストライク,地,物理,40,100,30,
123,トリステップ,地,265,地のちから,,8,MV_255,ブレイズバラージ,炎,特殊,40,95,26,
123,トリステップ,地,265,地のちから,,8,MV_260,ブラインドサンド,地,物理,40,100,32,
123,トリステップ,地,265,地のちから,,9,MVP_024,ロースパンチ,炎,物理,45,100,26,
123,トリステップ,地,265,地のちから,,9,MV_236,フレイムクロー,炎,物理,45,95,26,
123,トリステップ,地,265,地のちから,,9,MV_257,ロックバレット,地,物理,45,100,33,
123,トリステップ,地,265,地のちから,,9,MV_259,サンドスプレー,地,物理,45,100,30,
123,トリステップ,地,265,地のちから,,10,MVP_082,ベッドロックフィスト,地,物理,50,100,28,
123,トリステップ,地,265,地のちから,,10,MVP_083,レイラインブロー,地,物理,50,100,28,
123,トリステップ,地,265,地のちから,,10,MV_246,フレイムファング,炎,物理,50,95,26,
123,トリステップ,地,265,地のちから,,10,MV_250,フレイムスラスト,炎,物理,50,100,27,
123,トリステップ,地,265,地のちから,,11,MVP_084,クラッシュソイルパンチ,地,物理,55,100,26,
123,トリステップ,地,265,地のちから,,11,MV_237,ブレイズスラッシュ,炎,物理,55,95,24,
123,トリステップ,地,265,地のちから,,11,MV_245,フレイムホイール,炎,物理,55,95,24,
123,トリステップ,地,265,地のちから,,12,MVP_025,シアリングスラスト,炎,物理,60,100,21,
123,トリステップ,地,265,地のちから,,12,MV_253,ブレイジングパンチ,炎,物理,60,100,24,
123,トリステップ,地,265,地のちから,,13,MV_238,ワイルドファイアフィスト,炎,物理,65,95,21,
123,トリステップ,地,265,地のちから,,13,MV_252,シアリングスラッシュ,炎,物理,65,100,21,
123,トリステップ,地,265,地のちから,,14,MVP_026,エンバーフィスト,炎,物理,70,100,18,
123,トリステップ,地,265,地のちから,,14,MVP_027,フレイムストライク,炎,物理,70,100,15,
123,トリステップ,地,265,地のちから,,15,MVP_028,フレイムアレイブロー,炎,物理,75,90,11,
123,トリステップ,地,265,地のちから,,15,MVP_029,ヘルフレイムパンチ,炎,物理,75,90,11,
123,トリステップ,地,265,地のちから,,16,MVP_030,フレイムスウォームスラスト,炎,物理,80,100,6,
124,フェスキー,竜,305,フリーフォール,飛行,3,mvn_012,クリムゾン,炎,特殊,15,85,36,
124,フェスキー,竜,305,フリーフォール,飛行,4,MV_247,ファイアスフィア,炎,特殊,20,100,30,
124,フェスキー,竜,305,フリーフォール,飛行,4,mvs_dragon_def_evasion,ドラゴンオーラヴェール,竜,変化,0,100,15,
124,フェスキー,竜,305,フリーフォール,飛行,6,MV_234,ブレイズバレット,炎,特殊,30,95,30,
124,フェスキー,竜,305,フリーフォール,飛行,7,MVP_021,クリムゾンストライク,炎,物理,35,100,30,
124,フェスキー,竜,305,フリーフォール,飛行,7,MV_233,シンダー,炎,物理,35,95,32,
124,フェスキー,竜,305,フリーフォール,飛行,8,MVP_022,スコーチフィスト,炎,物理,40,100,28,
124,フェスキー,竜,305,フリーフォール,飛行,8,MVP_023,フォスファーブロー,炎,物理,40,100,28,
124,フェスキー,竜,305,フリーフォール,飛行,8,MV_255,ブレイズバラージ,炎,特殊,40,95,26,
124,フェスキー,竜,305,フリーフォール,飛行,9,MVP_024,ロースパンチ,炎,物理,45,100,26,
124,フェスキー,竜,305,フリーフォール,飛行,9,MVP_141,ドラゴンファングストライク,竜,物理,45,100,30,
124,フェスキー,竜,305,フリーフォール,飛行,9,MV_236,フレイムクロー,炎,物理,45,95,26,
124,フェスキー,竜,305,フリーフォール,飛行,10,MVP_142,ドラゴンスケイルフィスト,竜,物理,50,100,28,
124,フェスキー,竜,305,フリーフォール,飛行,10,MVP_143,ドラゴンヴェインブロー,竜,物理,50,100,28,
124,フェスキー,竜,305,フリーフォール,飛行,10,MV_246,フレイムファング,炎,物理,50,95,26,
124,フェスキー,竜,305,フリーフォール,飛行,10,MV_250,フレイムスラスト,炎,物理,50,100,27,
124,フェスキー,竜,305,フリーフォール,飛行,10,mvs_ep_dragon,ドラゴンハートピーク,竜,変化,0,100,10,
124,フェスキー,竜,305,フリーフォール,飛行,11,MVP_144,ドラゴンブレスパンチ,竜,物理,55,100,26,
124,フェスキー,竜,305,フリーフォール,飛行,11,MV_116,ドラゴンファングスラスト,竜,物理,55,100,27,
124,フェスキー,竜,305,フリーフォール,飛行,11,MV_237,ブレイズスラッシュ,炎,物理,55,95,24,
124,フェスキー,竜,305,フリーフォール,飛行,11,MV_245,フレイムホイール,炎,物理,55,95,24,
124,フェスキー,竜,305,フリーフォール,飛行,12,MVP_025,シアリングスラスト,炎,物理,60,100,21,
124,フェスキー,竜,305,フリーフォール,飛行,12,MVP_145,ドラゴンクロースラスト,竜,物理,60,100,21,
124,フェスキー,竜,305,フリーフォール,飛行,12,MVP_146,ドラゴンリングフィスト,竜,物理,60,100,18,
124,フェスキー,竜,305,フリーフォール,飛行,12,MV_253,ブレイジングパンチ,炎,物理,60,100,24,
124,フェスキー,竜,305,フリーフォール,飛行,13,MVP_147,ドラゴンヴェールストライク,竜,物理,65,100,15,
124,フェスキー,竜,305,フリーフォール,飛行,13,MV_112,ドラゴンクローコンボ,竜,物理,65,100,15,
124,フェスキー,竜,305,フリーフォール,飛行,13,MV_238,ワイルドファイアフィスト,炎,物理,65,95,21,
124,フェスキー,竜,305,フリーフォール,飛行,13,MV_252,シアリングスラッシュ,炎,物理,65,100,21,
124,フェスキー,竜,305,フリーフォール,飛行,14,MVP_026,エンバーフィスト,炎,物理,70,100,18,
124,フェスキー,竜,305,フリーフォール,飛行,14,MVP_027,フレイムストライク,炎,物理,70,100,15,
124,フェスキー,竜,305,フリーフォール,飛行,15,MVP_028,フレイムアレイブロー,炎,物理,75,90,11,
124B,フォレスキー,竜/草,310,竜のおしえ,飛行,3,air_cannon,エアーキャノン,無,特殊,15,100,42,
124B,フォレスキー,竜/草,310,竜のおしえ,飛行,3,mvn_012,クリムゾン,炎,特殊,15,85,36,
124B,フォレスキー,竜/草,310,竜のおしえ,飛行,3,mvn_023,クリアストリーム,水,特殊,15,100,36,
124B,フォレスキー,竜/草,310,竜のおしえ,飛行,4,MV_247,ファイアスフィア,炎,特殊,20,100,30,
124B,フォレスキー,竜/草,310,竜のおしえ,飛行,4,mvs_grass_accuracy_evasion,フレッシュグリーンアイ,草,変化,0,100,15,
124B,フォレスキー,竜/草,310,竜のおしえ,飛行,5,MV_160,クリティカルエイム,無,特殊,25,100,28,
124B,フォレスキー,竜/草,310,竜のおしえ,飛行,5,aqua_gun,アクアショット,水,特殊,25,100,36,
124B,フォレスキー,竜/草,310,竜のおしえ,飛行,5,mvh_water,タービュレントラッシュ,水,物理,25,95,15,2〜5発
124B,フォレスキー,竜/草,310,竜のおしえ,飛行,6,MVP_001,ホワイトストライク,無,物理,30,100,30,
124B,フォレスキー,竜/草,310,竜のおしえ,飛行,6,MV_137,バックフィスト,無,物理,30,100,36,
124B,フォレスキー,竜/草,310,竜のおしえ,飛行,7,MVP_021,クリムゾンストライク,炎,物理,35,100,30,
124B,フォレスキー,竜/草,310,竜のおしえ,飛行,7,MV_138,ダブルスラスト,無,物理,35,100,33,
124B,フォレスキー,竜/草,310,竜のおしえ,飛行,7,MV_139,テイルスイープ,無,物理,35,100,33,
124B,フォレスキー,竜/草,310,竜のおしえ,飛行,7,MV_212,ウォーターガン,水,物理,35,100,36,
124B,フォレスキー,竜/草,310,竜のおしえ,飛行,7,MV_233,シンダー,炎,物理,35,95,32,
124B,フォレスキー,竜/草,310,竜のおしえ,飛行,7,MV_281,リーフブレード,草,物理,35,100,36,
124B,フォレスキー,竜/草,310,竜のおしえ,飛行,8,MVP_022,スコーチフィスト,炎,物理,40,100,28,
124B,フォレスキー,竜/草,310,竜のおしえ,飛行,8,MVP_023,フォスファーブロー,炎,物理,40,100,28,
124B,フォレスキー,竜/草,310,竜のおしえ,飛行,8,MVP_041,クリアストリームストライク,水,物理,40,100,30,
124B,フォレスキー,竜/草,310,竜のおしえ,飛行,8,MVP_101,グリーンリーフストライク,草,物理,40,100,30,
124B,フォレスキー,竜/草,310,竜のおしえ,飛行,8,MV_140,ヘッドバット,無,物理,40,100,33,
124B,フォレスキー,竜/草,310,竜のおしえ,飛行,8,MV_141,スピンタックル,無,物理,40,100,33,
124B,フォレスキー,竜/草,310,竜のおしえ,飛行,8,MV_282,シードショット,草,物理,40,100,33,
124B,フォレスキー,竜/草,310,竜のおしえ,飛行,9,MVP_024,ロースパンチ,炎,物理,45,100,26,
124B,フォレスキー,竜/草,310,竜のおしえ,飛行,9,MVP_042,ミラーウォーターブロー,水,物理,45,100,28,
124B,フォレスキー,竜/草,310,竜のおしえ,飛行,9,MVP_102,アイビーストライクフィスト,草,物理,45,100,28,
124B,フォレスキー,竜/草,310,竜のおしえ,飛行,9,MVP_141,ドラゴンファングストライク,竜,物理,45,100,30,
124B,フォレスキー,竜/草,310,竜のおしえ,飛行,9,MV_142,フライングキック,無,物理,45,100,33,
124B,フォレスキー,竜/草,310,竜のおしえ,飛行,9,MV_143,ブラントエッジ,無,物理,45,100,33,
124B,フォレスキー,竜/草,310,竜のおしえ,飛行,9,MV_214,バブルバラージ,水,物理,45,100,33,
124B,フォレスキー,竜/草,310,竜のおしえ,飛行,9,MV_236,フレイムクロー,炎,物理,45,95,26,
124B,フォレスキー,竜/草,310,竜のおしえ,飛行,9,MV_283,ヴァインウィップ,草,物理,45,100,33,
124B,フォレスキー,竜/草,310,竜のおしえ,飛行,10,MVP_002,マッチレスブロー,無,物理,50,100,28,
124B,フォレスキー,竜/草,310,竜のおしえ,飛行,10,mvs_ep_grass,ヴァーダントピーク,草,変化,0,100,10,
125,フワフラワ,草,260,草のちから,,1,MV_299,ライフスタンス,草,変化,0,100,15,
125,フワフラワ,草,260,草のちから,,1,MV_300,リーフハイドスタンス,草,変化,0,100,15,
125,フワフラワ,草,260,草のちから,,3,mvn_023,クリアストリーム,水,特殊,15,100,36,
125,フワフラワ,草,260,草のちから,,5,aqua_gun,アクアショット,水,特殊,25,100,36,
125,フワフラワ,草,260,草のちから,,5,mvh_water,タービュレントラッシュ,水,物理,25,95,15,2〜5発
125,フワフラワ,草,260,草のちから,,7,MV_212,ウォーターガン,水,物理,35,100,36,
125,フワフラワ,草,260,草のちから,,7,MV_215,ウォーターカッター,水,特殊,35,100,30,
125,フワフラワ,草,260,草のちから,,7,MV_281,リーフブレード,草,物理,35,100,36,
125,フワフラワ,草,260,草のちから,,8,MVP_041,クリアストリームストライク,水,物理,40,100,30,
125,フワフラワ,草,260,草のちから,,8,MVP_101,グリーンリーフストライク,草,物理,40,100,30,
125,フワフラワ,草,260,草のちから,,8,MV_282,シードショット,草,物理,40,100,33,
125,フワフラワ,草,260,草のちから,,9,MVP_042,ミラーウォーターブロー,水,物理,45,100,28,
125,フワフラワ,草,260,草のちから,,9,MVP_102,アイビーストライクフィスト,草,物理,45,100,28,
125,フワフラワ,草,260,草のちから,,9,MV_214,バブルバラージ,水,物理,45,100,33,
125,フワフラワ,草,260,草のちから,,9,MV_283,ヴァインウィップ,草,物理,45,100,33,
125,フワフラワ,草,260,草のちから,,9,mvn_028,スプラッシュ,水,特殊,45,100,26,
125,フワフラワ,草,260,草のちから,,10,MVP_043,サーフサウンドフィスト,水,物理,50,100,28,
125,フワフラワ,草,260,草のちから,,10,MVP_044,ドロップストライクパンチ,水,物理,50,100,26,
125,フワフラワ,草,260,草のちから,,10,MVP_103,リーフヴェインブロー,草,物理,50,100,28,
125,フワフラワ,草,260,草のちから,,10,MVP_104,フレッシュリーフパンチ,草,物理,50,100,26,
125,フワフラワ,草,260,草のちから,,11,MV_216,ウォーターブレード,水,物理,55,100,27,
125,フワフラワ,草,260,草のちから,,11,MV_221,ストリームコンボ,水,物理,55,100,27,
125,フワフラワ,草,260,草のちから,,11,MV_287,アイビーバインド,草,物理,55,100,27,
125,フワフラワ,草,260,草のちから,,11,MV_288,ソーンウィップ,草,物理,55,100,24,
125,フワフラワ,草,260,草のちから,,12,MV_222,ミラーウォータースラッシュ,水,物理,60,100,24,
125,フワフラワ,草,260,草のちから,,12,MV_227,アクアジェット,水,物理,60,100,27,
125,フワフラワ,草,260,草のちから,,13,MVP_045,ウォーターリングスラスト,水,物理,65,100,21,
125,フワフラワ,草,260,草のちから,,13,MV_230,アクアファング,水,物理,65,100,24,
125,フワフラワ,草,260,草のちから,,14,MVP_046,スプラッシュフィスト,水,物理,70,100,18,
125,フワフラワ,草,260,草のちから,,14,MVP_047,ウォーターヴェインストライク,水,物理,70,100,15,
125,フワフラワ,草,260,草のちから,,15,MVP_048,アズールウェーブブロー,水,物理,75,90,11,
125,フワフラワ,草,260,草のちから,,15,MVP_049,ドロップレットパンチ,水,物理,75,90,11,
125,フワフラワ,草,260,草のちから,,16,MVP_050,アクアヴェールフィスト,水,物理,80,100,6,
125,フワフラワ,草,260,草のちから,,16,MVP_051,リップルストライク,水,物理,80,90,8,
126,コロマジロ,地,235,ハードブロック,,3,mvn_012,クリムゾン,炎,特殊,15,85,36,
126,コロマジロ,地,235,ハードブロック,,4,MV_247,ファイアスフィア,炎,特殊,20,100,30,
126,コロマジロ,地,235,ハードブロック,,4,mvs_ground_atk_accuracy,アースエイム,地,変化,0,100,15,
126,コロマジロ,地,235,ハードブロック,,4,mvs_ground_atk_def,アーススタンス,地,変化,0,100,15,
126,コロマジロ,地,235,ハードブロック,,5,mvh_ground,ロックバラージブロー,地,物理,25,95,15,2〜5発
126,コロマジロ,地,235,ハードブロック,,6,MV_234,ブレイズバレット,炎,特殊,30,95,30,
126,コロマジロ,地,235,ハードブロック,,7,MVP_021,クリムゾンストライク,炎,物理,35,100,30,
126,コロマジロ,地,235,ハードブロック,,7,MV_233,シンダー,炎,物理,35,95,32,
126,コロマジロ,地,235,ハードブロック,,7,MV_256,ストーンペブル,地,物理,35,100,36,
126,コロマジロ,地,235,ハードブロック,,8,MVP_022,スコーチフィスト,炎,物理,40,100,28,
126,コロマジロ,地,235,ハードブロック,,8,MVP_023,フォスファーブロー,炎,物理,40,100,28,
126,コロマジロ,地,235,ハードブロック,,8,MVP_081,クロッドストライク,地,物理,40,100,30,
126,コロマジロ,地,235,ハードブロック,,8,MV_255,ブレイズバラージ,炎,特殊,40,95,26,
126,コロマジロ,地,235,ハードブロック,,8,MV_260,ブラインドサンド,地,物理,40,100,32,
126,コロマジロ,地,235,ハードブロック,,9,MVP_024,ロースパンチ,炎,物理,45,100,26,
126,コロマジロ,地,235,ハードブロック,,9,MV_236,フレイムクロー,炎,物理,45,95,26,
126,コロマジロ,地,235,ハードブロック,,9,MV_257,ロックバレット,地,物理,45,100,33,
126,コロマジロ,地,235,ハードブロック,,9,MV_259,サンドスプレー,地,物理,45,100,30,
126,コロマジロ,地,235,ハードブロック,,10,MVP_082,ベッドロックフィスト,地,物理,50,100,28,
126,コロマジロ,地,235,ハードブロック,,10,MVP_083,レイラインブロー,地,物理,50,100,28,
126,コロマジロ,地,235,ハードブロック,,10,MV_246,フレイムファング,炎,物理,50,95,26,
126,コロマジロ,地,235,ハードブロック,,10,MV_250,フレイムスラスト,炎,物理,50,100,27,
126,コロマジロ,地,235,ハードブロック,,11,MVP_084,クラッシュソイルパンチ,地,物理,55,100,26,
126,コロマジロ,地,235,ハードブロック,,11,MV_237,ブレイズスラッシュ,炎,物理,55,95,24,
126,コロマジロ,地,235,ハードブロック,,11,MV_245,フレイムホイール,炎,物理,55,95,24,
126,コロマジロ,地,235,ハードブロック,,12,MVP_025,シアリングスラスト,炎,物理,60,100,21,
126,コロマジロ,地,235,ハードブロック,,12,MV_253,ブレイジングパンチ,炎,物理,60,100,24,
126,コロマジロ,地,235,ハードブロック,,13,MV_238,ワイルドファイアフィスト,炎,物理,65,95,21,
126,コロマジロ,地,235,ハードブロック,,13,MV_252,シアリングスラッシュ,炎,物理,65,100,21,
126,コロマジロ,地,235,ハードブロック,,14,MVP_026,エンバーフィスト,炎,物理,70,100,18,
126,コロマジロ,地,235,ハードブロック,,14,MVP_027,フレイムストライク,炎,物理,70,100,15,
126,コロマジロ,地,235,ハードブロック,,15,MVP_028,フレイムアレイブロー,炎,物理,75,90,11,
126,コロマジロ,地,235,ハードブロック,,15,MVP_029,ヘルフレイムパンチ,炎,物理,75,90,11,
126,コロマジロ,地,235,ハードブロック,,16,MVP_030,フレイムスウォームスラスト,炎,物理,80,100,6,
126,コロマジロ,地,235,ハードブロック,,16,MVP_031,カーボナイズフィスト,炎,物理,80,90,8,
127,ヤクモマル,無,255,無のちから,,3,mvn_078,ドラゴンファング,竜,特殊,15,100,36,
127,ヤクモマル,無,255,無のちから,,6,MVP_001,ホワイトストライク,無,物理,30,100,30,
127,ヤクモマル,無,255,無のちから,,6,MV_137,バックフィスト,無,物理,30,100,36,
127,ヤクモマル,無,255,無のちから,,6,mvn_080,ドラゴンヴェインショット,竜,特殊,30,100,32,
127,ヤクモマル,無,255,無のちから,,6,mvn_082,ドラゴンクロー,竜,特殊,30,100,28,
127,ヤクモマル,無,255,無のちから,,7,MV_138,ダブルスラスト,無,物理,35,100,33,
127,ヤクモマル,無,255,無のちから,,7,MV_139,テイルスイープ,無,物理,35,100,33,
127,ヤクモマル,無,255,無のちから,,7,mvs_big_neutral,リックレススタンス,無,変化,0,100,10,
127,ヤクモマル,無,255,無のちから,,8,MV_140,ヘッドバット,無,物理,40,100,33,
127,ヤクモマル,無,255,無のちから,,8,MV_141,スピンタックル,無,物理,40,100,33,
127,ヤクモマル,無,255,無のちから,,9,MVP_141,ドラゴンファングストライク,竜,物理,45,100,30,
127,ヤクモマル,無,255,無のちから,,9,MV_142,フライングキック,無,物理,45,100,33,
127,ヤクモマル,無,255,無のちから,,9,MV_143,ブラントエッジ,無,物理,45,100,33,
127,ヤクモマル,無,255,無のちから,,9,mvn_083,ドラゴンリング,竜,特殊,45,100,26,
127,ヤクモマル,無,255,無のちから,,10,MVP_002,マッチレスブロー,無,物理,50,100,28,
127,ヤクモマル,無,255,無のちから,,10,MVP_142,ドラゴンスケイルフィスト,竜,物理,50,100,28,
127,ヤクモマル,無,255,無のちから,,10,MVP_143,ドラゴンヴェインブロー,竜,物理,50,100,28,
127,ヤクモマル,無,255,無のちから,,10,mvs_ep_neutral,マッチレスピーク,無,変化,0,100,10,
127,ヤクモマル,無,255,無のちから,,11,MVP_144,ドラゴンブレスパンチ,竜,物理,55,100,26,
127,ヤクモマル,無,255,無のちから,,11,MV_116,ドラゴンファングスラスト,竜,物理,55,100,27,
127,ヤクモマル,無,255,無のちから,,12,MVP_145,ドラゴンクロースラスト,竜,物理,60,100,21,
127,ヤクモマル,無,255,無のちから,,12,MVP_146,ドラゴンリングフィスト,竜,物理,60,100,18,
127,ヤクモマル,無,255,無のちから,,13,MVP_147,ドラゴンヴェールストライク,竜,物理,65,100,15,
127,ヤクモマル,無,255,無のちから,,13,MV_112,ドラゴンクローコンボ,竜,物理,65,100,15,
127,ヤクモマル,無,255,無のちから,,14,MVP_148,ドラゴンヴォイスブロー,竜,物理,70,90,11,
127,ヤクモマル,無,255,無のちから,,14,MV_110,ツインドラゴンファング,竜,物理,70,95,13,
127,ヤクモマル,無,255,無のちから,,15,MVP_149,ドラゴンピアスパンチ,竜,物理,75,90,11,
127,ヤクモマル,無,255,無のちから,,15,MV_109,ドラゴンスケイルスラッシュ,竜,物理,75,100,9,
127,ヤクモマル,無,255,無のちから,,16,MVP_150,ドラゴンフォスファーフィスト,竜,物理,80,100,6,
127,ヤクモマル,無,255,無のちから,,16,MVP_151,ドラゴンハートストライク,竜,物理,80,90,8,
128,オオタチウオ,水,250,水のきずな,,3,mvn_045,クロッド,地,特殊,15,100,36,
128,オオタチウオ,水,250,水のきずな,,4,MV_280,サンドバインド,地,特殊,20,100,28,
128,オオタチウオ,水,250,水のきずな,,4,mvs_water_def_accuracy,サーフェスガード,水,変化,0,100,15,
128,オオタチウオ,水,250,水のきずな,,4,mvs_water_def_evasion,サーフェスヴェール,水,変化,0,100,15,
128,オオタチウオ,水,250,水のきずな,,5,mvh_ground,ロックバラージブロー,地,物理,25,95,15,2〜5発
128,オオタチウオ,水,250,水のきずな,,5,mvh_water,タービュレントラッシュ,水,物理,25,95,15,2〜5発
128,オオタチウオ,水,250,水のきずな,,6,mvn_048,クラッシュソイル,地,特殊,30,100,30,
128,オオタチウオ,水,250,水のきずな,,7,MV_212,ウォーターガン,水,物理,35,100,36,
128,オオタチウオ,水,250,水のきずな,,7,MV_256,ストーンペブル,地,物理,35,100,36,
128,オオタチウオ,水,250,水のきずな,,8,MVP_041,クリアストリームストライク,水,物理,40,100,30,
128,オオタチウオ,水,250,水のきずな,,8,MVP_081,クロッドストライク,地,物理,40,100,30,
128,オオタチウオ,水,250,水のきずな,,8,MV_260,ブラインドサンド,地,物理,40,100,32,
128,オオタチウオ,水,250,水のきずな,,8,mvn_049,アースヴェール,地,特殊,40,100,28,
128,オオタチウオ,水,250,水のきずな,,9,MVP_042,ミラーウォーターブロー,水,物理,45,100,28,
128,オオタチウオ,水,250,水のきずな,,9,MV_214,バブルバラージ,水,物理,45,100,33,
128,オオタチウオ,水,250,水のきずな,,9,MV_257,ロックバレット,地,物理,45,100,33,
128,オオタチウオ,水,250,水のきずな,,9,MV_259,サンドスプレー,地,物理,45,100,30,
128,オオタチウオ,水,250,水のきずな,,10,MVP_043,サーフサウンドフィスト,水,物理,50,100,28,
128,オオタチウオ,水,250,水のきずな,,10,MVP_044,ドロップストライクパンチ,水,物理,50,100,26,
128,オオタチウオ,水,250,水のきずな,,10,MVP_082,ベッドロックフィスト,地,物理,50,100,28,
128,オオタチウオ,水,250,水のきずな,,10,MVP_083,レイラインブロー,地,物理,50,100,28,
128,オオタチウオ,水,250,水のきずな,,11,MVP_084,クラッシュソイルパンチ,地,物理,55,100,26,
128,オオタチウオ,水,250,水のきずな,,11,MV_216,ウォーターブレード,水,物理,55,100,27,
128,オオタチウオ,水,250,水のきずな,,11,MV_221,ストリームコンボ,水,物理,55,100,27,
128,オオタチウオ,水,250,水のきずな,,11,MV_258,フィッシャースラスト,地,物理,55,100,27,
128,オオタチウオ,水,250,水のきずな,,12,MVP_085,アースヴェールスラスト,地,物理,60,100,21,
128,オオタチウオ,水,250,水のきずな,,12,MV_272,シャープロックスラスト,地,物理,60,100,24,
128,オオタチウオ,水,250,水のきずな,,13,MVP_086,ロックシャードフィスト,地,物理,65,100,18,
128,オオタチウオ,水,250,水のきずな,,13,MV_263,ロックスマッシュ,地,物理,65,100,18,
128,オオタチウオ,水,250,水のきずな,,14,MVP_087,アースウォールストライク,地,物理,70,100,15,
128,オオタチウオ,水,250,水のきずな,,14,MV_274,ベッドロックブレイク,地,物理,70,100,12,
128,オオタチウオ,水,250,水のきずな,,15,MVP_088,ハードグラウンドブロー,地,物理,75,90,11,
128,オオタチウオ,水,250,水のきずな,,15,MVP_089,ペブルブローパンチ,地,物理,75,90,11,
128,オオタチウオ,水,250,水のきずな,,16,MVP_090,アースリングフィスト,地,物理,80,100,6,
128,オオタチウオ,水,250,水のきずな,,16,MVP_091,ソリッドソイルストライク,地,物理,80,90,8,
128B,ヒノタチウオ,水/炎,255,水派,放熱器官,1,MV_232,クリアストリームスタンス,水,変化,0,100,15,
128B,ヒノタチウオ,水/炎,255,水派,放熱器官,3,mvn_034,バイオレットボルト,雷,特殊,15,85,36,
128B,ヒノタチウオ,水/炎,255,水派,放熱器官,3,mvn_045,クロッド,地,特殊,15,100,36,
128B,ヒノタチウオ,水/炎,255,水派,放熱器官,4,MV_280,サンドバインド,地,特殊,20,100,28,
128B,ヒノタチウオ,水/炎,255,水派,放熱器官,5,MV_185,ボルトライトバレット,雷,特殊,25,100,33,
128B,ヒノタチウオ,水/炎,255,水派,放熱器官,5,mvh_ground,ロックバラージブロー,地,物理,25,95,15,2〜5発
128B,ヒノタチウオ,水/炎,255,水派,放熱器官,5,mvh_water,タービュレントラッシュ,水,物理,25,95,15,2〜5発
128B,ヒノタチウオ,水/炎,255,水派,放熱器官,6,mvn_048,クラッシュソイル,地,特殊,30,100,30,
128B,ヒノタチウオ,水/炎,255,水派,放熱器官,6,shockwave,ショックウェーブ,雷,特殊,30,100,36,
128B,ヒノタチウオ,水/炎,255,水派,放熱器官,7,MVP_021,クリムゾンストライク,炎,物理,35,100,30,
128B,ヒノタチウオ,水/炎,255,水派,放熱器官,7,MV_212,ウォーターガン,水,物理,35,100,36,
128B,ヒノタチウオ,水/炎,255,水派,放熱器官,7,MV_233,シンダー,炎,物理,35,95,32,
128B,ヒノタチウオ,水/炎,255,水派,放熱器官,7,MV_256,ストーンペブル,地,物理,35,100,36,
128B,ヒノタチウオ,水/炎,255,水派,放熱器官,7,mvh_electric,トリプルボルトストライク,雷,物理,35,90,10,3発(発ごと命中)
128B,ヒノタチウオ,水/炎,255,水派,放熱器官,7,mvs_big_water,ラピッドストリームスタンス,水,変化,0,100,10,
128B,ヒノタチウオ,水/炎,255,水派,放熱器官,8,MVP_022,スコーチフィスト,炎,物理,40,100,28,
128B,ヒノタチウオ,水/炎,255,水派,放熱器官,8,MVP_023,フォスファーブロー,炎,物理,40,100,28,
128B,ヒノタチウオ,水/炎,255,水派,放熱器官,8,MVP_041,クリアストリームストライク,水,物理,40,100,30,
128B,ヒノタチウオ,水/炎,255,水派,放熱器官,8,MVP_061,バイオレットボルトストライク,雷,物理,40,100,30,
128B,ヒノタチウオ,水/炎,255,水派,放熱器官,8,MVP_062,サンダーロアフィスト,雷,物理,40,100,28,
128B,ヒノタチウオ,水/炎,255,水派,放熱器官,8,MVP_081,クロッドストライク,地,物理,40,100,30,
128B,ヒノタチウオ,水/炎,255,水派,放熱器官,8,MV_260,ブラインドサンド,地,物理,40,100,32,
128B,ヒノタチウオ,水/炎,255,水派,放熱器官,9,MVP_024,ロースパンチ,炎,物理,45,100,26,
128B,ヒノタチウオ,水/炎,255,水派,放熱器官,9,MVP_042,ミラーウォーターブロー,水,物理,45,100,28,
128B,ヒノタチウオ,水/炎,255,水派,放熱器官,9,MVP_063,フラッシュボルトブロー,雷,物理,45,100,28,
128B,ヒノタチウオ,水/炎,255,水派,放熱器官,9,MV_168,スパークボルト,雷,物理,45,95,28,
128B,ヒノタチウオ,水/炎,255,水派,放熱器官,9,MV_257,ロックバレット,地,物理,45,100,33,
128B,ヒノタチウオ,水/炎,255,水派,放熱器官,9,MV_259,サンドスプレー,地,物理,45,100,30,
128B,ヒノタチウオ,水/炎,255,水派,放熱器官,10,MVP_064,ボルトチャージパンチ,雷,物理,50,100,26,
128B,ヒノタチウオ,水/炎,255,水派,放熱器官,10,MVP_082,ベッドロックフィスト,地,物理,50,100,28,
128B,ヒノタチウオ,水/炎,255,水派,放熱器官,10,MVP_083,レイラインブロー,地,物理,50,100,28,
128B,ヒノタチウオ,水/炎,255,水派,放熱器官,10,MV_182,ショックスティング,雷,物理,50,100,30,
128B,ヒノタチウオ,水/炎,255,水派,放熱器官,11,MVP_084,クラッシュソイルパンチ,地,物理,55,100,26,
128B,ヒノタチウオ,水/炎,255,水派,放熱器官,11,MV_183,ライトニングスラスト,雷,物理,55,100,27,
128B,ヒノタチウオ,水/炎,255,水派,放熱器官,11,MV_258,フィッシャースラスト,地,物理,55,100,27,
128B,ヒノタチウオ,水/炎,255,水派,放熱器官,12,MVP_065,スイフトボルトスラスト,雷,物理,60,100,21,
128B,ヒノタチウオ,水/炎,255,水派,放熱器官,12,MVP_085,アースヴェールスラスト,地,物理,60,100,21,
129,ボルカノン,炎/地,335,炎のちから,放熱器官,3,air_cannon,エアーキャノン,無,特殊,15,100,42,
129,ボルカノン,炎/地,335,炎のちから,放熱器官,3,mvn_034,バイオレットボルト,雷,特殊,15,85,36,
129,ボルカノン,炎/地,335,炎のちから,放熱器官,5,MV_160,クリティカルエイム,無,特殊,25,100,28,
129,ボルカノン,炎/地,335,炎のちから,放熱器官,5,MV_185,ボルトライトバレット,雷,特殊,25,100,33,
129,ボルカノン,炎/地,335,炎のちから,放熱器官,5,mvh_ground,ロックバラージブロー,地,物理,25,95,15,2〜5発
129,ボルカノン,炎/地,335,炎のちから,放熱器官,6,MVP_001,ホワイトストライク,無,物理,30,100,30,
129,ボルカノン,炎/地,335,炎のちから,放熱器官,6,MV_137,バックフィスト,無,物理,30,100,36,
129,ボルカノン,炎/地,335,炎のちから,放熱器官,6,mvn_003,ヴォイドエコー,無,特殊,30,90,32,
129,ボルカノン,炎/地,335,炎のちから,放熱器官,6,mvn_004,ベアストライク,無,特殊,30,90,30,
129,ボルカノン,炎/地,335,炎のちから,放熱器官,7,MVP_021,クリムゾンストライク,炎,物理,35,100,30,
129,ボルカノン,炎/地,335,炎のちから,放熱器官,7,MV_138,ダブルスラスト,無,物理,35,100,33,
129,ボルカノン,炎/地,335,炎のちから,放熱器官,7,MV_139,テイルスイープ,無,物理,35,100,33,
129,ボルカノン,炎/地,335,炎のちから,放熱器官,7,MV_233,シンダー,炎,物理,35,95,32,
129,ボルカノン,炎/地,335,炎のちから,放熱器官,7,MV_256,ストーンペブル,地,物理,35,100,36,
129,ボルカノン,炎/地,335,炎のちから,放熱器官,7,mvh_electric,トリプルボルトストライク,雷,物理,35,90,10,3発(発ごと命中)
129,ボルカノン,炎/地,335,炎のちから,放熱器官,8,MVP_022,スコーチフィスト,炎,物理,40,100,28,
129,ボルカノン,炎/地,335,炎のちから,放熱器官,8,MVP_023,フォスファーブロー,炎,物理,40,100,28,
129,ボルカノン,炎/地,335,炎のちから,放熱器官,8,MVP_061,バイオレットボルトストライク,雷,物理,40,100,30,
129,ボルカノン,炎/地,335,炎のちから,放熱器官,8,MVP_062,サンダーロアフィスト,雷,物理,40,100,28,
129,ボルカノン,炎/地,335,炎のちから,放熱器官,8,MVP_081,クロッドストライク,地,物理,40,100,30,
129,ボルカノン,炎/地,335,炎のちから,放熱器官,8,MV_140,ヘッドバット,無,物理,40,100,33,
129,ボルカノン,炎/地,335,炎のちから,放熱器官,8,MV_141,スピンタックル,無,物理,40,100,33,
129,ボルカノン,炎/地,335,炎のちから,放熱器官,8,MV_260,ブラインドサンド,地,物理,40,100,32,
129,ボルカノン,炎/地,335,炎のちから,放熱器官,9,MVP_024,ロースパンチ,炎,物理,45,100,26,
129,ボルカノン,炎/地,335,炎のちから,放熱器官,9,MVP_063,フラッシュボルトブロー,雷,物理,45,100,28,
129,ボルカノン,炎/地,335,炎のちから,放熱器官,9,MV_142,フライングキック,無,物理,45,100,33,
129,ボルカノン,炎/地,335,炎のちから,放熱器官,9,MV_143,ブラントエッジ,無,物理,45,100,33,
129,ボルカノン,炎/地,335,炎のちから,放熱器官,9,MV_168,スパークボルト,雷,物理,45,95,28,
129,ボルカノン,炎/地,335,炎のちから,放熱器官,10,MVP_002,マッチレスブロー,無,物理,50,100,28,
129,ボルカノン,炎/地,335,炎のちから,放熱器官,10,MVP_064,ボルトチャージパンチ,雷,物理,50,100,26,
129,ボルカノン,炎/地,335,炎のちから,放熱器官,10,MV_145,ラッシュスラスト,無,物理,50,100,33,
129,ボルカノン,炎/地,335,炎のちから,放熱器官,10,mvs_ep_ground,アースコアピーク,地,変化,0,100,10,
129B,フロスカノン,氷/地,345,氷のまもり,,3,air_cannon,エアーキャノン,無,特殊,15,100,42,
129B,フロスカノン,氷/地,345,氷のまもり,,3,mvn_012,クリムゾン,炎,特殊,15,85,36,
129B,フロスカノン,氷/地,345,氷のまもり,,3,mvn_023,クリアストリーム,水,特殊,15,100,36,
129B,フロスカノン,氷/地,345,氷のまもり,,4,MV_247,ファイアスフィア,炎,特殊,20,100,30,
129B,フロスカノン,氷/地,345,氷のまもり,,4,mvs_ground_atk_accuracy,アースエイム,地,変化,0,100,15,
129B,フロスカノン,氷/地,345,氷のまもり,,5,MV_160,クリティカルエイム,無,特殊,25,100,28,
129B,フロスカノン,氷/地,345,氷のまもり,,5,aqua_gun,アクアショット,水,特殊,25,100,36,
129B,フロスカノン,氷/地,345,氷のまもり,,5,mvh_ground,ロックバラージブロー,地,物理,25,95,15,2〜5発
129B,フロスカノン,氷/地,345,氷のまもり,,5,mvh_water,タービュレントラッシュ,水,物理,25,95,15,2〜5発
129B,フロスカノン,氷/地,345,氷のまもり,,6,MVP_001,ホワイトストライク,無,物理,30,100,30,
129B,フロスカノン,氷/地,345,氷のまもり,,6,MV_137,バックフィスト,無,物理,30,100,36,
129B,フロスカノン,氷/地,345,氷のまもり,,7,MVP_021,クリムゾンストライク,炎,物理,35,100,30,
129B,フロスカノン,氷/地,345,氷のまもり,,7,MV_138,ダブルスラスト,無,物理,35,100,33,
129B,フロスカノン,氷/地,345,氷のまもり,,7,MV_139,テイルスイープ,無,物理,35,100,33,
129B,フロスカノン,氷/地,345,氷のまもり,,7,MV_187,アイスペブル,氷,物理,35,100,36,
129B,フロスカノン,氷/地,345,氷のまもり,,7,MV_212,ウォーターガン,水,物理,35,100,36,
129B,フロスカノン,氷/地,345,氷のまもり,,7,MV_233,シンダー,炎,物理,35,95,32,
129B,フロスカノン,氷/地,345,氷のまもり,,7,MV_256,ストーンペブル,地,物理,35,100,36,
129B,フロスカノン,氷/地,345,氷のまもり,,7,mvh_ice,トリプルアイスブレード,氷,物理,35,90,10,3発(発ごと命中)
129B,フロスカノン,氷/地,345,氷のまもり,,8,MVP_022,スコーチフィスト,炎,物理,40,100,28,
129B,フロスカノン,氷/地,345,氷のまもり,,8,MVP_023,フォスファーブロー,炎,物理,40,100,28,
129B,フロスカノン,氷/地,345,氷のまもり,,8,MVP_041,クリアストリームストライク,水,物理,40,100,30,
129B,フロスカノン,氷/地,345,氷のまもり,,8,MVP_081,クロッドストライク,地,物理,40,100,30,
129B,フロスカノン,氷/地,345,氷のまもり,,8,MVP_121,ホワイトアイスストライク,氷,物理,40,100,30,
129B,フロスカノン,氷/地,345,氷のまもり,,8,MV_140,ヘッドバット,無,物理,40,100,33,
129B,フロスカノン,氷/地,345,氷のまもり,,8,MV_141,スピンタックル,無,物理,40,100,33,
129B,フロスカノン,氷/地,345,氷のまもり,,8,MV_188,アイスブレード,氷,物理,40,100,33,
129B,フロスカノン,氷/地,345,氷のまもり,,8,MV_260,ブラインドサンド,地,物理,40,100,32,
129B,フロスカノン,氷/地,345,氷のまもり,,9,MVP_024,ロースパンチ,炎,物理,45,100,26,
129B,フロスカノン,氷/地,345,氷のまもり,,9,MVP_042,ミラーウォーターブロー,水,物理,45,100,28,
129B,フロスカノン,氷/地,345,氷のまもり,,9,MV_142,フライングキック,無,物理,45,100,33,
129B,フロスカノン,氷/地,345,氷のまもり,,9,MV_143,ブラントエッジ,無,物理,45,100,33,
130,ナイトロット,闇,310,闇のちから,,3,air_cannon,エアーキャノン,無,特殊,15,100,42,
130,ナイトロット,闇,310,闇のちから,,3,mvn_067,ホワイトアイス,氷,特殊,15,85,36,
130,ナイトロット,闇,310,闇のちから,,4,MV_129,ネザーコール,闇,変化,0,100,15,
130,ナイトロット,闇,310,闇のちから,,4,mvs_dark_accuracy_evasion,ダークナイトアイ,闇,変化,0,100,15,
130,ナイトロット,闇,310,闇のちから,,5,MV_160,クリティカルエイム,無,特殊,25,100,28,
130,ナイトロット,闇,310,闇のちから,,5,mvh_dark,シャドウバラージ,闇,物理,25,95,15,2〜5発
130,ナイトロット,闇,310,闇のちから,,6,MVP_001,ホワイトストライク,無,物理,30,100,30,
130,ナイトロット,闇,310,闇のちから,,6,MV_137,バックフィスト,無,物理,30,100,36,
130,ナイトロット,闇,310,闇のちから,,6,MV_205,フロストネット,氷,特殊,30,95,28,
130,ナイトロット,闇,310,闇のちから,,6,ice_cutter,アイスカッター,氷,特殊,30,100,33,
130,ナイトロット,闇,310,闇のちから,,6,mvn_003,ヴォイドエコー,無,特殊,30,90,32,
130,ナイトロット,闇,310,闇のちから,,7,MV_121,シャドウピアス,闇,物理,35,100,34,
130,ナイトロット,闇,310,闇のちから,,7,MV_123,ダスクブレード,闇,物理,35,100,32,
130,ナイトロット,闇,310,闇のちから,,7,MV_138,ダブルスラスト,無,物理,35,100,33,
130,ナイトロット,闇,310,闇のちから,,7,MV_139,テイルスイープ,無,物理,35,100,33,
130,ナイトロット,闇,310,闇のちから,,7,MV_187,アイスペブル,氷,物理,35,100,36,
130,ナイトロット,闇,310,闇のちから,,7,mvh_ice,トリプルアイスブレード,氷,物理,35,90,10,3発(発ごと命中)
130,ナイトロット,闇,310,闇のちから,,8,MVP_121,ホワイトアイスストライク,氷,物理,40,100,30,
130,ナイトロット,闇,310,闇のちから,,8,MV_124,シャドウステッチ,闇,物理,40,100,32,
130,ナイトロット,闇,310,闇のちから,,8,MV_125,ダークウェッジ,闇,物理,40,100,32,
130,ナイトロット,闇,310,闇のちから,,8,MV_140,ヘッドバット,無,物理,40,100,33,
130,ナイトロット,闇,310,闇のちから,,8,MV_141,スピンタックル,無,物理,40,100,33,
130,ナイトロット,闇,310,闇のちから,,8,MV_188,アイスブレード,氷,物理,40,100,33,
130,ナイトロット,闇,310,闇のちから,,9,MVP_122,フリーズフィスト,氷,物理,45,100,28,
130,ナイトロット,闇,310,闇のちから,,9,MVP_123,フロストストライクブロー,氷,物理,45,100,28,
130,ナイトロット,闇,310,闇のちから,,9,MVP_161,ブラックミストストライク,闇,物理,45,100,30,
130,ナイトロット,闇,310,闇のちから,,9,MV_126,カースチェイン,闇,物理,45,100,32,
130,ナイトロット,闇,310,闇のちから,,9,MV_142,フライングキック,無,物理,45,100,33,
130,ナイトロット,闇,310,闇のちから,,9,MV_143,ブラントエッジ,無,物理,45,100,33,
130,ナイトロット,闇,310,闇のちから,,10,MVP_002,マッチレスブロー,無,物理,50,100,28,
130,ナイトロット,闇,310,闇のちから,,10,MVP_124,アイスリングパンチ,氷,物理,50,100,26,
130,ナイトロット,闇,310,闇のちから,,10,MVP_162,シャドウストライクフィスト,闇,物理,50,100,28,
130,ナイトロット,闇,310,闇のちから,,10,MVP_163,カースブローパンチ,闇,物理,50,100,28,
130,ナイトロット,闇,310,闇のちから,,10,MV_145,ラッシュスラスト,無,物理,50,100,33,
130B,ライトロット,無,315,無のちから,,1,MV_163,フォーカスパワー,無,変化,0,100,15,
130B,ライトロット,無,315,無のちから,,3,mvn_012,クリムゾン,炎,特殊,15,85,36,
130B,ライトロット,無,315,無のちから,,3,mvn_078,ドラゴンファング,竜,特殊,15,100,36,
130B,ライトロット,無,315,無のちから,,4,MV_247,ファイアスフィア,炎,特殊,20,100,30,
130B,ライトロット,無,315,無のちから,,6,MVP_001,ホワイトストライク,無,物理,30,100,30,
130B,ライトロット,無,315,無のちから,,6,MV_137,バックフィスト,無,物理,30,100,36,
130B,ライトロット,無,315,無のちから,,6,MV_234,ブレイズバレット,炎,特殊,30,95,30,
130B,ライトロット,無,315,無のちから,,6,mvn_080,ドラゴンヴェインショット,竜,特殊,30,100,32,
130B,ライトロット,無,315,無のちから,,6,mvn_082,ドラゴンクロー,竜,特殊,30,100,28,
130B,ライトロット,無,315,無のちから,,7,MVP_021,クリムゾンストライク,炎,物理,35,100,30,
130B,ライトロット,無,315,無のちから,,7,MV_138,ダブルスラスト,無,物理,35,100,33,
130B,ライトロット,無,315,無のちから,,7,MV_139,テイルスイープ,無,物理,35,100,33,
130B,ライトロット,無,315,無のちから,,7,MV_233,シンダー,炎,物理,35,95,32,
130B,ライトロット,無,315,無のちから,,8,MVP_022,スコーチフィスト,炎,物理,40,100,28,
130B,ライトロット,無,315,無のちから,,8,MVP_023,フォスファーブロー,炎,物理,40,100,28,
130B,ライトロット,無,315,無のちから,,8,MV_140,ヘッドバット,無,物理,40,100,33,
130B,ライトロット,無,315,無のちから,,8,MV_141,スピンタックル,無,物理,40,100,33,
130B,ライトロット,無,315,無のちから,,9,MVP_024,ロースパンチ,炎,物理,45,100,26,
130B,ライトロット,無,315,無のちから,,9,MVP_141,ドラゴンファングストライク,竜,物理,45,100,30,
130B,ライトロット,無,315,無のちから,,9,MV_142,フライングキック,無,物理,45,100,33,
130B,ライトロット,無,315,無のちから,,9,MV_143,ブラントエッジ,無,物理,45,100,33,
130B,ライトロット,無,315,無のちから,,9,MV_236,フレイムクロー,炎,物理,45,95,26,
130B,ライトロット,無,315,無のちから,,10,MVP_002,マッチレスブロー,無,物理,50,100,28,
130B,ライトロット,無,315,無のちから,,10,MVP_142,ドラゴンスケイルフィスト,竜,物理,50,100,28,
130B,ライトロット,無,315,無のちから,,10,MVP_143,ドラゴンヴェインブロー,竜,物理,50,100,28,
130B,ライトロット,無,315,無のちから,,10,MV_246,フレイムファング,炎,物理,50,95,26,
130B,ライトロット,無,315,無のちから,,10,MV_250,フレイムスラスト,炎,物理,50,100,27,
130B,ライトロット,無,315,無のちから,,11,MVP_144,ドラゴンブレスパンチ,竜,物理,55,100,26,
130B,ライトロット,無,315,無のちから,,11,MV_116,ドラゴンファングスラスト,竜,物理,55,100,27,
130B,ライトロット,無,315,無のちから,,11,MV_237,ブレイズスラッシュ,炎,物理,55,95,24,
130B,ライトロット,無,315,無のちから,,11,MV_245,フレイムホイール,炎,物理,55,95,24,
130B,ライトロット,無,315,無のちから,,12,MVP_025,シアリングスラスト,炎,物理,60,100,21,
130B,ライトロット,無,315,無のちから,,12,MVP_145,ドラゴンクロースラスト,竜,物理,60,100,21,
131,ジオルドン,地,325,ハードブロック,,1,MV_273,サンドダストスタンス,地,変化,0,100,15,
131,ジオルドン,地,325,ハードブロック,,3,air_cannon,エアーキャノン,無,特殊,15,100,42,
131,ジオルドン,地,325,ハードブロック,,3,mvn_012,クリムゾン,炎,特殊,15,85,36,
131,ジオルドン,地,325,ハードブロック,,4,MV_247,ファイアスフィア,炎,特殊,20,100,30,
131,ジオルドン,地,325,ハードブロック,,5,MV_160,クリティカルエイム,無,特殊,25,100,28,
131,ジオルドン,地,325,ハードブロック,,5,mvh_ground,ロックバラージブロー,地,物理,25,95,15,2〜5発
131,ジオルドン,地,325,ハードブロック,,6,MVP_001,ホワイトストライク,無,物理,30,100,30,
131,ジオルドン,地,325,ハードブロック,,6,MV_137,バックフィスト,無,物理,30,100,36,
131,ジオルドン,地,325,ハードブロック,,6,MV_234,ブレイズバレット,炎,特殊,30,95,30,
131,ジオルドン,地,325,ハードブロック,,6,mvn_003,ヴォイドエコー,無,特殊,30,90,32,
131,ジオルドン,地,325,ハードブロック,,7,MVP_021,クリムゾンストライク,炎,物理,35,100,30,
131,ジオルドン,地,325,ハードブロック,,7,MV_138,ダブルスラスト,無,物理,35,100,33,
131,ジオルドン,地,325,ハードブロック,,7,MV_139,テイルスイープ,無,物理,35,100,33,
131,ジオルドン,地,325,ハードブロック,,7,MV_233,シンダー,炎,物理,35,95,32,
131,ジオルドン,地,325,ハードブロック,,7,MV_256,ストーンペブル,地,物理,35,100,36,
131,ジオルドン,地,325,ハードブロック,,8,MVP_022,スコーチフィスト,炎,物理,40,100,28,
131,ジオルドン,地,325,ハードブロック,,8,MVP_023,フォスファーブロー,炎,物理,40,100,28,
131,ジオルドン,地,325,ハードブロック,,8,MVP_081,クロッドストライク,地,物理,40,100,30,
131,ジオルドン,地,325,ハードブロック,,8,MV_140,ヘッドバット,無,物理,40,100,33,
131,ジオルドン,地,325,ハードブロック,,8,MV_141,スピンタックル,無,物理,40,100,33,
131,ジオルドン,地,325,ハードブロック,,8,MV_260,ブラインドサンド,地,物理,40,100,32,
131,ジオルドン,地,325,ハードブロック,,9,MVP_024,ロースパンチ,炎,物理,45,100,26,
131,ジオルドン,地,325,ハードブロック,,9,MV_142,フライングキック,無,物理,45,100,33,
131,ジオルドン,地,325,ハードブロック,,9,MV_143,ブラントエッジ,無,物理,45,100,33,
131,ジオルドン,地,325,ハードブロック,,9,MV_236,フレイムクロー,炎,物理,45,95,26,
131,ジオルドン,地,325,ハードブロック,,9,MV_257,ロックバレット,地,物理,45,100,33,
131,ジオルドン,地,325,ハードブロック,,9,MV_259,サンドスプレー,地,物理,45,100,30,
131,ジオルドン,地,325,ハードブロック,,10,MVP_002,マッチレスブロー,無,物理,50,100,28,
131,ジオルドン,地,325,ハードブロック,,10,MVP_082,ベッドロックフィスト,地,物理,50,100,28,
131,ジオルドン,地,325,ハードブロック,,10,MVP_083,レイラインブロー,地,物理,50,100,28,
131,ジオルドン,地,325,ハードブロック,,10,MV_145,ラッシュスラスト,無,物理,50,100,33,
131,ジオルドン,地,325,ハードブロック,,10,MV_246,フレイムファング,炎,物理,50,95,26,
131,ジオルドン,地,325,ハードブロック,,10,MV_250,フレイムスラスト,炎,物理,50,100,27,
131B,フロスドン,氷,330,氷のちから,,3,air_cannon,エアーキャノン,無,特殊,15,100,42,
131B,フロスドン,氷,330,氷のちから,,3,mvn_023,クリアストリーム,水,特殊,15,100,36,
131B,フロスドン,氷,330,氷のちから,,5,MV_160,クリティカルエイム,無,特殊,25,100,28,
131B,フロスドン,氷,330,氷のちから,,5,aqua_gun,アクアショット,水,特殊,25,100,36,
131B,フロスドン,氷,330,氷のちから,,5,mvh_water,タービュレントラッシュ,水,物理,25,95,15,2〜5発
131B,フロスドン,氷,330,氷のちから,,6,MVP_001,ホワイトストライク,無,物理,30,100,30,
131B,フロスドン,氷,330,氷のちから,,6,MV_137,バックフィスト,無,物理,30,100,36,
131B,フロスドン,氷,330,氷のちから,,6,mvn_003,ヴォイドエコー,無,特殊,30,90,32,
131B,フロスドン,氷,330,氷のちから,,6,mvn_004,ベアストライク,無,特殊,30,90,30,
131B,フロスドン,氷,330,氷のちから,,7,MV_138,ダブルスラスト,無,物理,35,100,33,
131B,フロスドン,氷,330,氷のちから,,7,MV_139,テイルスイープ,無,物理,35,100,33,
131B,フロスドン,氷,330,氷のちから,,7,MV_187,アイスペブル,氷,物理,35,100,36,
131B,フロスドン,氷,330,氷のちから,,7,MV_212,ウォーターガン,水,物理,35,100,36,
131B,フロスドン,氷,330,氷のちから,,7,mvh_ice,トリプルアイスブレード,氷,物理,35,90,10,3発(発ごと命中)
131B,フロスドン,氷,330,氷のちから,,8,MVP_041,クリアストリームストライク,水,物理,40,100,30,
131B,フロスドン,氷,330,氷のちから,,8,MVP_121,ホワイトアイスストライク,氷,物理,40,100,30,
131B,フロスドン,氷,330,氷のちから,,8,MV_140,ヘッドバット,無,物理,40,100,33,
131B,フロスドン,氷,330,氷のちから,,8,MV_141,スピンタックル,無,物理,40,100,33,
131B,フロスドン,氷,330,氷のちから,,8,MV_188,アイスブレード,氷,物理,40,100,33,
131B,フロスドン,氷,330,氷のちから,,9,MVP_042,ミラーウォーターブロー,水,物理,45,100,28,
131B,フロスドン,氷,330,氷のちから,,9,MVP_122,フリーズフィスト,氷,物理,45,100,28,
131B,フロスドン,氷,330,氷のちから,,9,MVP_123,フロストストライクブロー,氷,物理,45,100,28,
131B,フロスドン,氷,330,氷のちから,,9,MV_142,フライングキック,無,物理,45,100,33,
131B,フロスドン,氷,330,氷のちから,,9,MV_143,ブラントエッジ,無,物理,45,100,33,
131B,フロスドン,氷,330,氷のちから,,9,MV_214,バブルバラージ,水,物理,45,100,33,
131B,フロスドン,氷,330,氷のちから,,10,MVP_002,マッチレスブロー,無,物理,50,100,28,
131B,フロスドン,氷,330,氷のちから,,10,MVP_043,サーフサウンドフィスト,水,物理,50,100,28,
131B,フロスドン,氷,330,氷のちから,,10,MVP_044,ドロップストライクパンチ,水,物理,50,100,26,
131B,フロスドン,氷,330,氷のちから,,10,MVP_124,アイスリングパンチ,氷,物理,50,100,26,
131B,フロスドン,氷,330,氷のちから,,10,MV_145,ラッシュスラスト,無,物理,50,100,33,
131B,フロスドン,氷,330,氷のちから,,10,MV_189,フロストショット,氷,物理,50,100,30,
131B,フロスドン,氷,330,氷のちから,,10,mvs_ep_ice,フリーズピーク,氷,変化,0,100,10,
131B,フロスドン,氷,330,氷のちから,,11,MVP_003,ヴォイドクラッシュ,無,物理,55,100,28,
132,ツンドラー,氷,310,氷のちから,,3,air_cannon,エアーキャノン,無,特殊,15,100,42,
132,ツンドラー,氷,310,氷のちから,,3,mvn_023,クリアストリーム,水,特殊,15,100,36,
132,ツンドラー,氷,310,氷のちから,,4,mvs_ice_atk_crit,グレイシャーファングスタンス,氷,変化,0,100,15,
132,ツンドラー,氷,310,氷のちから,,4,mvs_ice_atk_evasion,グレイシャーステップ,氷,変化,0,100,15,
132,ツンドラー,氷,310,氷のちから,,5,MV_160,クリティカルエイム,無,特殊,25,100,28,
132,ツンドラー,氷,310,氷のちから,,5,aqua_gun,アクアショット,水,特殊,25,100,36,
132,ツンドラー,氷,310,氷のちから,,5,mvh_water,タービュレントラッシュ,水,物理,25,95,15,2〜5発
132,ツンドラー,氷,310,氷のちから,,6,MVP_001,ホワイトストライク,無,物理,30,100,30,
132,ツンドラー,氷,310,氷のちから,,6,MV_137,バックフィスト,無,物理,30,100,36,
132,ツンドラー,氷,310,氷のちから,,6,mvn_003,ヴォイドエコー,無,特殊,30,90,32,
132,ツンドラー,氷,310,氷のちから,,6,mvn_004,ベアストライク,無,特殊,30,90,30,
132,ツンドラー,氷,310,氷のちから,,7,MV_138,ダブルスラスト,無,物理,35,100,33,
132,ツンドラー,氷,310,氷のちから,,7,MV_139,テイルスイープ,無,物理,35,100,33,
132,ツンドラー,氷,310,氷のちから,,7,MV_187,アイスペブル,氷,物理,35,100,36,
132,ツンドラー,氷,310,氷のちから,,7,MV_212,ウォーターガン,水,物理,35,100,36,
132,ツンドラー,氷,310,氷のちから,,7,mvh_ice,トリプルアイスブレード,氷,物理,35,90,10,3発(発ごと命中)
132,ツンドラー,氷,310,氷のちから,,8,MVP_041,クリアストリームストライク,水,物理,40,100,30,
132,ツンドラー,氷,310,氷のちから,,8,MVP_121,ホワイトアイスストライク,氷,物理,40,100,30,
132,ツンドラー,氷,310,氷のちから,,8,MV_140,ヘッドバット,無,物理,40,100,33,
132,ツンドラー,氷,310,氷のちから,,8,MV_141,スピンタックル,無,物理,40,100,33,
132,ツンドラー,氷,310,氷のちから,,8,MV_188,アイスブレード,氷,物理,40,100,33,
132,ツンドラー,氷,310,氷のちから,,9,MVP_042,ミラーウォーターブロー,水,物理,45,100,28,
132,ツンドラー,氷,310,氷のちから,,9,MVP_122,フリーズフィスト,氷,物理,45,100,28,
132,ツンドラー,氷,310,氷のちから,,9,MVP_123,フロストストライクブロー,氷,物理,45,100,28,
132,ツンドラー,氷,310,氷のちから,,9,MV_142,フライングキック,無,物理,45,100,33,
132,ツンドラー,氷,310,氷のちから,,9,MV_143,ブラントエッジ,無,物理,45,100,33,
132,ツンドラー,氷,310,氷のちから,,9,MV_214,バブルバラージ,水,物理,45,100,33,
132,ツンドラー,氷,310,氷のちから,,10,MVP_002,マッチレスブロー,無,物理,50,100,28,
132,ツンドラー,氷,310,氷のちから,,10,MVP_043,サーフサウンドフィスト,水,物理,50,100,28,
132,ツンドラー,氷,310,氷のちから,,10,MVP_044,ドロップストライクパンチ,水,物理,50,100,26,
132,ツンドラー,氷,310,氷のちから,,10,MVP_124,アイスリングパンチ,氷,物理,50,100,26,
132,ツンドラー,氷,310,氷のちから,,10,MV_145,ラッシュスラスト,無,物理,50,100,33,
132,ツンドラー,氷,310,氷のちから,,10,MV_189,フロストショット,氷,物理,50,100,30,
132,ツンドラー,氷,310,氷のちから,,11,MVP_003,ヴォイドクラッシュ,無,物理,55,100,28,
132B,グランドラー,地,315,地のちから,,3,air_cannon,エアーキャノン,無,特殊,15,100,42,
132B,グランドラー,地,315,地のちから,,3,mvn_012,クリムゾン,炎,特殊,15,85,36,
132B,グランドラー,地,315,地のちから,,4,MV_247,ファイアスフィア,炎,特殊,20,100,30,
132B,グランドラー,地,315,地のちから,,4,mvs_ground_atk_def,アーススタンス,地,変化,0,100,15,
132B,グランドラー,地,315,地のちから,,5,MV_160,クリティカルエイム,無,特殊,25,100,28,
132B,グランドラー,地,315,地のちから,,5,mvh_ground,ロックバラージブロー,地,物理,25,95,15,2〜5発
132B,グランドラー,地,315,地のちから,,6,MVP_001,ホワイトストライク,無,物理,30,100,30,
132B,グランドラー,地,315,地のちから,,6,MV_137,バックフィスト,無,物理,30,100,36,
132B,グランドラー,地,315,地のちから,,6,MV_234,ブレイズバレット,炎,特殊,30,95,30,
132B,グランドラー,地,315,地のちから,,6,mvn_003,ヴォイドエコー,無,特殊,30,90,32,
132B,グランドラー,地,315,地のちから,,7,MVP_021,クリムゾンストライク,炎,物理,35,100,30,
132B,グランドラー,地,315,地のちから,,7,MV_138,ダブルスラスト,無,物理,35,100,33,
132B,グランドラー,地,315,地のちから,,7,MV_139,テイルスイープ,無,物理,35,100,33,
132B,グランドラー,地,315,地のちから,,7,MV_233,シンダー,炎,物理,35,95,32,
132B,グランドラー,地,315,地のちから,,7,MV_256,ストーンペブル,地,物理,35,100,36,
132B,グランドラー,地,315,地のちから,,8,MVP_022,スコーチフィスト,炎,物理,40,100,28,
132B,グランドラー,地,315,地のちから,,8,MVP_023,フォスファーブロー,炎,物理,40,100,28,
132B,グランドラー,地,315,地のちから,,8,MVP_081,クロッドストライク,地,物理,40,100,30,
132B,グランドラー,地,315,地のちから,,8,MV_140,ヘッドバット,無,物理,40,100,33,
132B,グランドラー,地,315,地のちから,,8,MV_141,スピンタックル,無,物理,40,100,33,
132B,グランドラー,地,315,地のちから,,8,MV_260,ブラインドサンド,地,物理,40,100,32,
132B,グランドラー,地,315,地のちから,,9,MVP_024,ロースパンチ,炎,物理,45,100,26,
132B,グランドラー,地,315,地のちから,,9,MV_142,フライングキック,無,物理,45,100,33,
132B,グランドラー,地,315,地のちから,,9,MV_143,ブラントエッジ,無,物理,45,100,33,
132B,グランドラー,地,315,地のちから,,9,MV_236,フレイムクロー,炎,物理,45,95,26,
132B,グランドラー,地,315,地のちから,,9,MV_257,ロックバレット,地,物理,45,100,33,
132B,グランドラー,地,315,地のちから,,9,MV_259,サンドスプレー,地,物理,45,100,30,
132B,グランドラー,地,315,地のちから,,10,MVP_002,マッチレスブロー,無,物理,50,100,28,
132B,グランドラー,地,315,地のちから,,10,MVP_082,ベッドロックフィスト,地,物理,50,100,28,
132B,グランドラー,地,315,地のちから,,10,MVP_083,レイラインブロー,地,物理,50,100,28,
132B,グランドラー,地,315,地のちから,,10,MV_145,ラッシュスラスト,無,物理,50,100,33,
132B,グランドラー,地,315,地のちから,,10,MV_246,フレイムファング,炎,物理,50,95,26,
132B,グランドラー,地,315,地のちから,,10,MV_250,フレイムスラスト,炎,物理,50,100,27,
133,ユキボウ,氷,240,氷のちから,,3,mvn_023,クリアストリーム,水,特殊,15,100,36,
133,ユキボウ,氷,240,氷のちから,,5,aqua_gun,アクアショット,水,特殊,25,100,36,
133,ユキボウ,氷,240,氷のちから,,5,mvh_water,タービュレントラッシュ,水,物理,25,95,15,2〜5発
133,ユキボウ,氷,240,氷のちから,,7,MV_187,アイスペブル,氷,物理,35,100,36,
133,ユキボウ,氷,240,氷のちから,,7,MV_212,ウォーターガン,水,物理,35,100,36,
133,ユキボウ,氷,240,氷のちから,,7,MV_215,ウォーターカッター,水,特殊,35,100,30,
133,ユキボウ,氷,240,氷のちから,,7,mvh_ice,トリプルアイスブレード,氷,物理,35,90,10,3発(発ごと命中)
133,ユキボウ,氷,240,氷のちから,,7,mvw_snow,スノーダンス,氷,変化,0,100,16,
133,ユキボウ,氷,240,氷のちから,,8,MVP_041,クリアストリームストライク,水,物理,40,100,30,
133,ユキボウ,氷,240,氷のちから,,8,MVP_121,ホワイトアイスストライク,氷,物理,40,100,30,
133,ユキボウ,氷,240,氷のちから,,8,MV_188,アイスブレード,氷,物理,40,100,33,
133,ユキボウ,氷,240,氷のちから,,9,MVP_042,ミラーウォーターブロー,水,物理,45,100,28,
133,ユキボウ,氷,240,氷のちから,,9,MVP_122,フリーズフィスト,氷,物理,45,100,28,
133,ユキボウ,氷,240,氷のちから,,9,MVP_123,フロストストライクブロー,氷,物理,45,100,28,
133,ユキボウ,氷,240,氷のちから,,9,MV_214,バブルバラージ,水,物理,45,100,33,
133,ユキボウ,氷,240,氷のちから,,9,mvn_028,スプラッシュ,水,特殊,45,100,26,
133,ユキボウ,氷,240,氷のちから,,10,MVP_043,サーフサウンドフィスト,水,物理,50,100,28,
133,ユキボウ,氷,240,氷のちから,,10,MVP_044,ドロップストライクパンチ,水,物理,50,100,26,
133,ユキボウ,氷,240,氷のちから,,10,MVP_124,アイスリングパンチ,氷,物理,50,100,26,
133,ユキボウ,氷,240,氷のちから,,10,MV_189,フロストショット,氷,物理,50,100,30,
133,ユキボウ,氷,240,氷のちから,,10,mvs_ep_ice,フリーズピーク,氷,変化,0,100,10,
133,ユキボウ,氷,240,氷のちから,,11,MV_190,アイスニードル,氷,物理,55,100,27,
133,ユキボウ,氷,240,氷のちから,,11,MV_216,ウォーターブレード,水,物理,55,100,27,
133,ユキボウ,氷,240,氷のちから,,11,MV_221,ストリームコンボ,水,物理,55,100,27,
133,ユキボウ,氷,240,氷のちから,,12,MV_222,ミラーウォータースラッシュ,水,物理,60,100,24,
133,ユキボウ,氷,240,氷のちから,,12,MV_227,アクアジェット,水,物理,60,100,27,
133,ユキボウ,氷,240,氷のちから,,13,MVP_045,ウォーターリングスラスト,水,物理,65,100,21,
133,ユキボウ,氷,240,氷のちから,,13,MV_230,アクアファング,水,物理,65,100,24,
133,ユキボウ,氷,240,氷のちから,,14,MVP_046,スプラッシュフィスト,水,物理,70,100,18,
133,ユキボウ,氷,240,氷のちから,,14,MVP_047,ウォーターヴェインストライク,水,物理,70,100,15,
133,ユキボウ,氷,240,氷のちから,,15,MVP_048,アズールウェーブブロー,水,物理,75,90,11,
133,ユキボウ,氷,240,氷のちから,,15,MVP_049,ドロップレットパンチ,水,物理,75,90,11,
133,ユキボウ,氷,240,氷のちから,,16,MVP_050,アクアヴェールフィスト,水,物理,80,100,6,
133,ユキボウ,氷,240,氷のちから,,16,MVP_051,リップルストライク,水,物理,80,90,8,
134,ヒエティ,氷,320,氷のまもり,,3,air_cannon,エアーキャノン,無,特殊,15,100,42,
134,ヒエティ,氷,320,氷のまもり,,3,mvn_023,クリアストリーム,水,特殊,15,100,36,
134,ヒエティ,氷,320,氷のまもり,,5,MV_160,クリティカルエイム,無,特殊,25,100,28,
134,ヒエティ,氷,320,氷のまもり,,5,aqua_gun,アクアショット,水,特殊,25,100,36,
134,ヒエティ,氷,320,氷のまもり,,5,mvh_water,タービュレントラッシュ,水,物理,25,95,15,2〜5発
134,ヒエティ,氷,320,氷のまもり,,6,MVP_001,ホワイトストライク,無,物理,30,100,30,
134,ヒエティ,氷,320,氷のまもり,,6,MV_137,バックフィスト,無,物理,30,100,36,
134,ヒエティ,氷,320,氷のまもり,,6,mvn_003,ヴォイドエコー,無,特殊,30,90,32,
134,ヒエティ,氷,320,氷のまもり,,6,mvn_004,ベアストライク,無,特殊,30,90,30,
134,ヒエティ,氷,320,氷のまもり,,7,MV_138,ダブルスラスト,無,物理,35,100,33,
134,ヒエティ,氷,320,氷のまもり,,7,MV_139,テイルスイープ,無,物理,35,100,33,
134,ヒエティ,氷,320,氷のまもり,,7,MV_187,アイスペブル,氷,物理,35,100,36,
134,ヒエティ,氷,320,氷のまもり,,7,MV_212,ウォーターガン,水,物理,35,100,36,
134,ヒエティ,氷,320,氷のまもり,,7,mvh_ice,トリプルアイスブレード,氷,物理,35,90,10,3発(発ごと命中)
134,ヒエティ,氷,320,氷のまもり,,8,MVP_041,クリアストリームストライク,水,物理,40,100,30,
134,ヒエティ,氷,320,氷のまもり,,8,MVP_121,ホワイトアイスストライク,氷,物理,40,100,30,
134,ヒエティ,氷,320,氷のまもり,,8,MV_140,ヘッドバット,無,物理,40,100,33,
134,ヒエティ,氷,320,氷のまもり,,8,MV_141,スピンタックル,無,物理,40,100,33,
134,ヒエティ,氷,320,氷のまもり,,8,MV_188,アイスブレード,氷,物理,40,100,33,
134,ヒエティ,氷,320,氷のまもり,,9,MVP_042,ミラーウォーターブロー,水,物理,45,100,28,
134,ヒエティ,氷,320,氷のまもり,,9,MVP_122,フリーズフィスト,氷,物理,45,100,28,
134,ヒエティ,氷,320,氷のまもり,,9,MVP_123,フロストストライクブロー,氷,物理,45,100,28,
134,ヒエティ,氷,320,氷のまもり,,9,MV_142,フライングキック,無,物理,45,100,33,
134,ヒエティ,氷,320,氷のまもり,,9,MV_143,ブラントエッジ,無,物理,45,100,33,
134,ヒエティ,氷,320,氷のまもり,,9,MV_214,バブルバラージ,水,物理,45,100,33,
134,ヒエティ,氷,320,氷のまもり,,10,MVP_002,マッチレスブロー,無,物理,50,100,28,
134,ヒエティ,氷,320,氷のまもり,,10,MVP_043,サーフサウンドフィスト,水,物理,50,100,28,
134,ヒエティ,氷,320,氷のまもり,,10,MVP_044,ドロップストライクパンチ,水,物理,50,100,26,
134,ヒエティ,氷,320,氷のまもり,,10,MVP_124,アイスリングパンチ,氷,物理,50,100,26,
134,ヒエティ,氷,320,氷のまもり,,10,MV_145,ラッシュスラスト,無,物理,50,100,33,
134,ヒエティ,氷,320,氷のまもり,,10,MV_189,フロストショット,氷,物理,50,100,30,
134,ヒエティ,氷,320,氷のまもり,,10,mvs_ep_ice,フリーズピーク,氷,変化,0,100,10,
134,ヒエティ,氷,320,氷のまもり,,11,MVP_003,ヴォイドクラッシュ,無,物理,55,100,28,
134B,トロピティ,草,330,草流,,1,MV_161,ディスラプト,無,変化,0,100,15,
134B,トロピティ,草,330,草流,,1,MV_299,ライフスタンス,草,変化,0,100,15,
134B,トロピティ,草,330,草流,,1,MV_300,リーフハイドスタンス,草,変化,0,100,15,
134B,トロピティ,草,330,草流,,3,air_cannon,エアーキャノン,無,特殊,15,100,42,
134B,トロピティ,草,330,草流,,3,mvn_023,クリアストリーム,水,特殊,15,100,36,
134B,トロピティ,草,330,草流,,4,MV_122,カースウィスパー,闇,変化,0,100,15,
134B,トロピティ,草,330,草流,,4,MV_129,ネザーコール,闇,変化,0,100,15,
134B,トロピティ,草,330,草流,,4,bloom_garden,ブルームガーデン,草,変化,0,100,16,
134B,トロピティ,草,330,草流,,4,mvs_grass_accuracy_evasion,フレッシュグリーンアイ,草,変化,0,100,15,
134B,トロピティ,草,330,草流,,4,mvs_grass_def_crit,フレッシュグリーンアーマー,草,変化,0,100,15,
134B,トロピティ,草,330,草流,,5,MV_160,クリティカルエイム,無,特殊,25,100,28,
134B,トロピティ,草,330,草流,,5,aqua_gun,アクアショット,水,特殊,25,100,36,
134B,トロピティ,草,330,草流,,5,mvh_water,タービュレントラッシュ,水,物理,25,95,15,2〜5発
134B,トロピティ,草,330,草流,,6,MVP_001,ホワイトストライク,無,物理,30,100,30,
134B,トロピティ,草,330,草流,,6,MV_137,バックフィスト,無,物理,30,100,36,
134B,トロピティ,草,330,草流,,7,MV_212,ウォーターガン,水,物理,35,100,36,
134B,トロピティ,草,330,草流,,7,MV_281,リーフブレード,草,物理,35,100,36,
134B,トロピティ,草,330,草流,,7,mvw_gale,ゲイルコール,草,変化,0,100,16,
134B,トロピティ,草,330,草流,,8,MVP_041,クリアストリームストライク,水,物理,40,100,30,
134B,トロピティ,草,330,草流,,8,MVP_101,グリーンリーフストライク,草,物理,40,100,30,
134B,トロピティ,草,330,草流,,8,MV_282,シードショット,草,物理,40,100,33,
134B,トロピティ,草,330,草流,,9,MVP_042,ミラーウォーターブロー,水,物理,45,100,28,
134B,トロピティ,草,330,草流,,9,MVP_102,アイビーストライクフィスト,草,物理,45,100,28,
134B,トロピティ,草,330,草流,,9,MV_214,バブルバラージ,水,物理,45,100,33,
134B,トロピティ,草,330,草流,,9,MV_283,ヴァインウィップ,草,物理,45,100,33,
134B,トロピティ,草,330,草流,,10,MVP_043,サーフサウンドフィスト,水,物理,50,100,28,
134B,トロピティ,草,330,草流,,10,MVP_044,ドロップストライクパンチ,水,物理,50,100,26,
134B,トロピティ,草,330,草流,,10,MVP_103,リーフヴェインブロー,草,物理,50,100,28,
134B,トロピティ,草,330,草流,,10,MVP_104,フレッシュリーフパンチ,草,物理,50,100,26,
134B,トロピティ,草,330,草流,,10,mvs_ep_grass,ヴァーダントピーク,草,変化,0,100,10,
134B,トロピティ,草,330,草流,,11,MV_216,ウォーターブレード,水,物理,55,100,27,
134B,トロピティ,草,330,草流,,11,MV_287,アイビーバインド,草,物理,55,100,27,
134B,トロピティ,草,330,草流,,11,MV_288,ソーンウィップ,草,物理,55,100,24,
135,オドロクロ,闇/炎,320,闇派,放熱器官,3,air_cannon,エアーキャノン,無,特殊,15,100,42,
135,オドロクロ,闇/炎,320,闇派,放熱器官,3,mvn_034,バイオレットボルト,雷,特殊,15,85,36,
135,オドロクロ,闇/炎,320,闇派,放熱器官,3,mvn_067,ホワイトアイス,氷,特殊,15,85,36,
135,オドロクロ,闇/炎,320,闇派,放熱器官,5,MV_160,クリティカルエイム,無,特殊,25,100,28,
135,オドロクロ,闇/炎,320,闇派,放熱器官,5,MV_185,ボルトライトバレット,雷,特殊,25,100,33,
135,オドロクロ,闇/炎,320,闇派,放熱器官,5,mvh_dark,シャドウバラージ,闇,物理,25,95,15,2〜5発
135,オドロクロ,闇/炎,320,闇派,放熱器官,6,MVP_001,ホワイトストライク,無,物理,30,100,30,
135,オドロクロ,闇/炎,320,闇派,放熱器官,6,MV_137,バックフィスト,無,物理,30,100,36,
135,オドロクロ,闇/炎,320,闇派,放熱器官,7,MVP_021,クリムゾンストライク,炎,物理,35,100,30,
135,オドロクロ,闇/炎,320,闇派,放熱器官,7,MV_121,シャドウピアス,闇,物理,35,100,34,
135,オドロクロ,闇/炎,320,闇派,放熱器官,7,MV_123,ダスクブレード,闇,物理,35,100,32,
135,オドロクロ,闇/炎,320,闇派,放熱器官,7,MV_138,ダブルスラスト,無,物理,35,100,33,
135,オドロクロ,闇/炎,320,闇派,放熱器官,7,MV_139,テイルスイープ,無,物理,35,100,33,
135,オドロクロ,闇/炎,320,闇派,放熱器官,7,MV_187,アイスペブル,氷,物理,35,100,36,
135,オドロクロ,闇/炎,320,闇派,放熱器官,7,MV_233,シンダー,炎,物理,35,95,32,
135,オドロクロ,闇/炎,320,闇派,放熱器官,7,mvh_electric,トリプルボルトストライク,雷,物理,35,90,10,3発(発ごと命中)
135,オドロクロ,闇/炎,320,闇派,放熱器官,7,mvh_ice,トリプルアイスブレード,氷,物理,35,90,10,3発(発ごと命中)
135,オドロクロ,闇/炎,320,闇派,放熱器官,7,mvw_sunny,サンライトソング,炎,変化,0,100,16,
135,オドロクロ,闇/炎,320,闇派,放熱器官,8,MVP_022,スコーチフィスト,炎,物理,40,100,28,
135,オドロクロ,闇/炎,320,闇派,放熱器官,8,MVP_023,フォスファーブロー,炎,物理,40,100,28,
135,オドロクロ,闇/炎,320,闇派,放熱器官,8,MVP_061,バイオレットボルトストライク,雷,物理,40,100,30,
135,オドロクロ,闇/炎,320,闇派,放熱器官,8,MVP_062,サンダーロアフィスト,雷,物理,40,100,28,
135,オドロクロ,闇/炎,320,闇派,放熱器官,8,MVP_121,ホワイトアイスストライク,氷,物理,40,100,30,
135,オドロクロ,闇/炎,320,闇派,放熱器官,8,MV_124,シャドウステッチ,闇,物理,40,100,32,
135,オドロクロ,闇/炎,320,闇派,放熱器官,8,MV_125,ダークウェッジ,闇,物理,40,100,32,
135,オドロクロ,闇/炎,320,闇派,放熱器官,8,MV_140,ヘッドバット,無,物理,40,100,33,
135,オドロクロ,闇/炎,320,闇派,放熱器官,8,MV_141,スピンタックル,無,物理,40,100,33,
135,オドロクロ,闇/炎,320,闇派,放熱器官,8,MV_188,アイスブレード,氷,物理,40,100,33,
135,オドロクロ,闇/炎,320,闇派,放熱器官,9,MVP_063,フラッシュボルトブロー,雷,物理,45,100,28,
135,オドロクロ,闇/炎,320,闇派,放熱器官,9,MVP_122,フリーズフィスト,氷,物理,45,100,28,
135,オドロクロ,闇/炎,320,闇派,放熱器官,9,MVP_123,フロストストライクブロー,氷,物理,45,100,28,
135,オドロクロ,闇/炎,320,闇派,放熱器官,9,MV_142,フライングキック,無,物理,45,100,33,
135,オドロクロ,闇/炎,320,闇派,放熱器官,10,poison_fog,ポイズンフォグ,闇,変化,0,100,10,
136,カプリリス,草,260,クイックステップ,,1,MV_299,ライフスタンス,草,変化,0,100,15,
136,カプリリス,草,260,クイックステップ,,3,mvn_023,クリアストリーム,水,特殊,15,100,36,
136,カプリリス,草,260,クイックステップ,,5,aqua_gun,アクアショット,水,特殊,25,100,36,
136,カプリリス,草,260,クイックステップ,,5,mvh_water,タービュレントラッシュ,水,物理,25,95,15,2〜5発
136,カプリリス,草,260,クイックステップ,,7,MV_212,ウォーターガン,水,物理,35,100,36,
136,カプリリス,草,260,クイックステップ,,7,MV_215,ウォーターカッター,水,特殊,35,100,30,
136,カプリリス,草,260,クイックステップ,,7,MV_281,リーフブレード,草,物理,35,100,36,
136,カプリリス,草,260,クイックステップ,,7,mvw_gale,ゲイルコール,草,変化,0,100,16,
136,カプリリス,草,260,クイックステップ,,8,MVP_041,クリアストリームストライク,水,物理,40,100,30,
136,カプリリス,草,260,クイックステップ,,8,MVP_101,グリーンリーフストライク,草,物理,40,100,30,
136,カプリリス,草,260,クイックステップ,,8,MV_282,シードショット,草,物理,40,100,33,
136,カプリリス,草,260,クイックステップ,,9,MVP_042,ミラーウォーターブロー,水,物理,45,100,28,
136,カプリリス,草,260,クイックステップ,,9,MVP_102,アイビーストライクフィスト,草,物理,45,100,28,
136,カプリリス,草,260,クイックステップ,,9,MV_214,バブルバラージ,水,物理,45,100,33,
136,カプリリス,草,260,クイックステップ,,9,MV_283,ヴァインウィップ,草,物理,45,100,33,
136,カプリリス,草,260,クイックステップ,,9,mvn_028,スプラッシュ,水,特殊,45,100,26,
136,カプリリス,草,260,クイックステップ,,10,MVP_043,サーフサウンドフィスト,水,物理,50,100,28,
136,カプリリス,草,260,クイックステップ,,10,MVP_044,ドロップストライクパンチ,水,物理,50,100,26,
136,カプリリス,草,260,クイックステップ,,10,MVP_103,リーフヴェインブロー,草,物理,50,100,28,
136,カプリリス,草,260,クイックステップ,,10,MVP_104,フレッシュリーフパンチ,草,物理,50,100,26,
136,カプリリス,草,260,クイックステップ,,11,MV_216,ウォーターブレード,水,物理,55,100,27,
136,カプリリス,草,260,クイックステップ,,11,MV_221,ストリームコンボ,水,物理,55,100,27,
136,カプリリス,草,260,クイックステップ,,11,MV_287,アイビーバインド,草,物理,55,100,27,
136,カプリリス,草,260,クイックステップ,,11,MV_288,ソーンウィップ,草,物理,55,100,24,
136,カプリリス,草,260,クイックステップ,,12,MV_222,ミラーウォータースラッシュ,水,物理,60,100,24,
136,カプリリス,草,260,クイックステップ,,12,MV_227,アクアジェット,水,物理,60,100,27,
136,カプリリス,草,260,クイックステップ,,13,MVP_045,ウォーターリングスラスト,水,物理,65,100,21,
136,カプリリス,草,260,クイックステップ,,13,MV_230,アクアファング,水,物理,65,100,24,
136,カプリリス,草,260,クイックステップ,,14,MVP_046,スプラッシュフィスト,水,物理,70,100,18,
136,カプリリス,草,260,クイックステップ,,14,MVP_047,ウォーターヴェインストライク,水,物理,70,100,15,
136,カプリリス,草,260,クイックステップ,,15,MVP_048,アズールウェーブブロー,水,物理,75,90,11,
136,カプリリス,草,260,クイックステップ,,15,MVP_049,ドロップレットパンチ,水,物理,75,90,11,
136,カプリリス,草,260,クイックステップ,,16,MVP_050,アクアヴェールフィスト,水,物理,80,100,6,
136,カプリリス,草,260,クイックステップ,,16,MVP_051,リップルストライク,水,物理,80,90,8,
137,ボルカイザー,炎,345,炎のちから,放熱器官,3,air_cannon,エアーキャノン,無,特殊,15,100,42,
137,ボルカイザー,炎,345,炎のちから,放熱器官,3,mvn_034,バイオレットボルト,雷,特殊,15,85,36,
137,ボルカイザー,炎,345,炎のちから,放熱器官,5,MV_160,クリティカルエイム,無,特殊,25,100,28,
137,ボルカイザー,炎,345,炎のちから,放熱器官,5,MV_185,ボルトライトバレット,雷,特殊,25,100,33,
137,ボルカイザー,炎,345,炎のちから,放熱器官,6,MVP_001,ホワイトストライク,無,物理,30,100,30,
137,ボルカイザー,炎,345,炎のちから,放熱器官,6,MV_137,バックフィスト,無,物理,30,100,36,
137,ボルカイザー,炎,345,炎のちから,放熱器官,6,mvn_003,ヴォイドエコー,無,特殊,30,90,32,
137,ボルカイザー,炎,345,炎のちから,放熱器官,6,mvn_004,ベアストライク,無,特殊,30,90,30,
137,ボルカイザー,炎,345,炎のちから,放熱器官,7,MVP_021,クリムゾンストライク,炎,物理,35,100,30,
137,ボルカイザー,炎,345,炎のちから,放熱器官,7,MV_138,ダブルスラスト,無,物理,35,100,33,
137,ボルカイザー,炎,345,炎のちから,放熱器官,7,MV_139,テイルスイープ,無,物理,35,100,33,
137,ボルカイザー,炎,345,炎のちから,放熱器官,7,MV_233,シンダー,炎,物理,35,95,32,
137,ボルカイザー,炎,345,炎のちから,放熱器官,7,mvh_electric,トリプルボルトストライク,雷,物理,35,90,10,3発(発ごと命中)
137,ボルカイザー,炎,345,炎のちから,放熱器官,8,MVP_022,スコーチフィスト,炎,物理,40,100,28,
137,ボルカイザー,炎,345,炎のちから,放熱器官,8,MVP_023,フォスファーブロー,炎,物理,40,100,28,
137,ボルカイザー,炎,345,炎のちから,放熱器官,8,MVP_061,バイオレットボルトストライク,雷,物理,40,100,30,
137,ボルカイザー,炎,345,炎のちから,放熱器官,8,MVP_062,サンダーロアフィスト,雷,物理,40,100,28,
137,ボルカイザー,炎,345,炎のちから,放熱器官,8,MV_140,ヘッドバット,無,物理,40,100,33,
137,ボルカイザー,炎,345,炎のちから,放熱器官,8,MV_141,スピンタックル,無,物理,40,100,33,
137,ボルカイザー,炎,345,炎のちから,放熱器官,9,MVP_024,ロースパンチ,炎,物理,45,100,26,
137,ボルカイザー,炎,345,炎のちから,放熱器官,9,MVP_063,フラッシュボルトブロー,雷,物理,45,100,28,
137,ボルカイザー,炎,345,炎のちから,放熱器官,9,MV_142,フライングキック,無,物理,45,100,33,
137,ボルカイザー,炎,345,炎のちから,放熱器官,9,MV_143,ブラントエッジ,無,物理,45,100,33,
137,ボルカイザー,炎,345,炎のちから,放熱器官,9,MV_168,スパークボルト,雷,物理,45,95,28,
137,ボルカイザー,炎,345,炎のちから,放熱器官,9,MV_236,フレイムクロー,炎,物理,45,95,26,
137,ボルカイザー,炎,345,炎のちから,放熱器官,10,MVP_002,マッチレスブロー,無,物理,50,100,28,
137,ボルカイザー,炎,345,炎のちから,放熱器官,10,MVP_064,ボルトチャージパンチ,雷,物理,50,100,26,
137,ボルカイザー,炎,345,炎のちから,放熱器官,10,MV_145,ラッシュスラスト,無,物理,50,100,33,
137,ボルカイザー,炎,345,炎のちから,放熱器官,10,MV_182,ショックスティング,雷,物理,50,100,30,
137,ボルカイザー,炎,345,炎のちから,放熱器官,10,MV_246,フレイムファング,炎,物理,50,95,26,
137,ボルカイザー,炎,345,炎のちから,放熱器官,10,MV_250,フレイムスラスト,炎,物理,50,100,27,
137,ボルカイザー,炎,345,炎のちから,放熱器官,10,mvs_ep_fire,ヘルファイアピーク,炎,変化,0,100,10,
137B,ボルドラゴ,竜/炎,360,竜のちから,放熱器官,3,air_cannon,エアーキャノン,無,特殊,15,100,42,
137B,ボルドラゴ,竜/炎,360,竜のちから,放熱器官,3,mvn_034,バイオレットボルト,雷,特殊,15,85,36,
137B,ボルドラゴ,竜/炎,360,竜のちから,放熱器官,5,MV_160,クリティカルエイム,無,特殊,25,100,28,
137B,ボルドラゴ,竜/炎,360,竜のちから,放熱器官,5,MV_185,ボルトライトバレット,雷,特殊,25,100,33,
137B,ボルドラゴ,竜/炎,360,竜のちから,放熱器官,6,MVP_001,ホワイトストライク,無,物理,30,100,30,
137B,ボルドラゴ,竜/炎,360,竜のちから,放熱器官,6,MV_137,バックフィスト,無,物理,30,100,36,
137B,ボルドラゴ,竜/炎,360,竜のちから,放熱器官,6,mvn_003,ヴォイドエコー,無,特殊,30,90,32,
137B,ボルドラゴ,竜/炎,360,竜のちから,放熱器官,6,mvn_004,ベアストライク,無,特殊,30,90,30,
137B,ボルドラゴ,竜/炎,360,竜のちから,放熱器官,7,MVP_021,クリムゾンストライク,炎,物理,35,100,30,
137B,ボルドラゴ,竜/炎,360,竜のちから,放熱器官,7,MV_138,ダブルスラスト,無,物理,35,100,33,
137B,ボルドラゴ,竜/炎,360,竜のちから,放熱器官,7,MV_139,テイルスイープ,無,物理,35,100,33,
137B,ボルドラゴ,竜/炎,360,竜のちから,放熱器官,7,MV_233,シンダー,炎,物理,35,95,32,
137B,ボルドラゴ,竜/炎,360,竜のちから,放熱器官,7,mvh_electric,トリプルボルトストライク,雷,物理,35,90,10,3発(発ごと命中)
137B,ボルドラゴ,竜/炎,360,竜のちから,放熱器官,8,MVP_022,スコーチフィスト,炎,物理,40,100,28,
137B,ボルドラゴ,竜/炎,360,竜のちから,放熱器官,8,MVP_023,フォスファーブロー,炎,物理,40,100,28,
137B,ボルドラゴ,竜/炎,360,竜のちから,放熱器官,8,MVP_061,バイオレットボルトストライク,雷,物理,40,100,30,
137B,ボルドラゴ,竜/炎,360,竜のちから,放熱器官,8,MVP_062,サンダーロアフィスト,雷,物理,40,100,28,
137B,ボルドラゴ,竜/炎,360,竜のちから,放熱器官,8,MV_140,ヘッドバット,無,物理,40,100,33,
137B,ボルドラゴ,竜/炎,360,竜のちから,放熱器官,8,MV_141,スピンタックル,無,物理,40,100,33,
137B,ボルドラゴ,竜/炎,360,竜のちから,放熱器官,9,MVP_024,ロースパンチ,炎,物理,45,100,26,
137B,ボルドラゴ,竜/炎,360,竜のちから,放熱器官,9,MVP_063,フラッシュボルトブロー,雷,物理,45,100,28,
137B,ボルドラゴ,竜/炎,360,竜のちから,放熱器官,9,MVP_141,ドラゴンファングストライク,竜,物理,45,100,30,
137B,ボルドラゴ,竜/炎,360,竜のちから,放熱器官,9,MV_142,フライングキック,無,物理,45,100,33,
137B,ボルドラゴ,竜/炎,360,竜のちから,放熱器官,9,MV_143,ブラントエッジ,無,物理,45,100,33,
137B,ボルドラゴ,竜/炎,360,竜のちから,放熱器官,9,MV_168,スパークボルト,雷,物理,45,95,28,
137B,ボルドラゴ,竜/炎,360,竜のちから,放熱器官,9,MV_236,フレイムクロー,炎,物理,45,95,26,
137B,ボルドラゴ,竜/炎,360,竜のちから,放熱器官,10,MVP_002,マッチレスブロー,無,物理,50,100,28,
137B,ボルドラゴ,竜/炎,360,竜のちから,放熱器官,10,MVP_064,ボルトチャージパンチ,雷,物理,50,100,26,
137B,ボルドラゴ,竜/炎,360,竜のちから,放熱器官,10,MVP_142,ドラゴンスケイルフィスト,竜,物理,50,100,28,
137B,ボルドラゴ,竜/炎,360,竜のちから,放熱器官,10,MV_145,ラッシュスラスト,無,物理,50,100,33,
137B,ボルドラゴ,竜/炎,360,竜のちから,放熱器官,10,mvs_ep_dragon,ドラゴンハートピーク,竜,変化,0,100,10,
138,ウゴクゾー,地/草,340,ハードブロック,,3,air_cannon,エアーキャノン,無,特殊,15,100,42,
138,ウゴクゾー,地/草,340,ハードブロック,,3,mvn_012,クリムゾン,炎,特殊,15,85,36,
138,ウゴクゾー,地/草,340,ハードブロック,,3,mvn_023,クリアストリーム,水,特殊,15,100,36,
138,ウゴクゾー,地/草,340,ハードブロック,,4,MV_247,ファイアスフィア,炎,特殊,20,100,30,
138,ウゴクゾー,地/草,340,ハードブロック,,4,mvs_ground_atk_def,アーススタンス,地,変化,0,100,15,
138,ウゴクゾー,地/草,340,ハードブロック,,5,MV_160,クリティカルエイム,無,特殊,25,100,28,
138,ウゴクゾー,地/草,340,ハードブロック,,5,aqua_gun,アクアショット,水,特殊,25,100,36,
138,ウゴクゾー,地/草,340,ハードブロック,,5,mvh_ground,ロックバラージブロー,地,物理,25,95,15,2〜5発
138,ウゴクゾー,地/草,340,ハードブロック,,5,mvh_water,タービュレントラッシュ,水,物理,25,95,15,2〜5発
138,ウゴクゾー,地/草,340,ハードブロック,,6,MVP_001,ホワイトストライク,無,物理,30,100,30,
138,ウゴクゾー,地/草,340,ハードブロック,,6,MV_137,バックフィスト,無,物理,30,100,36,
138,ウゴクゾー,地/草,340,ハードブロック,,7,MVP_021,クリムゾンストライク,炎,物理,35,100,30,
138,ウゴクゾー,地/草,340,ハードブロック,,7,MV_138,ダブルスラスト,無,物理,35,100,33,
138,ウゴクゾー,地/草,340,ハードブロック,,7,MV_139,テイルスイープ,無,物理,35,100,33,
138,ウゴクゾー,地/草,340,ハードブロック,,7,MV_212,ウォーターガン,水,物理,35,100,36,
138,ウゴクゾー,地/草,340,ハードブロック,,7,MV_233,シンダー,炎,物理,35,95,32,
138,ウゴクゾー,地/草,340,ハードブロック,,7,MV_256,ストーンペブル,地,物理,35,100,36,
138,ウゴクゾー,地/草,340,ハードブロック,,7,MV_281,リーフブレード,草,物理,35,100,36,
138,ウゴクゾー,地/草,340,ハードブロック,,8,MVP_022,スコーチフィスト,炎,物理,40,100,28,
138,ウゴクゾー,地/草,340,ハードブロック,,8,MVP_023,フォスファーブロー,炎,物理,40,100,28,
138,ウゴクゾー,地/草,340,ハードブロック,,8,MVP_041,クリアストリームストライク,水,物理,40,100,30,
138,ウゴクゾー,地/草,340,ハードブロック,,8,MVP_081,クロッドストライク,地,物理,40,100,30,
138,ウゴクゾー,地/草,340,ハードブロック,,8,MVP_101,グリーンリーフストライク,草,物理,40,100,30,
138,ウゴクゾー,地/草,340,ハードブロック,,8,MV_140,ヘッドバット,無,物理,40,100,33,
138,ウゴクゾー,地/草,340,ハードブロック,,8,MV_141,スピンタックル,無,物理,40,100,33,
138,ウゴクゾー,地/草,340,ハードブロック,,8,MV_260,ブラインドサンド,地,物理,40,100,32,
138,ウゴクゾー,地/草,340,ハードブロック,,8,MV_282,シードショット,草,物理,40,100,33,
138,ウゴクゾー,地/草,340,ハードブロック,,9,MVP_024,ロースパンチ,炎,物理,45,100,26,
138,ウゴクゾー,地/草,340,ハードブロック,,9,MVP_042,ミラーウォーターブロー,水,物理,45,100,28,
138,ウゴクゾー,地/草,340,ハードブロック,,9,MVP_102,アイビーストライクフィスト,草,物理,45,100,28,
138,ウゴクゾー,地/草,340,ハードブロック,,9,MV_142,フライングキック,無,物理,45,100,33,
138,ウゴクゾー,地/草,340,ハードブロック,,9,MV_143,ブラントエッジ,無,物理,45,100,33,
138B,ノロウゾー,地/闇,345,ハードブロック,,3,air_cannon,エアーキャノン,無,特殊,15,100,42,
138B,ノロウゾー,地/闇,345,ハードブロック,,3,mvn_012,クリムゾン,炎,特殊,15,85,36,
138B,ノロウゾー,地/闇,345,ハードブロック,,3,mvn_067,ホワイトアイス,氷,特殊,15,85,36,
138B,ノロウゾー,地/闇,345,ハードブロック,,4,MV_122,カースウィスパー,闇,変化,0,100,15,
138B,ノロウゾー,地/闇,345,ハードブロック,,4,MV_247,ファイアスフィア,炎,特殊,20,100,30,
138B,ノロウゾー,地/闇,345,ハードブロック,,5,MV_160,クリティカルエイム,無,特殊,25,100,28,
138B,ノロウゾー,地/闇,345,ハードブロック,,5,mvh_dark,シャドウバラージ,闇,物理,25,95,15,2〜5発
138B,ノロウゾー,地/闇,345,ハードブロック,,5,mvh_ground,ロックバラージブロー,地,物理,25,95,15,2〜5発
138B,ノロウゾー,地/闇,345,ハードブロック,,6,MVP_001,ホワイトストライク,無,物理,30,100,30,
138B,ノロウゾー,地/闇,345,ハードブロック,,6,MV_137,バックフィスト,無,物理,30,100,36,
138B,ノロウゾー,地/闇,345,ハードブロック,,7,MVP_021,クリムゾンストライク,炎,物理,35,100,30,
138B,ノロウゾー,地/闇,345,ハードブロック,,7,MV_121,シャドウピアス,闇,物理,35,100,34,
138B,ノロウゾー,地/闇,345,ハードブロック,,7,MV_123,ダスクブレード,闇,物理,35,100,32,
138B,ノロウゾー,地/闇,345,ハードブロック,,7,MV_138,ダブルスラスト,無,物理,35,100,33,
138B,ノロウゾー,地/闇,345,ハードブロック,,7,MV_139,テイルスイープ,無,物理,35,100,33,
138B,ノロウゾー,地/闇,345,ハードブロック,,7,MV_187,アイスペブル,氷,物理,35,100,36,
138B,ノロウゾー,地/闇,345,ハードブロック,,7,MV_233,シンダー,炎,物理,35,95,32,
138B,ノロウゾー,地/闇,345,ハードブロック,,7,MV_256,ストーンペブル,地,物理,35,100,36,
138B,ノロウゾー,地/闇,345,ハードブロック,,7,mvh_ice,トリプルアイスブレード,氷,物理,35,90,10,3発(発ごと命中)
138B,ノロウゾー,地/闇,345,ハードブロック,,8,MVP_022,スコーチフィスト,炎,物理,40,100,28,
138B,ノロウゾー,地/闇,345,ハードブロック,,8,MVP_023,フォスファーブロー,炎,物理,40,100,28,
138B,ノロウゾー,地/闇,345,ハードブロック,,8,MVP_081,クロッドストライク,地,物理,40,100,30,
138B,ノロウゾー,地/闇,345,ハードブロック,,8,MVP_121,ホワイトアイスストライク,氷,物理,40,100,30,
138B,ノロウゾー,地/闇,345,ハードブロック,,8,MV_124,シャドウステッチ,闇,物理,40,100,32,
138B,ノロウゾー,地/闇,345,ハードブロック,,8,MV_125,ダークウェッジ,闇,物理,40,100,32,
138B,ノロウゾー,地/闇,345,ハードブロック,,8,MV_140,ヘッドバット,無,物理,40,100,33,
138B,ノロウゾー,地/闇,345,ハードブロック,,8,MV_141,スピンタックル,無,物理,40,100,33,
138B,ノロウゾー,地/闇,345,ハードブロック,,8,MV_188,アイスブレード,氷,物理,40,100,33,
138B,ノロウゾー,地/闇,345,ハードブロック,,9,MVP_024,ロースパンチ,炎,物理,45,100,26,
138B,ノロウゾー,地/闇,345,ハードブロック,,9,MVP_122,フリーズフィスト,氷,物理,45,100,28,
138B,ノロウゾー,地/闇,345,ハードブロック,,9,MVP_123,フロストストライクブロー,氷,物理,45,100,28,
138B,ノロウゾー,地/闇,345,ハードブロック,,10,poison_fog,ポイズンフォグ,闇,変化,0,100,10,
139,アヌビス,地,350,クイックステップ,,3,air_cannon,エアーキャノン,無,特殊,15,100,42,
139,アヌビス,地,350,クイックステップ,,3,mvn_012,クリムゾン,炎,特殊,15,85,36,
139,アヌビス,地,350,クイックステップ,,4,MV_247,ファイアスフィア,炎,特殊,20,100,30,
139,アヌビス,地,350,クイックステップ,,4,mvs_ground_atk_def,アーススタンス,地,変化,0,100,15,
139,アヌビス,地,350,クイックステップ,,5,MV_160,クリティカルエイム,無,特殊,25,100,28,
139,アヌビス,地,350,クイックステップ,,5,mvh_ground,ロックバラージブロー,地,物理,25,95,15,2〜5発
139,アヌビス,地,350,クイックステップ,,6,MVP_001,ホワイトストライク,無,物理,30,100,30,
139,アヌビス,地,350,クイックステップ,,6,MV_137,バックフィスト,無,物理,30,100,36,
139,アヌビス,地,350,クイックステップ,,6,MV_234,ブレイズバレット,炎,特殊,30,95,30,
139,アヌビス,地,350,クイックステップ,,6,mvn_003,ヴォイドエコー,無,特殊,30,90,32,
139,アヌビス,地,350,クイックステップ,,7,MVP_021,クリムゾンストライク,炎,物理,35,100,30,
139,アヌビス,地,350,クイックステップ,,7,MV_138,ダブルスラスト,無,物理,35,100,33,
139,アヌビス,地,350,クイックステップ,,7,MV_139,テイルスイープ,無,物理,35,100,33,
139,アヌビス,地,350,クイックステップ,,7,MV_233,シンダー,炎,物理,35,95,32,
139,アヌビス,地,350,クイックステップ,,7,MV_256,ストーンペブル,地,物理,35,100,36,
139,アヌビス,地,350,クイックステップ,,8,MVP_022,スコーチフィスト,炎,物理,40,100,28,
139,アヌビス,地,350,クイックステップ,,8,MVP_023,フォスファーブロー,炎,物理,40,100,28,
139,アヌビス,地,350,クイックステップ,,8,MVP_081,クロッドストライク,地,物理,40,100,30,
139,アヌビス,地,350,クイックステップ,,8,MV_140,ヘッドバット,無,物理,40,100,33,
139,アヌビス,地,350,クイックステップ,,8,MV_141,スピンタックル,無,物理,40,100,33,
139,アヌビス,地,350,クイックステップ,,8,MV_260,ブラインドサンド,地,物理,40,100,32,
139,アヌビス,地,350,クイックステップ,,9,MVP_024,ロースパンチ,炎,物理,45,100,26,
139,アヌビス,地,350,クイックステップ,,9,MV_142,フライングキック,無,物理,45,100,33,
139,アヌビス,地,350,クイックステップ,,9,MV_143,ブラントエッジ,無,物理,45,100,33,
139,アヌビス,地,350,クイックステップ,,9,MV_236,フレイムクロー,炎,物理,45,95,26,
139,アヌビス,地,350,クイックステップ,,9,MV_257,ロックバレット,地,物理,45,100,33,
139,アヌビス,地,350,クイックステップ,,9,MV_259,サンドスプレー,地,物理,45,100,30,
139,アヌビス,地,350,クイックステップ,,10,MVP_002,マッチレスブロー,無,物理,50,100,28,
139,アヌビス,地,350,クイックステップ,,10,MVP_082,ベッドロックフィスト,地,物理,50,100,28,
139,アヌビス,地,350,クイックステップ,,10,MVP_083,レイラインブロー,地,物理,50,100,28,
139,アヌビス,地,350,クイックステップ,,10,MV_145,ラッシュスラスト,無,物理,50,100,33,
140,セクメト,地,325,地のきずな,,3,air_cannon,エアーキャノン,無,特殊,15,100,42,
140,セクメト,地,325,地のきずな,,3,mvn_012,クリムゾン,炎,特殊,15,85,36,
140,セクメト,地,325,地のきずな,,4,MV_247,ファイアスフィア,炎,特殊,20,100,30,
140,セクメト,地,325,地のきずな,,5,MV_160,クリティカルエイム,無,特殊,25,100,28,
140,セクメト,地,325,地のきずな,,5,mvh_ground,ロックバラージブロー,地,物理,25,95,15,2〜5発
140,セクメト,地,325,地のきずな,,6,MVP_001,ホワイトストライク,無,物理,30,100,30,
140,セクメト,地,325,地のきずな,,6,MV_137,バックフィスト,無,物理,30,100,36,
140,セクメト,地,325,地のきずな,,6,MV_234,ブレイズバレット,炎,特殊,30,95,30,
140,セクメト,地,325,地のきずな,,6,mvn_003,ヴォイドエコー,無,特殊,30,90,32,
140,セクメト,地,325,地のきずな,,7,MVP_021,クリムゾンストライク,炎,物理,35,100,30,
140,セクメト,地,325,地のきずな,,7,MV_138,ダブルスラスト,無,物理,35,100,33,
140,セクメト,地,325,地のきずな,,7,MV_139,テイルスイープ,無,物理,35,100,33,
140,セクメト,地,325,地のきずな,,7,MV_233,シンダー,炎,物理,35,95,32,
140,セクメト,地,325,地のきずな,,7,MV_256,ストーンペブル,地,物理,35,100,36,
140,セクメト,地,325,地のきずな,,7,mvw_sandstorm,サンドストーム,地,変化,0,100,16,
140,セクメト,地,325,地のきずな,,8,MVP_022,スコーチフィスト,炎,物理,40,100,28,
140,セクメト,地,325,地のきずな,,8,MVP_023,フォスファーブロー,炎,物理,40,100,28,
140,セクメト,地,325,地のきずな,,8,MVP_081,クロッドストライク,地,物理,40,100,30,
140,セクメト,地,325,地のきずな,,8,MV_140,ヘッドバット,無,物理,40,100,33,
140,セクメト,地,325,地のきずな,,8,MV_141,スピンタックル,無,物理,40,100,33,
140,セクメト,地,325,地のきずな,,8,MV_260,ブラインドサンド,地,物理,40,100,32,
140,セクメト,地,325,地のきずな,,9,MVP_024,ロースパンチ,炎,物理,45,100,26,
140,セクメト,地,325,地のきずな,,9,MV_142,フライングキック,無,物理,45,100,33,
140,セクメト,地,325,地のきずな,,9,MV_143,ブラントエッジ,無,物理,45,100,33,
140,セクメト,地,325,地のきずな,,9,MV_236,フレイムクロー,炎,物理,45,95,26,
140,セクメト,地,325,地のきずな,,9,MV_257,ロックバレット,地,物理,45,100,33,
140,セクメト,地,325,地のきずな,,9,MV_259,サンドスプレー,地,物理,45,100,30,
140,セクメト,地,325,地のきずな,,10,MVP_002,マッチレスブロー,無,物理,50,100,28,
140,セクメト,地,325,地のきずな,,10,MVP_082,ベッドロックフィスト,地,物理,50,100,28,
140,セクメト,地,325,地のきずな,,10,MVP_083,レイラインブロー,地,物理,50,100,28,
140,セクメト,地,325,地のきずな,,10,MV_145,ラッシュスラスト,無,物理,50,100,33,
140,セクメト,地,325,地のきずな,,10,MV_246,フレイムファング,炎,物理,50,95,26,
140,セクメト,地,325,地のきずな,,10,MV_250,フレイムスラスト,炎,物理,50,100,27,
141,ブッサソリ,闇/地,290,どくせんボディ,,1,MV_273,サンドダストスタンス,地,変化,0,100,15,
141,ブッサソリ,闇/地,290,どくせんボディ,,3,mvn_012,クリムゾン,炎,特殊,15,85,36,
141,ブッサソリ,闇/地,290,どくせんボディ,,3,mvn_067,ホワイトアイス,氷,特殊,15,85,36,
141,ブッサソリ,闇/地,290,どくせんボディ,,4,MV_247,ファイアスフィア,炎,特殊,20,100,30,
141,ブッサソリ,闇/地,290,どくせんボディ,,4,mvs_dark_accuracy_evasion,ダークナイトアイ,闇,変化,0,100,15,
141,ブッサソリ,闇/地,290,どくせんボディ,,5,mvh_dark,シャドウバラージ,闇,物理,25,95,15,2〜5発
141,ブッサソリ,闇/地,290,どくせんボディ,,5,mvh_ground,ロックバラージブロー,地,物理,25,95,15,2〜5発
141,ブッサソリ,闇/地,290,どくせんボディ,,6,MV_205,フロストネット,氷,特殊,30,95,28,
141,ブッサソリ,闇/地,290,どくせんボディ,,6,MV_234,ブレイズバレット,炎,特殊,30,95,30,
141,ブッサソリ,闇/地,290,どくせんボディ,,6,ice_cutter,アイスカッター,氷,特殊,30,100,33,
141,ブッサソリ,闇/地,290,どくせんボディ,,7,MVP_021,クリムゾンストライク,炎,物理,35,100,30,
141,ブッサソリ,闇/地,290,どくせんボディ,,7,MV_121,シャドウピアス,闇,物理,35,100,34,
141,ブッサソリ,闇/地,290,どくせんボディ,,7,MV_123,ダスクブレード,闇,物理,35,100,32,
141,ブッサソリ,闇/地,290,どくせんボディ,,7,MV_187,アイスペブル,氷,物理,35,100,36,
141,ブッサソリ,闇/地,290,どくせんボディ,,7,MV_233,シンダー,炎,物理,35,95,32,
141,ブッサソリ,闇/地,290,どくせんボディ,,7,MV_256,ストーンペブル,地,物理,35,100,36,
141,ブッサソリ,闇/地,290,どくせんボディ,,7,mvh_ice,トリプルアイスブレード,氷,物理,35,90,10,3発(発ごと命中)
141,ブッサソリ,闇/地,290,どくせんボディ,,8,MVP_022,スコーチフィスト,炎,物理,40,100,28,
141,ブッサソリ,闇/地,290,どくせんボディ,,8,MVP_023,フォスファーブロー,炎,物理,40,100,28,
141,ブッサソリ,闇/地,290,どくせんボディ,,8,MVP_081,クロッドストライク,地,物理,40,100,30,
141,ブッサソリ,闇/地,290,どくせんボディ,,8,MVP_121,ホワイトアイスストライク,氷,物理,40,100,30,
141,ブッサソリ,闇/地,290,どくせんボディ,,8,MV_124,シャドウステッチ,闇,物理,40,100,32,
141,ブッサソリ,闇/地,290,どくせんボディ,,8,MV_125,ダークウェッジ,闇,物理,40,100,32,
141,ブッサソリ,闇/地,290,どくせんボディ,,8,MV_188,アイスブレード,氷,物理,40,100,33,
141,ブッサソリ,闇/地,290,どくせんボディ,,8,MV_260,ブラインドサンド,地,物理,40,100,32,
141,ブッサソリ,闇/地,290,どくせんボディ,,9,MVP_024,ロースパンチ,炎,物理,45,100,26,
141,ブッサソリ,闇/地,290,どくせんボディ,,9,MVP_122,フリーズフィスト,氷,物理,45,100,28,
141,ブッサソリ,闇/地,290,どくせんボディ,,9,MVP_123,フロストストライクブロー,氷,物理,45,100,28,
141,ブッサソリ,闇/地,290,どくせんボディ,,9,MV_236,フレイムクロー,炎,物理,45,95,26,
141,ブッサソリ,闇/地,290,どくせんボディ,,10,MVP_124,アイスリングパンチ,氷,物理,50,100,26,
141,ブッサソリ,闇/地,290,どくせんボディ,,10,MV_189,フロストショット,氷,物理,50,100,30,
141,ブッサソリ,闇/地,290,どくせんボディ,,10,MV_246,フレイムファング,炎,物理,50,95,26,
141,ブッサソリ,闇/地,290,どくせんボディ,,10,MV_250,フレイムスラスト,炎,物理,50,100,27,
141,ブッサソリ,闇/地,290,どくせんボディ,,11,MV_190,アイスニードル,氷,物理,55,100,27,
141,ブッサソリ,闇/地,290,どくせんボディ,,11,MV_211,フローズンブレード,氷,物理,55,95,26,
141B,ブッサンダー,雷/地,295,雷のおしえ,,3,mvn_012,クリムゾン,炎,特殊,15,85,36,
141B,ブッサンダー,雷/地,295,雷のおしえ,,3,mvn_056,グリーンリーフ,草,特殊,15,100,36,
141B,ブッサンダー,雷/地,295,雷のおしえ,,4,MV_247,ファイアスフィア,炎,特殊,20,100,30,
141B,ブッサンダー,雷/地,295,雷のおしえ,,5,MV_285,グラスノット,草,特殊,25,100,28,
141B,ブッサンダー,雷/地,295,雷のおしえ,,5,mvh_ground,ロックバラージブロー,地,物理,25,95,15,2〜5発
141B,ブッサンダー,雷/地,295,雷のおしえ,,5,mvn_060,グラスリング,草,特殊,25,100,28,
141B,ブッサンダー,雷/地,295,雷のおしえ,,6,MV_234,ブレイズバレット,炎,特殊,30,95,30,
141B,ブッサンダー,雷/地,295,雷のおしえ,,7,MVP_021,クリムゾンストライク,炎,物理,35,100,30,
141B,ブッサンダー,雷/地,295,雷のおしえ,,7,MV_233,シンダー,炎,物理,35,95,32,
141B,ブッサンダー,雷/地,295,雷のおしえ,,7,MV_256,ストーンペブル,地,物理,35,100,36,
141B,ブッサンダー,雷/地,295,雷のおしえ,,7,MV_281,リーフブレード,草,物理,35,100,36,
141B,ブッサンダー,雷/地,295,雷のおしえ,,7,mvh_electric,トリプルボルトストライク,雷,物理,35,90,10,3発(発ごと命中)
141B,ブッサンダー,雷/地,295,雷のおしえ,,8,MVP_022,スコーチフィスト,炎,物理,40,100,28,
141B,ブッサンダー,雷/地,295,雷のおしえ,,8,MVP_023,フォスファーブロー,炎,物理,40,100,28,
141B,ブッサンダー,雷/地,295,雷のおしえ,,8,MVP_061,バイオレットボルトストライク,雷,物理,40,100,30,
141B,ブッサンダー,雷/地,295,雷のおしえ,,8,MVP_062,サンダーロアフィスト,雷,物理,40,100,28,
141B,ブッサンダー,雷/地,295,雷のおしえ,,8,MVP_081,クロッドストライク,地,物理,40,100,30,
141B,ブッサンダー,雷/地,295,雷のおしえ,,8,MVP_101,グリーンリーフストライク,草,物理,40,100,30,
141B,ブッサンダー,雷/地,295,雷のおしえ,,8,MV_260,ブラインドサンド,地,物理,40,100,32,
141B,ブッサンダー,雷/地,295,雷のおしえ,,8,MV_282,シードショット,草,物理,40,100,33,
141B,ブッサンダー,雷/地,295,雷のおしえ,,9,MVP_024,ロースパンチ,炎,物理,45,100,26,
141B,ブッサンダー,雷/地,295,雷のおしえ,,9,MVP_063,フラッシュボルトブロー,雷,物理,45,100,28,
141B,ブッサンダー,雷/地,295,雷のおしえ,,9,MVP_102,アイビーストライクフィスト,草,物理,45,100,28,
141B,ブッサンダー,雷/地,295,雷のおしえ,,9,MV_168,スパークボルト,雷,物理,45,95,28,
141B,ブッサンダー,雷/地,295,雷のおしえ,,9,MV_236,フレイムクロー,炎,物理,45,95,26,
141B,ブッサンダー,雷/地,295,雷のおしえ,,9,MV_283,ヴァインウィップ,草,物理,45,100,33,
141B,ブッサンダー,雷/地,295,雷のおしえ,,10,MVP_103,リーフヴェインブロー,草,物理,50,100,28,
141B,ブッサンダー,雷/地,295,雷のおしえ,,10,MVP_104,フレッシュリーフパンチ,草,物理,50,100,26,
141B,ブッサンダー,雷/地,295,雷のおしえ,,10,MV_246,フレイムファング,炎,物理,50,95,26,
141B,ブッサンダー,雷/地,295,雷のおしえ,,10,MV_250,フレイムスラスト,炎,物理,50,100,27,
141B,ブッサンダー,雷/地,295,雷のおしえ,,10,mvs_ep_electric,サンダーロアピーク,雷,変化,0,100,10,
141B,ブッサンダー,雷/地,295,雷のおしえ,,10,mvs_ep_ground,アースコアピーク,地,変化,0,100,10,
141B,ブッサンダー,雷/地,295,雷のおしえ,,11,MV_237,ブレイズスラッシュ,炎,物理,55,95,24,
141B,ブッサンダー,雷/地,295,雷のおしえ,,11,MV_245,フレイムホイール,炎,物理,55,95,24,
141B,ブッサンダー,雷/地,295,雷のおしえ,,11,MV_287,アイビーバインド,草,物理,55,100,27,
142,オモシガメ,地,330,ハードブロック,,1,MV_273,サンドダストスタンス,地,変化,0,100,15,
142,オモシガメ,地,330,ハードブロック,,3,air_cannon,エアーキャノン,無,特殊,15,100,42,
142,オモシガメ,地,330,ハードブロック,,3,mvn_012,クリムゾン,炎,特殊,15,85,36,
142,オモシガメ,地,330,ハードブロック,,4,MV_122,カースウィスパー,闇,変化,0,100,15,
142,オモシガメ,地,330,ハードブロック,,4,MV_129,ネザーコール,闇,変化,0,100,15,
142,オモシガメ,地,330,ハードブロック,,4,MV_247,ファイアスフィア,炎,特殊,20,100,30,
142,オモシガメ,地,330,ハードブロック,,4,jiware,フィッシャー,地,変化,0,100,16,
142,オモシガメ,地,330,ハードブロック,,4,mvs_ground_atk_accuracy,アースエイム,地,変化,0,100,15,
142,オモシガメ,地,330,ハードブロック,,4,mvs_ground_atk_def,アーススタンス,地,変化,0,100,15,
142,オモシガメ,地,330,ハードブロック,,5,MV_160,クリティカルエイム,無,特殊,25,100,28,
142,オモシガメ,地,330,ハードブロック,,5,mvh_ground,ロックバラージブロー,地,物理,25,95,15,2〜5発
142,オモシガメ,地,330,ハードブロック,,6,MVP_001,ホワイトストライク,無,物理,30,100,30,
142,オモシガメ,地,330,ハードブロック,,6,MV_137,バックフィスト,無,物理,30,100,36,
142,オモシガメ,地,330,ハードブロック,,6,MV_234,ブレイズバレット,炎,特殊,30,95,30,
142,オモシガメ,地,330,ハードブロック,,7,MVP_021,クリムゾンストライク,炎,物理,35,100,30,
142,オモシガメ,地,330,ハードブロック,,7,MV_233,シンダー,炎,物理,35,95,32,
142,オモシガメ,地,330,ハードブロック,,7,MV_256,ストーンペブル,地,物理,35,100,36,
142,オモシガメ,地,330,ハードブロック,,7,mvw_sandstorm,サンドストーム,地,変化,0,100,16,
142,オモシガメ,地,330,ハードブロック,,8,MVP_022,スコーチフィスト,炎,物理,40,100,28,
142,オモシガメ,地,330,ハードブロック,,8,MVP_023,フォスファーブロー,炎,物理,40,100,28,
142,オモシガメ,地,330,ハードブロック,,8,MVP_081,クロッドストライク,地,物理,40,100,30,
142,オモシガメ,地,330,ハードブロック,,8,MV_260,ブラインドサンド,地,物理,40,100,32,
142,オモシガメ,地,330,ハードブロック,,9,MVP_024,ロースパンチ,炎,物理,45,100,26,
142,オモシガメ,地,330,ハードブロック,,9,MV_236,フレイムクロー,炎,物理,45,95,26,
142,オモシガメ,地,330,ハードブロック,,9,MV_257,ロックバレット,地,物理,45,100,33,
142,オモシガメ,地,330,ハードブロック,,9,MV_259,サンドスプレー,地,物理,45,100,30,
142,オモシガメ,地,330,ハードブロック,,10,MVP_082,ベッドロックフィスト,地,物理,50,100,28,
142,オモシガメ,地,330,ハードブロック,,10,MVP_083,レイラインブロー,地,物理,50,100,28,
142,オモシガメ,地,330,ハードブロック,,10,MV_246,フレイムファング,炎,物理,50,95,26,
142,オモシガメ,地,330,ハードブロック,,10,MV_250,フレイムスラスト,炎,物理,50,100,27,
142,オモシガメ,地,330,ハードブロック,,10,mvs_ep_ground,アースコアピーク,地,変化,0,100,10,
142,オモシガメ,地,330,ハードブロック,,11,MVP_084,クラッシュソイルパンチ,地,物理,55,100,26,
142,オモシガメ,地,330,ハードブロック,,11,MV_237,ブレイズスラッシュ,炎,物理,55,95,24,
142B,オシロガメ,無,335,無流,,1,MV_161,ディスラプト,無,変化,0,100,15,
142B,オシロガメ,無,335,無流,,1,MV_162,インティミデート,無,変化,0,100,15,
142B,オシロガメ,無,335,無流,,1,MV_163,フォーカスパワー,無,変化,0,100,15,
142B,オシロガメ,無,335,無流,,1,MV_164,コンセントレート,無,変化,0,100,15,
142B,オシロガメ,無,335,無流,,1,MV_176,ボルトルアー,雷,変化,0,100,15,
142B,オシロガメ,無,335,無流,,1,MV_177,チャージアップ,雷,変化,0,100,15,
142B,オシロガメ,無,335,無流,,1,MV_178,マグネティックバリア,雷,変化,0,100,15,
142B,オシロガメ,無,335,無流,,1,MV_179,アクセラレート,雷,変化,0,100,15,
142B,オシロガメ,無,335,無流,,3,mvn_012,クリムゾン,炎,特殊,15,85,36,
142B,オシロガメ,無,335,無流,,3,mvn_078,ドラゴンファング,竜,特殊,15,100,36,
142B,オシロガメ,無,335,無流,,4,MV_122,カースウィスパー,闇,変化,0,100,15,
142B,オシロガメ,無,335,無流,,4,MV_129,ネザーコール,闇,変化,0,100,15,
142B,オシロガメ,無,335,無流,,4,MV_247,ファイアスフィア,炎,特殊,20,100,30,
142B,オシロガメ,無,335,無流,,4,bloom_garden,ブルームガーデン,草,変化,0,100,16,
142B,オシロガメ,無,335,無流,,4,mvs_neutral_atk_accuracy,マッチレスエイム,無,変化,0,100,15,
142B,オシロガメ,無,335,無流,,4,mvs_neutral_atk_def,マッチレスガード,無,変化,0,100,15,
142B,オシロガメ,無,335,無流,,6,MVP_001,ホワイトストライク,無,物理,30,100,30,
142B,オシロガメ,無,335,無流,,6,MV_137,バックフィスト,無,物理,30,100,36,
142B,オシロガメ,無,335,無流,,7,MVP_021,クリムゾンストライク,炎,物理,35,100,30,
142B,オシロガメ,無,335,無流,,7,MV_138,ダブルスラスト,無,物理,35,100,33,
142B,オシロガメ,無,335,無流,,7,MV_139,テイルスイープ,無,物理,35,100,33,
142B,オシロガメ,無,335,無流,,7,mvs_big_neutral,リックレススタンス,無,変化,0,100,10,
142B,オシロガメ,無,335,無流,,8,MV_140,ヘッドバット,無,物理,40,100,33,
142B,オシロガメ,無,335,無流,,8,MV_141,スピンタックル,無,物理,40,100,33,
142B,オシロガメ,無,335,無流,,9,MVP_141,ドラゴンファングストライク,竜,物理,45,100,30,
142B,オシロガメ,無,335,無流,,9,MV_142,フライングキック,無,物理,45,100,33,
142B,オシロガメ,無,335,無流,,9,MV_143,ブラントエッジ,無,物理,45,100,33,
142B,オシロガメ,無,335,無流,,10,MVP_002,マッチレスブロー,無,物理,50,100,28,
142B,オシロガメ,無,335,無流,,10,MVP_142,ドラゴンスケイルフィスト,竜,物理,50,100,28,
142B,オシロガメ,無,335,無流,,10,MVP_143,ドラゴンヴェインブロー,竜,物理,50,100,28,
142B,オシロガメ,無,335,無流,,10,mvs_ep_neutral,マッチレスピーク,無,変化,0,100,10,
142B,オシロガメ,無,335,無流,,11,MVP_144,ドラゴンブレスパンチ,竜,物理,55,100,26,
143,ニャニミテ,闇,310,闇のちから,,3,air_cannon,エアーキャノン,無,特殊,15,100,42,
143,ニャニミテ,闇,310,闇のちから,,3,mvn_067,ホワイトアイス,氷,特殊,15,85,36,
143,ニャニミテ,闇,310,闇のちから,,5,MV_160,クリティカルエイム,無,特殊,25,100,28,
143,ニャニミテ,闇,310,闇のちから,,5,mvh_dark,シャドウバラージ,闇,物理,25,95,15,2〜5発
143,ニャニミテ,闇,310,闇のちから,,6,MVP_001,ホワイトストライク,無,物理,30,100,30,
143,ニャニミテ,闇,310,闇のちから,,6,MV_137,バックフィスト,無,物理,30,100,36,
143,ニャニミテ,闇,310,闇のちから,,6,MV_205,フロストネット,氷,特殊,30,95,28,
143,ニャニミテ,闇,310,闇のちから,,6,ice_cutter,アイスカッター,氷,特殊,30,100,33,
143,ニャニミテ,闇,310,闇のちから,,6,mvn_003,ヴォイドエコー,無,特殊,30,90,32,
143,ニャニミテ,闇,310,闇のちから,,7,MV_121,シャドウピアス,闇,物理,35,100,34,
143,ニャニミテ,闇,310,闇のちから,,7,MV_123,ダスクブレード,闇,物理,35,100,32,
143,ニャニミテ,闇,310,闇のちから,,7,MV_138,ダブルスラスト,無,物理,35,100,33,
143,ニャニミテ,闇,310,闇のちから,,7,MV_139,テイルスイープ,無,物理,35,100,33,
143,ニャニミテ,闇,310,闇のちから,,7,MV_187,アイスペブル,氷,物理,35,100,36,
143,ニャニミテ,闇,310,闇のちから,,7,mvh_ice,トリプルアイスブレード,氷,物理,35,90,10,3発(発ごと命中)
143,ニャニミテ,闇,310,闇のちから,,7,mvw_fog,フォグヴェール,闇,変化,0,100,16,
143,ニャニミテ,闇,310,闇のちから,,8,MVP_121,ホワイトアイスストライク,氷,物理,40,100,30,
143,ニャニミテ,闇,310,闇のちから,,8,MV_124,シャドウステッチ,闇,物理,40,100,32,
143,ニャニミテ,闇,310,闇のちから,,8,MV_125,ダークウェッジ,闇,物理,40,100,32,
143,ニャニミテ,闇,310,闇のちから,,8,MV_140,ヘッドバット,無,物理,40,100,33,
143,ニャニミテ,闇,310,闇のちから,,8,MV_141,スピンタックル,無,物理,40,100,33,
143,ニャニミテ,闇,310,闇のちから,,8,MV_188,アイスブレード,氷,物理,40,100,33,
143,ニャニミテ,闇,310,闇のちから,,9,MVP_122,フリーズフィスト,氷,物理,45,100,28,
143,ニャニミテ,闇,310,闇のちから,,9,MVP_123,フロストストライクブロー,氷,物理,45,100,28,
143,ニャニミテ,闇,310,闇のちから,,9,MVP_161,ブラックミストストライク,闇,物理,45,100,30,
143,ニャニミテ,闇,310,闇のちから,,9,MV_126,カースチェイン,闇,物理,45,100,32,
143,ニャニミテ,闇,310,闇のちから,,9,MV_142,フライングキック,無,物理,45,100,33,
143,ニャニミテ,闇,310,闇のちから,,9,MV_143,ブラントエッジ,無,物理,45,100,33,
143,ニャニミテ,闇,310,闇のちから,,10,MVP_002,マッチレスブロー,無,物理,50,100,28,
143,ニャニミテ,闇,310,闇のちから,,10,MVP_124,アイスリングパンチ,氷,物理,50,100,26,
143,ニャニミテ,闇,310,闇のちから,,10,MVP_162,シャドウストライクフィスト,闇,物理,50,100,28,
143,ニャニミテ,闇,310,闇のちから,,10,MVP_163,カースブローパンチ,闇,物理,50,100,28,
143,ニャニミテ,闇,310,闇のちから,,10,MV_145,ラッシュスラスト,無,物理,50,100,33,
143,ニャニミテ,闇,310,闇のちから,,10,poison_fog,ポイズンフォグ,闇,変化,0,100,10,
144,ミミドッグ,無,250,無流,,1,MV_161,ディスラプト,無,変化,0,100,15,
144,ミミドッグ,無,250,無流,,1,MV_162,インティミデート,無,変化,0,100,15,
144,ミミドッグ,無,250,無流,,1,MV_163,フォーカスパワー,無,変化,0,100,15,
144,ミミドッグ,無,250,無流,,1,MV_164,コンセントレート,無,変化,0,100,15,
144,ミミドッグ,無,250,無流,,1,MV_176,ボルトルアー,雷,変化,0,100,15,
144,ミミドッグ,無,250,無流,,1,MV_177,チャージアップ,雷,変化,0,100,15,
144,ミミドッグ,無,250,無流,,1,MV_178,マグネティックバリア,雷,変化,0,100,15,
144,ミミドッグ,無,250,無流,,1,MV_179,アクセラレート,雷,変化,0,100,15,
144,ミミドッグ,無,250,無流,,1,MV_232,クリアストリームスタンス,水,変化,0,100,15,
144,ミミドッグ,無,250,無流,,1,MV_273,サンドダストスタンス,地,変化,0,100,15,
144,ミミドッグ,無,250,無流,,1,MV_299,ライフスタンス,草,変化,0,100,15,
144,ミミドッグ,無,250,無流,,1,MV_300,リーフハイドスタンス,草,変化,0,100,15,
144,ミミドッグ,無,250,無流,,3,mvn_078,ドラゴンファング,竜,特殊,15,100,36,
144,ミミドッグ,無,250,無流,,4,MV_122,カースウィスパー,闇,変化,0,100,15,
144,ミミドッグ,無,250,無流,,4,MV_129,ネザーコール,闇,変化,0,100,15,
144,ミミドッグ,無,250,無流,,4,bloom_garden,ブルームガーデン,草,変化,0,100,16,
144,ミミドッグ,無,250,無流,,4,mvs_dark_accuracy_evasion,ダークナイトアイ,闇,変化,0,100,15,
144,ミミドッグ,無,250,無流,,4,mvs_dark_def_crit,ダークナイトアーマー,闇,変化,0,100,15,
144,ミミドッグ,無,250,無流,,4,mvs_neutral_atk_accuracy,マッチレスエイム,無,変化,0,100,15,
144,ミミドッグ,無,250,無流,,4,mvs_neutral_atk_def,マッチレスガード,無,変化,0,100,15,
144,ミミドッグ,無,250,無流,,6,MVP_001,ホワイトストライク,無,物理,30,100,30,
144,ミミドッグ,無,250,無流,,6,MV_137,バックフィスト,無,物理,30,100,36,
144,ミミドッグ,無,250,無流,,6,mvn_080,ドラゴンヴェインショット,竜,特殊,30,100,32,
144,ミミドッグ,無,250,無流,,6,mvn_082,ドラゴンクロー,竜,特殊,30,100,28,
144,ミミドッグ,無,250,無流,,7,MV_138,ダブルスラスト,無,物理,35,100,33,
144,ミミドッグ,無,250,無流,,7,MV_139,テイルスイープ,無,物理,35,100,33,
144,ミミドッグ,無,250,無流,,7,mvs_big_neutral,リックレススタンス,無,変化,0,100,10,
144,ミミドッグ,無,250,無流,,7,mvs_big_water,ラピッドストリームスタンス,水,変化,0,100,10,
144,ミミドッグ,無,250,無流,,8,MV_140,ヘッドバット,無,物理,40,100,33,
144,ミミドッグ,無,250,無流,,8,MV_141,スピンタックル,無,物理,40,100,33,
144,ミミドッグ,無,250,無流,,9,MVP_141,ドラゴンファングストライク,竜,物理,45,100,30,
144,ミミドッグ,無,250,無流,,9,MV_142,フライングキック,無,物理,45,100,33,
144,ミミドッグ,無,250,無流,,9,MV_143,ブラントエッジ,無,物理,45,100,33,
144,ミミドッグ,無,250,無流,,10,MVP_002,マッチレスブロー,無,物理,50,100,28,
144,ミミドッグ,無,250,無流,,10,MVP_142,ドラゴンスケイルフィスト,竜,物理,50,100,28,
144,ミミドッグ,無,250,無流,,10,MVP_143,ドラゴンヴェインブロー,竜,物理,50,100,28,
144,ミミドッグ,無,250,無流,,10,mvs_ep_neutral,マッチレスピーク,無,変化,0,100,10,
145,ゼノベーダ,闇,300,フリーフォール,,3,mvn_067,ホワイトアイス,氷,特殊,15,85,36,
145,ゼノベーダ,闇,300,フリーフォール,,4,MV_122,カースウィスパー,闇,変化,0,100,15,
145,ゼノベーダ,闇,300,フリーフォール,,4,MV_129,ネザーコール,闇,変化,0,100,15,
145,ゼノベーダ,闇,300,フリーフォール,,5,mvh_dark,シャドウバラージ,闇,物理,25,95,15,2〜5発
145,ゼノベーダ,闇,300,フリーフォール,,6,MV_205,フロストネット,氷,特殊,30,95,28,
145,ゼノベーダ,闇,300,フリーフォール,,6,ice_cutter,アイスカッター,氷,特殊,30,100,33,
145,ゼノベーダ,闇,300,フリーフォール,,7,MV_121,シャドウピアス,闇,物理,35,100,34,
145,ゼノベーダ,闇,300,フリーフォール,,7,MV_123,ダスクブレード,闇,物理,35,100,32,
145,ゼノベーダ,闇,300,フリーフォール,,7,MV_187,アイスペブル,氷,物理,35,100,36,
145,ゼノベーダ,闇,300,フリーフォール,,7,mvh_ice,トリプルアイスブレード,氷,物理,35,90,10,3発(発ごと命中)
145,ゼノベーダ,闇,300,フリーフォール,,8,MVP_121,ホワイトアイスストライク,氷,物理,40,100,30,
145,ゼノベーダ,闇,300,フリーフォール,,8,MV_124,シャドウステッチ,闇,物理,40,100,32,
145,ゼノベーダ,闇,300,フリーフォール,,8,MV_125,ダークウェッジ,闇,物理,40,100,32,
145,ゼノベーダ,闇,300,フリーフォール,,8,MV_188,アイスブレード,氷,物理,40,100,33,
145,ゼノベーダ,闇,300,フリーフォール,,9,MVP_122,フリーズフィスト,氷,物理,45,100,28,
145,ゼノベーダ,闇,300,フリーフォール,,9,MVP_123,フロストストライクブロー,氷,物理,45,100,28,
145,ゼノベーダ,闇,300,フリーフォール,,9,MVP_161,ブラックミストストライク,闇,物理,45,100,30,
145,ゼノベーダ,闇,300,フリーフォール,,9,MV_126,カースチェイン,闇,物理,45,100,32,
145,ゼノベーダ,闇,300,フリーフォール,,9,mvn_073,フローズンクラウド,氷,特殊,45,100,24,
145,ゼノベーダ,闇,300,フリーフォール,,10,MVP_124,アイスリングパンチ,氷,物理,50,100,26,
145,ゼノベーダ,闇,300,フリーフォール,,10,MVP_162,シャドウストライクフィスト,闇,物理,50,100,28,
145,ゼノベーダ,闇,300,フリーフォール,,10,MVP_163,カースブローパンチ,闇,物理,50,100,28,
145,ゼノベーダ,闇,300,フリーフォール,,10,MV_189,フロストショット,氷,物理,50,100,30,
145,ゼノベーダ,闇,300,フリーフォール,,11,MV_190,アイスニードル,氷,物理,55,100,27,
145,ゼノベーダ,闇,300,フリーフォール,,11,MV_211,フローズンブレード,氷,物理,55,95,26,
145,ゼノベーダ,闇,300,フリーフォール,,12,MVP_125,チルスラスト,氷,物理,60,100,21,
145,ゼノベーダ,闇,300,フリーフォール,,12,MV_195,アイスファング,氷,物理,60,95,24,
145,ゼノベーダ,闇,300,フリーフォール,,13,MV_192,ブリザードブロー,氷,物理,65,100,21,
145,ゼノベーダ,闇,300,フリーフォール,,13,MV_200,アイスブレードコンボ,氷,物理,65,100,21,
145,ゼノベーダ,闇,300,フリーフォール,,14,MVP_126,アイスシャードフィスト,氷,物理,70,100,18,
145,ゼノベーダ,闇,300,フリーフォール,,14,MVP_127,フローズンクラウドストライク,氷,物理,70,100,15,
145,ゼノベーダ,闇,300,フリーフォール,,15,MVP_128,アイスヴェールブロー,氷,物理,75,90,11,
146,ゼノルーダ,竜,360,竜のちから,,3,air_cannon,エアーキャノン,無,特殊,15,100,42,
146,ゼノルーダ,竜,360,竜のちから,,3,mvn_012,クリムゾン,炎,特殊,15,85,36,
146,ゼノルーダ,竜,360,竜のちから,,4,MV_247,ファイアスフィア,炎,特殊,20,100,30,
146,ゼノルーダ,竜,360,竜のちから,,4,mvs_dragon_def_evasion,ドラゴンオーラヴェール,竜,変化,0,100,15,
146,ゼノルーダ,竜,360,竜のちから,,5,MV_160,クリティカルエイム,無,特殊,25,100,28,
146,ゼノルーダ,竜,360,竜のちから,,6,MVP_001,ホワイトストライク,無,物理,30,100,30,
146,ゼノルーダ,竜,360,竜のちから,,6,MV_137,バックフィスト,無,物理,30,100,36,
146,ゼノルーダ,竜,360,竜のちから,,6,MV_234,ブレイズバレット,炎,特殊,30,95,30,
146,ゼノルーダ,竜,360,竜のちから,,6,mvn_003,ヴォイドエコー,無,特殊,30,90,32,
146,ゼノルーダ,竜,360,竜のちから,,7,MVP_021,クリムゾンストライク,炎,物理,35,100,30,
146,ゼノルーダ,竜,360,竜のちから,,7,MV_138,ダブルスラスト,無,物理,35,100,33,
146,ゼノルーダ,竜,360,竜のちから,,7,MV_139,テイルスイープ,無,物理,35,100,33,
146,ゼノルーダ,竜,360,竜のちから,,7,MV_233,シンダー,炎,物理,35,95,32,
146,ゼノルーダ,竜,360,竜のちから,,8,MVP_022,スコーチフィスト,炎,物理,40,100,28,
146,ゼノルーダ,竜,360,竜のちから,,8,MVP_023,フォスファーブロー,炎,物理,40,100,28,
146,ゼノルーダ,竜,360,竜のちから,,8,MV_140,ヘッドバット,無,物理,40,100,33,
146,ゼノルーダ,竜,360,竜のちから,,8,MV_141,スピンタックル,無,物理,40,100,33,
146,ゼノルーダ,竜,360,竜のちから,,9,MVP_024,ロースパンチ,炎,物理,45,100,26,
146,ゼノルーダ,竜,360,竜のちから,,9,MVP_141,ドラゴンファングストライク,竜,物理,45,100,30,
146,ゼノルーダ,竜,360,竜のちから,,9,MV_142,フライングキック,無,物理,45,100,33,
146,ゼノルーダ,竜,360,竜のちから,,9,MV_143,ブラントエッジ,無,物理,45,100,33,
146,ゼノルーダ,竜,360,竜のちから,,9,MV_236,フレイムクロー,炎,物理,45,95,26,
146,ゼノルーダ,竜,360,竜のちから,,10,MVP_002,マッチレスブロー,無,物理,50,100,28,
146,ゼノルーダ,竜,360,竜のちから,,10,MVP_142,ドラゴンスケイルフィスト,竜,物理,50,100,28,
146,ゼノルーダ,竜,360,竜のちから,,10,MVP_143,ドラゴンヴェインブロー,竜,物理,50,100,28,
146,ゼノルーダ,竜,360,竜のちから,,10,MV_145,ラッシュスラスト,無,物理,50,100,33,
146,ゼノルーダ,竜,360,竜のちから,,10,MV_246,フレイムファング,炎,物理,50,95,26,
146,ゼノルーダ,竜,360,竜のちから,,10,MV_250,フレイムスラスト,炎,物理,50,100,27,
146,ゼノルーダ,竜,360,竜のちから,,11,MVP_003,ヴォイドクラッシュ,無,物理,55,100,28,
146,ゼノルーダ,竜,360,竜のちから,,11,MVP_144,ドラゴンブレスパンチ,竜,物理,55,100,26,
146,ゼノルーダ,竜,360,竜のちから,,11,MV_116,ドラゴンファングスラスト,竜,物理,55,100,27,
147,プラムルリム,草/闇,300,フリーフォール,,3,mvn_023,クリアストリーム,水,特殊,15,100,36,
147,プラムルリム,草/闇,300,フリーフォール,,3,mvn_067,ホワイトアイス,氷,特殊,15,85,36,
147,プラムルリム,草/闇,300,フリーフォール,,4,mvs_grass_accuracy_evasion,フレッシュグリーンアイ,草,変化,0,100,15,
147,プラムルリム,草/闇,300,フリーフォール,,4,mvs_grass_def_crit,フレッシュグリーンアーマー,草,変化,0,100,15,
147,プラムルリム,草/闇,300,フリーフォール,,5,aqua_gun,アクアショット,水,特殊,25,100,36,
147,プラムルリム,草/闇,300,フリーフォール,,5,mvh_dark,シャドウバラージ,闇,物理,25,95,15,2〜5発
147,プラムルリム,草/闇,300,フリーフォール,,5,mvh_water,タービュレントラッシュ,水,物理,25,95,15,2〜5発
147,プラムルリム,草/闇,300,フリーフォール,,6,MV_205,フロストネット,氷,特殊,30,95,28,
147,プラムルリム,草/闇,300,フリーフォール,,6,ice_cutter,アイスカッター,氷,特殊,30,100,33,
147,プラムルリム,草/闇,300,フリーフォール,,7,MV_121,シャドウピアス,闇,物理,35,100,34,
147,プラムルリム,草/闇,300,フリーフォール,,7,MV_123,ダスクブレード,闇,物理,35,100,32,
147,プラムルリム,草/闇,300,フリーフォール,,7,MV_187,アイスペブル,氷,物理,35,100,36,
147,プラムルリム,草/闇,300,フリーフォール,,7,MV_212,ウォーターガン,水,物理,35,100,36,
147,プラムルリム,草/闇,300,フリーフォール,,7,MV_281,リーフブレード,草,物理,35,100,36,
147,プラムルリム,草/闇,300,フリーフォール,,7,mvh_ice,トリプルアイスブレード,氷,物理,35,90,10,3発(発ごと命中)
147,プラムルリム,草/闇,300,フリーフォール,,8,MVP_041,クリアストリームストライク,水,物理,40,100,30,
147,プラムルリム,草/闇,300,フリーフォール,,8,MVP_101,グリーンリーフストライク,草,物理,40,100,30,
147,プラムルリム,草/闇,300,フリーフォール,,8,MVP_121,ホワイトアイスストライク,氷,物理,40,100,30,
147,プラムルリム,草/闇,300,フリーフォール,,8,MV_124,シャドウステッチ,闇,物理,40,100,32,
147,プラムルリム,草/闇,300,フリーフォール,,8,MV_125,ダークウェッジ,闇,物理,40,100,32,
147,プラムルリム,草/闇,300,フリーフォール,,8,MV_188,アイスブレード,氷,物理,40,100,33,
147,プラムルリム,草/闇,300,フリーフォール,,8,MV_282,シードショット,草,物理,40,100,33,
147,プラムルリム,草/闇,300,フリーフォール,,9,MVP_042,ミラーウォーターブロー,水,物理,45,100,28,
147,プラムルリム,草/闇,300,フリーフォール,,9,MVP_102,アイビーストライクフィスト,草,物理,45,100,28,
147,プラムルリム,草/闇,300,フリーフォール,,9,MVP_122,フリーズフィスト,氷,物理,45,100,28,
147,プラムルリム,草/闇,300,フリーフォール,,9,MVP_123,フロストストライクブロー,氷,物理,45,100,28,
147,プラムルリム,草/闇,300,フリーフォール,,9,MV_214,バブルバラージ,水,物理,45,100,33,
147,プラムルリム,草/闇,300,フリーフォール,,10,MVP_043,サーフサウンドフィスト,水,物理,50,100,28,
147,プラムルリム,草/闇,300,フリーフォール,,10,MVP_044,ドロップストライクパンチ,水,物理,50,100,26,
147,プラムルリム,草/闇,300,フリーフォール,,10,MVP_124,アイスリングパンチ,氷,物理,50,100,26,
147,プラムルリム,草/闇,300,フリーフォール,,10,MV_189,フロストショット,氷,物理,50,100,30,
147,プラムルリム,草/闇,300,フリーフォール,,11,MV_190,アイスニードル,氷,物理,55,100,27,
147,プラムルリム,草/闇,300,フリーフォール,,11,MV_211,フローズンブレード,氷,物理,55,95,26,
148,ナイトメアリ,闇,305,闇のちから,,3,mvn_067,ホワイトアイス,氷,特殊,15,85,36,
148,ナイトメアリ,闇,305,闇のちから,,4,mvs_dark_def_crit,ダークナイトアーマー,闇,変化,0,100,15,
148,ナイトメアリ,闇,305,闇のちから,,5,mvh_dark,シャドウバラージ,闇,物理,25,95,15,2〜5発
148,ナイトメアリ,闇,305,闇のちから,,6,MV_205,フロストネット,氷,特殊,30,95,28,
148,ナイトメアリ,闇,305,闇のちから,,6,ice_cutter,アイスカッター,氷,特殊,30,100,33,
148,ナイトメアリ,闇,305,闇のちから,,7,MV_121,シャドウピアス,闇,物理,35,100,34,
148,ナイトメアリ,闇,305,闇のちから,,7,MV_123,ダスクブレード,闇,物理,35,100,32,
148,ナイトメアリ,闇,305,闇のちから,,7,MV_187,アイスペブル,氷,物理,35,100,36,
148,ナイトメアリ,闇,305,闇のちから,,7,mvh_ice,トリプルアイスブレード,氷,物理,35,90,10,3発(発ごと命中)
148,ナイトメアリ,闇,305,闇のちから,,8,MVP_121,ホワイトアイスストライク,氷,物理,40,100,30,
148,ナイトメアリ,闇,305,闇のちから,,8,MV_124,シャドウステッチ,闇,物理,40,100,32,
148,ナイトメアリ,闇,305,闇のちから,,8,MV_125,ダークウェッジ,闇,物理,40,100,32,
148,ナイトメアリ,闇,305,闇のちから,,8,MV_188,アイスブレード,氷,物理,40,100,33,
148,ナイトメアリ,闇,305,闇のちから,,9,MVP_122,フリーズフィスト,氷,物理,45,100,28,
148,ナイトメアリ,闇,305,闇のちから,,9,MVP_123,フロストストライクブロー,氷,物理,45,100,28,
148,ナイトメアリ,闇,305,闇のちから,,9,MVP_161,ブラックミストストライク,闇,物理,45,100,30,
148,ナイトメアリ,闇,305,闇のちから,,9,MV_126,カースチェイン,闇,物理,45,100,32,
148,ナイトメアリ,闇,305,闇のちから,,9,mvn_073,フローズンクラウド,氷,特殊,45,100,24,
148,ナイトメアリ,闇,305,闇のちから,,10,MVP_124,アイスリングパンチ,氷,物理,50,100,26,
148,ナイトメアリ,闇,305,闇のちから,,10,MVP_162,シャドウストライクフィスト,闇,物理,50,100,28,
148,ナイトメアリ,闇,305,闇のちから,,10,MVP_163,カースブローパンチ,闇,物理,50,100,28,
148,ナイトメアリ,闇,305,闇のちから,,10,MV_189,フロストショット,氷,物理,50,100,30,
148,ナイトメアリ,闇,305,闇のちから,,10,mvs_ep_dark,アビスピーク,闇,変化,0,100,10,
148,ナイトメアリ,闇,305,闇のちから,,11,MV_190,アイスニードル,氷,物理,55,100,27,
148,ナイトメアリ,闇,305,闇のちから,,11,MV_211,フローズンブレード,氷,物理,55,95,26,
148,ナイトメアリ,闇,305,闇のちから,,12,MVP_125,チルスラスト,氷,物理,60,100,21,
148,ナイトメアリ,闇,305,闇のちから,,12,MV_195,アイスファング,氷,物理,60,95,24,
148,ナイトメアリ,闇,305,闇のちから,,13,MV_192,ブリザードブロー,氷,物理,65,100,21,
148,ナイトメアリ,闇,305,闇のちから,,13,MV_200,アイスブレードコンボ,氷,物理,65,100,21,
148,ナイトメアリ,闇,305,闇のちから,,14,MVP_126,アイスシャードフィスト,氷,物理,70,100,18,
148,ナイトメアリ,闇,305,闇のちから,,14,MVP_127,フローズンクラウドストライク,氷,物理,70,100,15,
148,ナイトメアリ,闇,305,闇のちから,,15,MVP_128,アイスヴェールブロー,氷,物理,75,90,11,
148B,グラスメアリ,草,310,草のちから,,3,air_cannon,エアーキャノン,無,特殊,15,100,42,
148B,グラスメアリ,草,310,草のちから,,3,mvn_023,クリアストリーム,水,特殊,15,100,36,
148B,グラスメアリ,草,310,草のちから,,4,mvs_grass_def_crit,フレッシュグリーンアーマー,草,変化,0,100,15,
148B,グラスメアリ,草,310,草のちから,,5,MV_160,クリティカルエイム,無,特殊,25,100,28,
148B,グラスメアリ,草,310,草のちから,,5,aqua_gun,アクアショット,水,特殊,25,100,36,
148B,グラスメアリ,草,310,草のちから,,5,mvh_water,タービュレントラッシュ,水,物理,25,95,15,2〜5発
148B,グラスメアリ,草,310,草のちから,,6,MVP_001,ホワイトストライク,無,物理,30,100,30,
148B,グラスメアリ,草,310,草のちから,,6,MV_137,バックフィスト,無,物理,30,100,36,
148B,グラスメアリ,草,310,草のちから,,6,mvn_003,ヴォイドエコー,無,特殊,30,90,32,
148B,グラスメアリ,草,310,草のちから,,6,mvn_004,ベアストライク,無,特殊,30,90,30,
148B,グラスメアリ,草,310,草のちから,,7,MV_138,ダブルスラスト,無,物理,35,100,33,
148B,グラスメアリ,草,310,草のちから,,7,MV_139,テイルスイープ,無,物理,35,100,33,
148B,グラスメアリ,草,310,草のちから,,7,MV_212,ウォーターガン,水,物理,35,100,36,
148B,グラスメアリ,草,310,草のちから,,7,MV_281,リーフブレード,草,物理,35,100,36,
148B,グラスメアリ,草,310,草のちから,,7,mvw_gale,ゲイルコール,草,変化,0,100,16,
148B,グラスメアリ,草,310,草のちから,,8,MVP_041,クリアストリームストライク,水,物理,40,100,30,
148B,グラスメアリ,草,310,草のちから,,8,MVP_101,グリーンリーフストライク,草,物理,40,100,30,
148B,グラスメアリ,草,310,草のちから,,8,MV_140,ヘッドバット,無,物理,40,100,33,
148B,グラスメアリ,草,310,草のちから,,8,MV_141,スピンタックル,無,物理,40,100,33,
148B,グラスメアリ,草,310,草のちから,,8,MV_282,シードショット,草,物理,40,100,33,
148B,グラスメアリ,草,310,草のちから,,9,MVP_042,ミラーウォーターブロー,水,物理,45,100,28,
148B,グラスメアリ,草,310,草のちから,,9,MVP_102,アイビーストライクフィスト,草,物理,45,100,28,
148B,グラスメアリ,草,310,草のちから,,9,MV_142,フライングキック,無,物理,45,100,33,
148B,グラスメアリ,草,310,草のちから,,9,MV_143,ブラントエッジ,無,物理,45,100,33,
148B,グラスメアリ,草,310,草のちから,,9,MV_214,バブルバラージ,水,物理,45,100,33,
148B,グラスメアリ,草,310,草のちから,,9,MV_283,ヴァインウィップ,草,物理,45,100,33,
148B,グラスメアリ,草,310,草のちから,,10,MVP_002,マッチレスブロー,無,物理,50,100,28,
148B,グラスメアリ,草,310,草のちから,,10,MVP_043,サーフサウンドフィスト,水,物理,50,100,28,
148B,グラスメアリ,草,310,草のちから,,10,MVP_044,ドロップストライクパンチ,水,物理,50,100,26,
148B,グラスメアリ,草,310,草のちから,,10,MVP_103,リーフヴェインブロー,草,物理,50,100,28,
148B,グラスメアリ,草,310,草のちから,,10,MVP_104,フレッシュリーフパンチ,草,物理,50,100,26,
148B,グラスメアリ,草,310,草のちから,,10,MV_145,ラッシュスラスト,無,物理,50,100,33,
148B,グラスメアリ,草,310,草のちから,,11,MVP_003,ヴォイドクラッシュ,無,物理,55,100,28,
148B,グラスメアリ,草,310,草のちから,,11,MV_144,クラッシュブロー,無,物理,55,100,30,
149,クロマル,闇,260,闇のちから,,3,mvn_067,ホワイトアイス,氷,特殊,15,85,36,
149,クロマル,闇,260,闇のちから,,5,mvh_dark,シャドウバラージ,闇,物理,25,95,15,2〜5発
149,クロマル,闇,260,闇のちから,,6,MV_205,フロストネット,氷,特殊,30,95,28,
149,クロマル,闇,260,闇のちから,,6,ice_cutter,アイスカッター,氷,特殊,30,100,33,
149,クロマル,闇,260,闇のちから,,7,MV_121,シャドウピアス,闇,物理,35,100,34,
149,クロマル,闇,260,闇のちから,,7,MV_123,ダスクブレード,闇,物理,35,100,32,
149,クロマル,闇,260,闇のちから,,7,MV_187,アイスペブル,氷,物理,35,100,36,
149,クロマル,闇,260,闇のちから,,7,mvh_ice,トリプルアイスブレード,氷,物理,35,90,10,3発(発ごと命中)
149,クロマル,闇,260,闇のちから,,7,mvs_toxic_dark,トキシックドロップ,闇,変化,0,100,10,
149,クロマル,闇,260,闇のちから,,7,mvw_fog,フォグヴェール,闇,変化,0,100,16,
149,クロマル,闇,260,闇のちから,,8,MVP_121,ホワイトアイスストライク,氷,物理,40,100,30,
149,クロマル,闇,260,闇のちから,,8,MV_124,シャドウステッチ,闇,物理,40,100,32,
149,クロマル,闇,260,闇のちから,,8,MV_125,ダークウェッジ,闇,物理,40,100,32,
149,クロマル,闇,260,闇のちから,,8,MV_188,アイスブレード,氷,物理,40,100,33,
149,クロマル,闇,260,闇のちから,,9,MVP_122,フリーズフィスト,氷,物理,45,100,28,
149,クロマル,闇,260,闇のちから,,9,MVP_123,フロストストライクブロー,氷,物理,45,100,28,
149,クロマル,闇,260,闇のちから,,9,MVP_161,ブラックミストストライク,闇,物理,45,100,30,
149,クロマル,闇,260,闇のちから,,9,MV_126,カースチェイン,闇,物理,45,100,32,
149,クロマル,闇,260,闇のちから,,9,mvn_073,フローズンクラウド,氷,特殊,45,100,24,
149,クロマル,闇,260,闇のちから,,10,MVP_124,アイスリングパンチ,氷,物理,50,100,26,
149,クロマル,闇,260,闇のちから,,10,MVP_162,シャドウストライクフィスト,闇,物理,50,100,28,
149,クロマル,闇,260,闇のちから,,10,MVP_163,カースブローパンチ,闇,物理,50,100,28,
149,クロマル,闇,260,闇のちから,,10,MV_189,フロストショット,氷,物理,50,100,30,
149,クロマル,闇,260,闇のちから,,11,MV_190,アイスニードル,氷,物理,55,100,27,
149,クロマル,闇,260,闇のちから,,11,MV_211,フローズンブレード,氷,物理,55,95,26,
149,クロマル,闇,260,闇のちから,,12,MVP_125,チルスラスト,氷,物理,60,100,21,
149,クロマル,闇,260,闇のちから,,12,MV_195,アイスファング,氷,物理,60,95,24,
149,クロマル,闇,260,闇のちから,,13,MV_192,ブリザードブロー,氷,物理,65,100,21,
149,クロマル,闇,260,闇のちから,,13,MV_200,アイスブレードコンボ,氷,物理,65,100,21,
149,クロマル,闇,260,闇のちから,,14,MVP_126,アイスシャードフィスト,氷,物理,70,100,18,
149,クロマル,闇,260,闇のちから,,14,MVP_127,フローズンクラウドストライク,氷,物理,70,100,15,
149,クロマル,闇,260,闇のちから,,15,MVP_128,アイスヴェールブロー,氷,物理,75,90,11,
149,クロマル,闇,260,闇のちから,,15,MVP_129,フロストブロッサムパンチ,氷,物理,75,90,11,
149,クロマル,闇,260,闇のちから,,16,MVP_130,アイスコアフィスト,氷,物理,80,100,6,
149,クロマル,闇,260,闇のちから,,16,MVP_131,コールドストライクスラスト,氷,物理,80,90,8,
149B,フユマル,闇/氷,265,闇のちから,,3,mvn_023,クリアストリーム,水,特殊,15,100,36,
149B,フユマル,闇/氷,265,闇のちから,,4,mvs_ice_atk_crit,グレイシャーファングスタンス,氷,変化,0,100,15,
149B,フユマル,闇/氷,265,闇のちから,,4,mvs_ice_atk_evasion,グレイシャーステップ,氷,変化,0,100,15,
149B,フユマル,闇/氷,265,闇のちから,,5,aqua_gun,アクアショット,水,特殊,25,100,36,
149B,フユマル,闇/氷,265,闇のちから,,5,mvh_dark,シャドウバラージ,闇,物理,25,95,15,2〜5発
149B,フユマル,闇/氷,265,闇のちから,,5,mvh_water,タービュレントラッシュ,水,物理,25,95,15,2〜5発
149B,フユマル,闇/氷,265,闇のちから,,7,MV_121,シャドウピアス,闇,物理,35,100,34,
149B,フユマル,闇/氷,265,闇のちから,,7,MV_123,ダスクブレード,闇,物理,35,100,32,
149B,フユマル,闇/氷,265,闇のちから,,7,MV_187,アイスペブル,氷,物理,35,100,36,
149B,フユマル,闇/氷,265,闇のちから,,7,MV_212,ウォーターガン,水,物理,35,100,36,
149B,フユマル,闇/氷,265,闇のちから,,7,MV_215,ウォーターカッター,水,特殊,35,100,30,
149B,フユマル,闇/氷,265,闇のちから,,7,mvh_ice,トリプルアイスブレード,氷,物理,35,90,10,3発(発ごと命中)
149B,フユマル,闇/氷,265,闇のちから,,8,MVP_041,クリアストリームストライク,水,物理,40,100,30,
149B,フユマル,闇/氷,265,闇のちから,,8,MVP_121,ホワイトアイスストライク,氷,物理,40,100,30,
149B,フユマル,闇/氷,265,闇のちから,,8,MV_124,シャドウステッチ,闇,物理,40,100,32,
149B,フユマル,闇/氷,265,闇のちから,,8,MV_125,ダークウェッジ,闇,物理,40,100,32,
149B,フユマル,闇/氷,265,闇のちから,,8,MV_188,アイスブレード,氷,物理,40,100,33,
149B,フユマル,闇/氷,265,闇のちから,,9,MVP_042,ミラーウォーターブロー,水,物理,45,100,28,
149B,フユマル,闇/氷,265,闇のちから,,9,MV_214,バブルバラージ,水,物理,45,100,33,
149B,フユマル,闇/氷,265,闇のちから,,9,mvn_028,スプラッシュ,水,特殊,45,100,26,
149B,フユマル,闇/氷,265,闇のちから,,10,MVP_043,サーフサウンドフィスト,水,物理,50,100,28,
149B,フユマル,闇/氷,265,闇のちから,,10,MVP_044,ドロップストライクパンチ,水,物理,50,100,26,
149B,フユマル,闇/氷,265,闇のちから,,11,MV_216,ウォーターブレード,水,物理,55,100,27,
149B,フユマル,闇/氷,265,闇のちから,,11,MV_221,ストリームコンボ,水,物理,55,100,27,
149B,フユマル,闇/氷,265,闇のちから,,12,MV_222,ミラーウォータースラッシュ,水,物理,60,100,24,
149B,フユマル,闇/氷,265,闇のちから,,12,MV_227,アクアジェット,水,物理,60,100,27,
149B,フユマル,闇/氷,265,闇のちから,,13,MVP_045,ウォーターリングスラスト,水,物理,65,100,21,
149B,フユマル,闇/氷,265,闇のちから,,13,MV_230,アクアファング,水,物理,65,100,24,
149B,フユマル,闇/氷,265,闇のちから,,14,MVP_046,スプラッシュフィスト,水,物理,70,100,18,
149B,フユマル,闇/氷,265,闇のちから,,14,MVP_047,ウォーターヴェインストライク,水,物理,70,100,15,
149B,フユマル,闇/氷,265,闇のちから,,15,MVP_048,アズールウェーブブロー,水,物理,75,90,11,
149B,フユマル,闇/氷,265,闇のちから,,15,MVP_049,ドロップレットパンチ,水,物理,75,90,11,
149B,フユマル,闇/氷,265,闇のちから,,16,MVP_050,アクアヴェールフィスト,水,物理,80,100,6,
149B,フユマル,闇/氷,265,闇のちから,,16,MVP_051,リップルストライク,水,物理,80,90,8,
150,オーメン,闇,300,ハードアーマー,,3,mvn_067,ホワイトアイス,氷,特殊,15,85,36,
150,オーメン,闇,300,ハードアーマー,,4,MV_122,カースウィスパー,闇,変化,0,100,15,
150,オーメン,闇,300,ハードアーマー,,5,mvh_dark,シャドウバラージ,闇,物理,25,95,15,2〜5発
150,オーメン,闇,300,ハードアーマー,,6,MV_205,フロストネット,氷,特殊,30,95,28,
150,オーメン,闇,300,ハードアーマー,,6,ice_cutter,アイスカッター,氷,特殊,30,100,33,
150,オーメン,闇,300,ハードアーマー,,7,MV_121,シャドウピアス,闇,物理,35,100,34,
150,オーメン,闇,300,ハードアーマー,,7,MV_123,ダスクブレード,闇,物理,35,100,32,
150,オーメン,闇,300,ハードアーマー,,7,MV_187,アイスペブル,氷,物理,35,100,36,
150,オーメン,闇,300,ハードアーマー,,7,mvh_ice,トリプルアイスブレード,氷,物理,35,90,10,3発(発ごと命中)
150,オーメン,闇,300,ハードアーマー,,8,MVP_121,ホワイトアイスストライク,氷,物理,40,100,30,
150,オーメン,闇,300,ハードアーマー,,8,MV_124,シャドウステッチ,闇,物理,40,100,32,
150,オーメン,闇,300,ハードアーマー,,8,MV_125,ダークウェッジ,闇,物理,40,100,32,
150,オーメン,闇,300,ハードアーマー,,8,MV_188,アイスブレード,氷,物理,40,100,33,
150,オーメン,闇,300,ハードアーマー,,9,MVP_122,フリーズフィスト,氷,物理,45,100,28,
150,オーメン,闇,300,ハードアーマー,,9,MVP_123,フロストストライクブロー,氷,物理,45,100,28,
150,オーメン,闇,300,ハードアーマー,,9,MVP_161,ブラックミストストライク,闇,物理,45,100,30,
150,オーメン,闇,300,ハードアーマー,,9,MV_126,カースチェイン,闇,物理,45,100,32,
150,オーメン,闇,300,ハードアーマー,,9,mvn_073,フローズンクラウド,氷,特殊,45,100,24,
150,オーメン,闇,300,ハードアーマー,,10,MVP_124,アイスリングパンチ,氷,物理,50,100,26,
150,オーメン,闇,300,ハードアーマー,,10,MVP_162,シャドウストライクフィスト,闇,物理,50,100,28,
150,オーメン,闇,300,ハードアーマー,,10,MVP_163,カースブローパンチ,闇,物理,50,100,28,
150,オーメン,闇,300,ハードアーマー,,10,MV_189,フロストショット,氷,物理,50,100,30,
150,オーメン,闇,300,ハードアーマー,,10,poison_fog,ポイズンフォグ,闇,変化,0,100,10,
150,オーメン,闇,300,ハードアーマー,,11,MV_190,アイスニードル,氷,物理,55,100,27,
150,オーメン,闇,300,ハードアーマー,,11,MV_211,フローズンブレード,氷,物理,55,95,26,
150,オーメン,闇,300,ハードアーマー,,12,MVP_125,チルスラスト,氷,物理,60,100,21,
150,オーメン,闇,300,ハードアーマー,,12,MV_195,アイスファング,氷,物理,60,95,24,
150,オーメン,闇,300,ハードアーマー,,13,MV_192,ブリザードブロー,氷,物理,65,100,21,
150,オーメン,闇,300,ハードアーマー,,13,MV_200,アイスブレードコンボ,氷,物理,65,100,21,
150,オーメン,闇,300,ハードアーマー,,14,MVP_126,アイスシャードフィスト,氷,物理,70,100,18,
150,オーメン,闇,300,ハードアーマー,,14,MVP_127,フローズンクラウドストライク,氷,物理,70,100,15,
150,オーメン,闇,300,ハードアーマー,,15,MVP_128,アイスヴェールブロー,氷,物理,75,90,11,
151,コゴエール,氷/水,330,氷のちから,潜航,3,air_cannon,エアーキャノン,無,特殊,15,100,42,
151,コゴエール,氷/水,330,氷のちから,潜航,3,mvn_045,クロッド,地,特殊,15,100,36,
151,コゴエール,氷/水,330,氷のちから,潜航,4,MV_280,サンドバインド,地,特殊,20,100,28,
151,コゴエール,氷/水,330,氷のちから,潜航,4,mvs_ice_atk_crit,グレイシャーファングスタンス,氷,変化,0,100,15,
151,コゴエール,氷/水,330,氷のちから,潜航,5,MV_160,クリティカルエイム,無,特殊,25,100,28,
151,コゴエール,氷/水,330,氷のちから,潜航,5,mvh_ground,ロックバラージブロー,地,物理,25,95,15,2〜5発
151,コゴエール,氷/水,330,氷のちから,潜航,5,mvh_water,タービュレントラッシュ,水,物理,25,95,15,2〜5発
151,コゴエール,氷/水,330,氷のちから,潜航,6,MVP_001,ホワイトストライク,無,物理,30,100,30,
151,コゴエール,氷/水,330,氷のちから,潜航,6,MV_137,バックフィスト,無,物理,30,100,36,
151,コゴエール,氷/水,330,氷のちから,潜航,6,mvn_003,ヴォイドエコー,無,特殊,30,90,32,
151,コゴエール,氷/水,330,氷のちから,潜航,6,mvn_004,ベアストライク,無,特殊,30,90,30,
151,コゴエール,氷/水,330,氷のちから,潜航,7,MV_138,ダブルスラスト,無,物理,35,100,33,
151,コゴエール,氷/水,330,氷のちから,潜航,7,MV_139,テイルスイープ,無,物理,35,100,33,
151,コゴエール,氷/水,330,氷のちから,潜航,7,MV_187,アイスペブル,氷,物理,35,100,36,
151,コゴエール,氷/水,330,氷のちから,潜航,7,MV_212,ウォーターガン,水,物理,35,100,36,
151,コゴエール,氷/水,330,氷のちから,潜航,7,MV_256,ストーンペブル,地,物理,35,100,36,
151,コゴエール,氷/水,330,氷のちから,潜航,7,mvh_ice,トリプルアイスブレード,氷,物理,35,90,10,3発(発ごと命中)
151,コゴエール,氷/水,330,氷のちから,潜航,8,MVP_041,クリアストリームストライク,水,物理,40,100,30,
151,コゴエール,氷/水,330,氷のちから,潜航,8,MVP_081,クロッドストライク,地,物理,40,100,30,
151,コゴエール,氷/水,330,氷のちから,潜航,8,MVP_121,ホワイトアイスストライク,氷,物理,40,100,30,
151,コゴエール,氷/水,330,氷のちから,潜航,8,MV_140,ヘッドバット,無,物理,40,100,33,
151,コゴエール,氷/水,330,氷のちから,潜航,8,MV_141,スピンタックル,無,物理,40,100,33,
151,コゴエール,氷/水,330,氷のちから,潜航,8,MV_188,アイスブレード,氷,物理,40,100,33,
151,コゴエール,氷/水,330,氷のちから,潜航,8,MV_260,ブラインドサンド,地,物理,40,100,32,
151,コゴエール,氷/水,330,氷のちから,潜航,9,MVP_042,ミラーウォーターブロー,水,物理,45,100,28,
151,コゴエール,氷/水,330,氷のちから,潜航,9,MVP_122,フリーズフィスト,氷,物理,45,100,28,
151,コゴエール,氷/水,330,氷のちから,潜航,9,MV_142,フライングキック,無,物理,45,100,33,
151,コゴエール,氷/水,330,氷のちから,潜航,9,MV_143,ブラントエッジ,無,物理,45,100,33,
151,コゴエール,氷/水,330,氷のちから,潜航,9,MV_257,ロックバレット,地,物理,45,100,33,
151,コゴエール,氷/水,330,氷のちから,潜航,9,MV_259,サンドスプレー,地,物理,45,100,30,
151,コゴエール,氷/水,330,氷のちから,潜航,10,MVP_002,マッチレスブロー,無,物理,50,100,28,
151,コゴエール,氷/水,330,氷のちから,潜航,10,MVP_082,ベッドロックフィスト,地,物理,50,100,28,
151,コゴエール,氷/水,330,氷のちから,潜航,10,MVP_083,レイラインブロー,地,物理,50,100,28,
151B,モモエール,氷/炎,335,氷のちから,潜航,3,air_cannon,エアーキャノン,無,特殊,15,100,42,
151B,モモエール,氷/炎,335,氷のちから,潜航,3,mvn_023,クリアストリーム,水,特殊,15,100,36,
151B,モモエール,氷/炎,335,氷のちから,潜航,3,mvn_034,バイオレットボルト,雷,特殊,15,85,36,
151B,モモエール,氷/炎,335,氷のちから,潜航,5,MV_160,クリティカルエイム,無,特殊,25,100,28,
151B,モモエール,氷/炎,335,氷のちから,潜航,5,MV_185,ボルトライトバレット,雷,特殊,25,100,33,
151B,モモエール,氷/炎,335,氷のちから,潜航,5,aqua_gun,アクアショット,水,特殊,25,100,36,
151B,モモエール,氷/炎,335,氷のちから,潜航,5,mvh_water,タービュレントラッシュ,水,物理,25,95,15,2〜5発
151B,モモエール,氷/炎,335,氷のちから,潜航,6,MVP_001,ホワイトストライク,無,物理,30,100,30,
151B,モモエール,氷/炎,335,氷のちから,潜航,6,MV_137,バックフィスト,無,物理,30,100,36,
151B,モモエール,氷/炎,335,氷のちから,潜航,7,MVP_021,クリムゾンストライク,炎,物理,35,100,30,
151B,モモエール,氷/炎,335,氷のちから,潜航,7,MV_138,ダブルスラスト,無,物理,35,100,33,
151B,モモエール,氷/炎,335,氷のちから,潜航,7,MV_139,テイルスイープ,無,物理,35,100,33,
151B,モモエール,氷/炎,335,氷のちから,潜航,7,MV_187,アイスペブル,氷,物理,35,100,36,
151B,モモエール,氷/炎,335,氷のちから,潜航,7,MV_212,ウォーターガン,水,物理,35,100,36,
151B,モモエール,氷/炎,335,氷のちから,潜航,7,MV_233,シンダー,炎,物理,35,95,32,
151B,モモエール,氷/炎,335,氷のちから,潜航,7,mvh_electric,トリプルボルトストライク,雷,物理,35,90,10,3発(発ごと命中)
151B,モモエール,氷/炎,335,氷のちから,潜航,7,mvh_ice,トリプルアイスブレード,氷,物理,35,90,10,3発(発ごと命中)
151B,モモエール,氷/炎,335,氷のちから,潜航,8,MVP_022,スコーチフィスト,炎,物理,40,100,28,
151B,モモエール,氷/炎,335,氷のちから,潜航,8,MVP_023,フォスファーブロー,炎,物理,40,100,28,
151B,モモエール,氷/炎,335,氷のちから,潜航,8,MVP_041,クリアストリームストライク,水,物理,40,100,30,
151B,モモエール,氷/炎,335,氷のちから,潜航,8,MVP_061,バイオレットボルトストライク,雷,物理,40,100,30,
151B,モモエール,氷/炎,335,氷のちから,潜航,8,MVP_062,サンダーロアフィスト,雷,物理,40,100,28,
151B,モモエール,氷/炎,335,氷のちから,潜航,8,MVP_121,ホワイトアイスストライク,氷,物理,40,100,30,
151B,モモエール,氷/炎,335,氷のちから,潜航,8,MV_140,ヘッドバット,無,物理,40,100,33,
151B,モモエール,氷/炎,335,氷のちから,潜航,8,MV_141,スピンタックル,無,物理,40,100,33,
151B,モモエール,氷/炎,335,氷のちから,潜航,8,MV_188,アイスブレード,氷,物理,40,100,33,
151B,モモエール,氷/炎,335,氷のちから,潜航,9,MVP_024,ロースパンチ,炎,物理,45,100,26,
151B,モモエール,氷/炎,335,氷のちから,潜航,9,MVP_042,ミラーウォーターブロー,水,物理,45,100,28,
151B,モモエール,氷/炎,335,氷のちから,潜航,9,MVP_063,フラッシュボルトブロー,雷,物理,45,100,28,
151B,モモエール,氷/炎,335,氷のちから,潜航,9,MV_142,フライングキック,無,物理,45,100,33,
151B,モモエール,氷/炎,335,氷のちから,潜航,9,MV_143,ブラントエッジ,無,物理,45,100,33,
151B,モモエール,氷/炎,335,氷のちから,潜航,10,mvs_ep_ice,フリーズピーク,氷,変化,0,100,10,
152,ラベロット,草,295,草のきずな,,3,mvn_023,クリアストリーム,水,特殊,15,100,36,
152,ラベロット,草,295,草のきずな,,4,mvs_grass_def_crit,フレッシュグリーンアーマー,草,変化,0,100,15,
152,ラベロット,草,295,草のきずな,,5,aqua_gun,アクアショット,水,特殊,25,100,36,
152,ラベロット,草,295,草のきずな,,5,mvh_water,タービュレントラッシュ,水,物理,25,95,15,2〜5発
152,ラベロット,草,295,草のきずな,,7,MV_212,ウォーターガン,水,物理,35,100,36,
152,ラベロット,草,295,草のきずな,,7,MV_215,ウォーターカッター,水,特殊,35,100,30,
152,ラベロット,草,295,草のきずな,,7,MV_281,リーフブレード,草,物理,35,100,36,
152,ラベロット,草,295,草のきずな,,7,mvw_gale,ゲイルコール,草,変化,0,100,16,
152,ラベロット,草,295,草のきずな,,8,MVP_041,クリアストリームストライク,水,物理,40,100,30,
152,ラベロット,草,295,草のきずな,,8,MVP_101,グリーンリーフストライク,草,物理,40,100,30,
152,ラベロット,草,295,草のきずな,,8,MV_282,シードショット,草,物理,40,100,33,
152,ラベロット,草,295,草のきずな,,9,MVP_042,ミラーウォーターブロー,水,物理,45,100,28,
152,ラベロット,草,295,草のきずな,,9,MVP_102,アイビーストライクフィスト,草,物理,45,100,28,
152,ラベロット,草,295,草のきずな,,9,MV_214,バブルバラージ,水,物理,45,100,33,
152,ラベロット,草,295,草のきずな,,9,MV_283,ヴァインウィップ,草,物理,45,100,33,
152,ラベロット,草,295,草のきずな,,9,mvn_028,スプラッシュ,水,特殊,45,100,26,
152,ラベロット,草,295,草のきずな,,10,MVP_043,サーフサウンドフィスト,水,物理,50,100,28,
152,ラベロット,草,295,草のきずな,,10,MVP_044,ドロップストライクパンチ,水,物理,50,100,26,
152,ラベロット,草,295,草のきずな,,10,MVP_103,リーフヴェインブロー,草,物理,50,100,28,
152,ラベロット,草,295,草のきずな,,10,MVP_104,フレッシュリーフパンチ,草,物理,50,100,26,
152,ラベロット,草,295,草のきずな,,11,MV_216,ウォーターブレード,水,物理,55,100,27,
152,ラベロット,草,295,草のきずな,,11,MV_221,ストリームコンボ,水,物理,55,100,27,
152,ラベロット,草,295,草のきずな,,11,MV_287,アイビーバインド,草,物理,55,100,27,
152,ラベロット,草,295,草のきずな,,11,MV_288,ソーンウィップ,草,物理,55,100,24,
152,ラベロット,草,295,草のきずな,,12,MV_222,ミラーウォータースラッシュ,水,物理,60,100,24,
152,ラベロット,草,295,草のきずな,,12,MV_227,アクアジェット,水,物理,60,100,27,
152,ラベロット,草,295,草のきずな,,13,MVP_045,ウォーターリングスラスト,水,物理,65,100,21,
152,ラベロット,草,295,草のきずな,,13,MV_230,アクアファング,水,物理,65,100,24,
152,ラベロット,草,295,草のきずな,,14,MVP_046,スプラッシュフィスト,水,物理,70,100,18,
152,ラベロット,草,295,草のきずな,,14,MVP_047,ウォーターヴェインストライク,水,物理,70,100,15,
152,ラベロット,草,295,草のきずな,,15,MVP_048,アズールウェーブブロー,水,物理,75,90,11,
152,ラベロット,草,295,草のきずな,,15,MVP_049,ドロップレットパンチ,水,物理,75,90,11,
152,ラベロット,草,295,草のきずな,,16,MVP_050,アクアヴェールフィスト,水,物理,80,100,6,
153,ヤンデリナ,闇,315,闇のちから,,3,air_cannon,エアーキャノン,無,特殊,15,100,42,
153,ヤンデリナ,闇,315,闇のちから,,3,mvn_067,ホワイトアイス,氷,特殊,15,85,36,
153,ヤンデリナ,闇,315,闇のちから,,4,mvs_dark_def_crit,ダークナイトアーマー,闇,変化,0,100,15,
153,ヤンデリナ,闇,315,闇のちから,,5,MV_160,クリティカルエイム,無,特殊,25,100,28,
153,ヤンデリナ,闇,315,闇のちから,,5,mvh_dark,シャドウバラージ,闇,物理,25,95,15,2〜5発
153,ヤンデリナ,闇,315,闇のちから,,6,MVP_001,ホワイトストライク,無,物理,30,100,30,
153,ヤンデリナ,闇,315,闇のちから,,6,MV_137,バックフィスト,無,物理,30,100,36,
153,ヤンデリナ,闇,315,闇のちから,,6,MV_205,フロストネット,氷,特殊,30,95,28,
153,ヤンデリナ,闇,315,闇のちから,,6,ice_cutter,アイスカッター,氷,特殊,30,100,33,
153,ヤンデリナ,闇,315,闇のちから,,6,mvn_003,ヴォイドエコー,無,特殊,30,90,32,
153,ヤンデリナ,闇,315,闇のちから,,7,MV_121,シャドウピアス,闇,物理,35,100,34,
153,ヤンデリナ,闇,315,闇のちから,,7,MV_123,ダスクブレード,闇,物理,35,100,32,
153,ヤンデリナ,闇,315,闇のちから,,7,MV_138,ダブルスラスト,無,物理,35,100,33,
153,ヤンデリナ,闇,315,闇のちから,,7,MV_139,テイルスイープ,無,物理,35,100,33,
153,ヤンデリナ,闇,315,闇のちから,,7,MV_187,アイスペブル,氷,物理,35,100,36,
153,ヤンデリナ,闇,315,闇のちから,,7,mvh_ice,トリプルアイスブレード,氷,物理,35,90,10,3発(発ごと命中)
153,ヤンデリナ,闇,315,闇のちから,,8,MVP_121,ホワイトアイスストライク,氷,物理,40,100,30,
153,ヤンデリナ,闇,315,闇のちから,,8,MV_124,シャドウステッチ,闇,物理,40,100,32,
153,ヤンデリナ,闇,315,闇のちから,,8,MV_125,ダークウェッジ,闇,物理,40,100,32,
153,ヤンデリナ,闇,315,闇のちから,,8,MV_140,ヘッドバット,無,物理,40,100,33,
153,ヤンデリナ,闇,315,闇のちから,,8,MV_141,スピンタックル,無,物理,40,100,33,
153,ヤンデリナ,闇,315,闇のちから,,8,MV_188,アイスブレード,氷,物理,40,100,33,
153,ヤンデリナ,闇,315,闇のちから,,9,MVP_122,フリーズフィスト,氷,物理,45,100,28,
153,ヤンデリナ,闇,315,闇のちから,,9,MVP_123,フロストストライクブロー,氷,物理,45,100,28,
153,ヤンデリナ,闇,315,闇のちから,,9,MVP_161,ブラックミストストライク,闇,物理,45,100,30,
153,ヤンデリナ,闇,315,闇のちから,,9,MV_126,カースチェイン,闇,物理,45,100,32,
153,ヤンデリナ,闇,315,闇のちから,,9,MV_142,フライングキック,無,物理,45,100,33,
153,ヤンデリナ,闇,315,闇のちから,,9,MV_143,ブラントエッジ,無,物理,45,100,33,
153,ヤンデリナ,闇,315,闇のちから,,10,MVP_002,マッチレスブロー,無,物理,50,100,28,
153,ヤンデリナ,闇,315,闇のちから,,10,MVP_124,アイスリングパンチ,氷,物理,50,100,26,
153,ヤンデリナ,闇,315,闇のちから,,10,MVP_162,シャドウストライクフィスト,闇,物理,50,100,28,
153,ヤンデリナ,闇,315,闇のちから,,10,MVP_163,カースブローパンチ,闇,物理,50,100,28,
153,ヤンデリナ,闇,315,闇のちから,,10,MV_145,ラッシュスラスト,無,物理,50,100,33,
154,キンガゼル,地,340,地のおしえ,,3,air_cannon,エアーキャノン,無,特殊,15,100,42,
154,キンガゼル,地,340,地のおしえ,,3,mvn_012,クリムゾン,炎,特殊,15,85,36,
154,キンガゼル,地,340,地のおしえ,,4,MV_247,ファイアスフィア,炎,特殊,20,100,30,
154,キンガゼル,地,340,地のおしえ,,4,mvs_ground_atk_def,アーススタンス,地,変化,0,100,15,
154,キンガゼル,地,340,地のおしえ,,5,MV_160,クリティカルエイム,無,特殊,25,100,28,
154,キンガゼル,地,340,地のおしえ,,5,mvh_ground,ロックバラージブロー,地,物理,25,95,15,2〜5発
154,キンガゼル,地,340,地のおしえ,,6,MVP_001,ホワイトストライク,無,物理,30,100,30,
154,キンガゼル,地,340,地のおしえ,,6,MV_137,バックフィスト,無,物理,30,100,36,
154,キンガゼル,地,340,地のおしえ,,6,MV_234,ブレイズバレット,炎,特殊,30,95,30,
154,キンガゼル,地,340,地のおしえ,,6,mvn_003,ヴォイドエコー,無,特殊,30,90,32,
154,キンガゼル,地,340,地のおしえ,,7,MVP_021,クリムゾンストライク,炎,物理,35,100,30,
154,キンガゼル,地,340,地のおしえ,,7,MV_138,ダブルスラスト,無,物理,35,100,33,
154,キンガゼル,地,340,地のおしえ,,7,MV_139,テイルスイープ,無,物理,35,100,33,
154,キンガゼル,地,340,地のおしえ,,7,MV_233,シンダー,炎,物理,35,95,32,
154,キンガゼル,地,340,地のおしえ,,7,MV_256,ストーンペブル,地,物理,35,100,36,
154,キンガゼル,地,340,地のおしえ,,8,MVP_022,スコーチフィスト,炎,物理,40,100,28,
154,キンガゼル,地,340,地のおしえ,,8,MVP_023,フォスファーブロー,炎,物理,40,100,28,
154,キンガゼル,地,340,地のおしえ,,8,MVP_081,クロッドストライク,地,物理,40,100,30,
154,キンガゼル,地,340,地のおしえ,,8,MV_140,ヘッドバット,無,物理,40,100,33,
154,キンガゼル,地,340,地のおしえ,,8,MV_141,スピンタックル,無,物理,40,100,33,
154,キンガゼル,地,340,地のおしえ,,8,MV_260,ブラインドサンド,地,物理,40,100,32,
154,キンガゼル,地,340,地のおしえ,,9,MVP_024,ロースパンチ,炎,物理,45,100,26,
154,キンガゼル,地,340,地のおしえ,,9,MV_142,フライングキック,無,物理,45,100,33,
154,キンガゼル,地,340,地のおしえ,,9,MV_143,ブラントエッジ,無,物理,45,100,33,
154,キンガゼル,地,340,地のおしえ,,9,MV_236,フレイムクロー,炎,物理,45,95,26,
154,キンガゼル,地,340,地のおしえ,,9,MV_257,ロックバレット,地,物理,45,100,33,
154,キンガゼル,地,340,地のおしえ,,9,MV_259,サンドスプレー,地,物理,45,100,30,
154,キンガゼル,地,340,地のおしえ,,10,MVP_002,マッチレスブロー,無,物理,50,100,28,
154,キンガゼル,地,340,地のおしえ,,10,MVP_082,ベッドロックフィスト,地,物理,50,100,28,
154,キンガゼル,地,340,地のおしえ,,10,MVP_083,レイラインブロー,地,物理,50,100,28,
154,キンガゼル,地,340,地のおしえ,,10,MV_145,ラッシュスラスト,無,物理,50,100,33,
154,キンガゼル,地,340,地のおしえ,,10,MV_246,フレイムファング,炎,物理,50,95,26,
155,ワンフー,無,290,無のちから,ひらめきのよかん,3,mvn_078,ドラゴンファング,竜,特殊,15,100,36,
155,ワンフー,無,290,無のちから,ひらめきのよかん,4,mvs_neutral_atk_accuracy,マッチレスエイム,無,変化,0,100,15,
155,ワンフー,無,290,無のちから,ひらめきのよかん,6,MVP_001,ホワイトストライク,無,物理,30,100,30,
155,ワンフー,無,290,無のちから,ひらめきのよかん,6,MV_137,バックフィスト,無,物理,30,100,36,
155,ワンフー,無,290,無のちから,ひらめきのよかん,6,mvn_080,ドラゴンヴェインショット,竜,特殊,30,100,32,
155,ワンフー,無,290,無のちから,ひらめきのよかん,6,mvn_082,ドラゴンクロー,竜,特殊,30,100,28,
155,ワンフー,無,290,無のちから,ひらめきのよかん,7,MV_138,ダブルスラスト,無,物理,35,100,33,
155,ワンフー,無,290,無のちから,ひらめきのよかん,7,MV_139,テイルスイープ,無,物理,35,100,33,
155,ワンフー,無,290,無のちから,ひらめきのよかん,8,MV_140,ヘッドバット,無,物理,40,100,33,
155,ワンフー,無,290,無のちから,ひらめきのよかん,8,MV_141,スピンタックル,無,物理,40,100,33,
155,ワンフー,無,290,無のちから,ひらめきのよかん,9,MVP_141,ドラゴンファングストライク,竜,物理,45,100,30,
155,ワンフー,無,290,無のちから,ひらめきのよかん,9,MV_142,フライングキック,無,物理,45,100,33,
155,ワンフー,無,290,無のちから,ひらめきのよかん,9,MV_143,ブラントエッジ,無,物理,45,100,33,
155,ワンフー,無,290,無のちから,ひらめきのよかん,9,mvn_083,ドラゴンリング,竜,特殊,45,100,26,
155,ワンフー,無,290,無のちから,ひらめきのよかん,10,MVP_002,マッチレスブロー,無,物理,50,100,28,
155,ワンフー,無,290,無のちから,ひらめきのよかん,10,MVP_142,ドラゴンスケイルフィスト,竜,物理,50,100,28,
155,ワンフー,無,290,無のちから,ひらめきのよかん,10,MVP_143,ドラゴンヴェインブロー,竜,物理,50,100,28,
155,ワンフー,無,290,無のちから,ひらめきのよかん,10,mvs_ep_neutral,マッチレスピーク,無,変化,0,100,10,
155,ワンフー,無,290,無のちから,ひらめきのよかん,11,MVP_144,ドラゴンブレスパンチ,竜,物理,55,100,26,
155,ワンフー,無,290,無のちから,ひらめきのよかん,11,MV_116,ドラゴンファングスラスト,竜,物理,55,100,27,
155,ワンフー,無,290,無のちから,ひらめきのよかん,12,MVP_145,ドラゴンクロースラスト,竜,物理,60,100,21,
155,ワンフー,無,290,無のちから,ひらめきのよかん,12,MVP_146,ドラゴンリングフィスト,竜,物理,60,100,18,
155,ワンフー,無,290,無のちから,ひらめきのよかん,13,MVP_147,ドラゴンヴェールストライク,竜,物理,65,100,15,
155,ワンフー,無,290,無のちから,ひらめきのよかん,13,MV_112,ドラゴンクローコンボ,竜,物理,65,100,15,
155,ワンフー,無,290,無のちから,ひらめきのよかん,14,MVP_148,ドラゴンヴォイスブロー,竜,物理,70,90,11,
155,ワンフー,無,290,無のちから,ひらめきのよかん,14,MV_110,ツインドラゴンファング,竜,物理,70,95,13,
155,ワンフー,無,290,無のちから,ひらめきのよかん,15,MVP_149,ドラゴンピアスパンチ,竜,物理,75,90,11,
155,ワンフー,無,290,無のちから,ひらめきのよかん,15,MV_109,ドラゴンスケイルスラッシュ,竜,物理,75,100,9,
155,ワンフー,無,290,無のちから,ひらめきのよかん,16,MVP_150,ドラゴンフォスファーフィスト,竜,物理,80,100,6,
155,ワンフー,無,290,無のちから,ひらめきのよかん,16,MVP_151,ドラゴンハートストライク,竜,物理,80,90,8,
156,ドスコイヌ,地,310,地式,,1,MV_273,サンドダストスタンス,地,変化,0,100,15,
156,ドスコイヌ,地,310,地式,,3,air_cannon,エアーキャノン,無,特殊,15,100,42,
156,ドスコイヌ,地,310,地式,,3,mvn_012,クリムゾン,炎,特殊,15,85,36,
156,ドスコイヌ,地,310,地式,,4,MV_247,ファイアスフィア,炎,特殊,20,100,30,
156,ドスコイヌ,地,310,地式,,5,MV_160,クリティカルエイム,無,特殊,25,100,28,
156,ドスコイヌ,地,310,地式,,5,mvh_ground,ロックバラージブロー,地,物理,25,95,15,2〜5発
156,ドスコイヌ,地,310,地式,,6,MVP_001,ホワイトストライク,無,物理,30,100,30,
156,ドスコイヌ,地,310,地式,,6,MV_137,バックフィスト,無,物理,30,100,36,
156,ドスコイヌ,地,310,地式,,6,MV_234,ブレイズバレット,炎,特殊,30,95,30,
156,ドスコイヌ,地,310,地式,,6,mvn_003,ヴォイドエコー,無,特殊,30,90,32,
156,ドスコイヌ,地,310,地式,,7,MVP_021,クリムゾンストライク,炎,物理,35,100,30,
156,ドスコイヌ,地,310,地式,,7,MV_138,ダブルスラスト,無,物理,35,100,33,
156,ドスコイヌ,地,310,地式,,7,MV_139,テイルスイープ,無,物理,35,100,33,
156,ドスコイヌ,地,310,地式,,7,MV_233,シンダー,炎,物理,35,95,32,
156,ドスコイヌ,地,310,地式,,7,MV_256,ストーンペブル,地,物理,35,100,36,
156,ドスコイヌ,地,310,地式,,8,MVP_022,スコーチフィスト,炎,物理,40,100,28,
156,ドスコイヌ,地,310,地式,,8,MVP_023,フォスファーブロー,炎,物理,40,100,28,
156,ドスコイヌ,地,310,地式,,8,MVP_081,クロッドストライク,地,物理,40,100,30,
156,ドスコイヌ,地,310,地式,,8,MV_140,ヘッドバット,無,物理,40,100,33,
156,ドスコイヌ,地,310,地式,,8,MV_141,スピンタックル,無,物理,40,100,33,
156,ドスコイヌ,地,310,地式,,8,MV_260,ブラインドサンド,地,物理,40,100,32,
156,ドスコイヌ,地,310,地式,,9,MVP_024,ロースパンチ,炎,物理,45,100,26,
156,ドスコイヌ,地,310,地式,,9,MV_142,フライングキック,無,物理,45,100,33,
156,ドスコイヌ,地,310,地式,,9,MV_143,ブラントエッジ,無,物理,45,100,33,
156,ドスコイヌ,地,310,地式,,9,MV_236,フレイムクロー,炎,物理,45,95,26,
156,ドスコイヌ,地,310,地式,,9,MV_257,ロックバレット,地,物理,45,100,33,
156,ドスコイヌ,地,310,地式,,9,MV_259,サンドスプレー,地,物理,45,100,30,
156,ドスコイヌ,地,310,地式,,10,MVP_002,マッチレスブロー,無,物理,50,100,28,
156,ドスコイヌ,地,310,地式,,10,MVP_082,ベッドロックフィスト,地,物理,50,100,28,
156,ドスコイヌ,地,310,地式,,10,MVP_083,レイラインブロー,地,物理,50,100,28,
156,ドスコイヌ,地,310,地式,,10,MV_145,ラッシュスラスト,無,物理,50,100,33,
156,ドスコイヌ,地,310,地式,,10,MV_246,フレイムファング,炎,物理,50,95,26,
156,ドスコイヌ,地,310,地式,,10,MV_250,フレイムスラスト,炎,物理,50,100,27,
156,ドスコイヌ,地,310,地式,,10,mvs_ep_ground,アースコアピーク,地,変化,0,100,10,
157,セレスディア,無,330,無式,,3,mvn_012,クリムゾン,炎,特殊,15,85,36,
157,セレスディア,無,330,無式,,3,mvn_078,ドラゴンファング,竜,特殊,15,100,36,
157,セレスディア,無,330,無式,,4,MV_247,ファイアスフィア,炎,特殊,20,100,30,
157,セレスディア,無,330,無式,,4,mvs_neutral_atk_def,マッチレスガード,無,変化,0,100,15,
157,セレスディア,無,330,無式,,6,MVP_001,ホワイトストライク,無,物理,30,100,30,
157,セレスディア,無,330,無式,,6,MV_137,バックフィスト,無,物理,30,100,36,
157,セレスディア,無,330,無式,,6,MV_234,ブレイズバレット,炎,特殊,30,95,30,
157,セレスディア,無,330,無式,,6,mvn_080,ドラゴンヴェインショット,竜,特殊,30,100,32,
157,セレスディア,無,330,無式,,6,mvn_082,ドラゴンクロー,竜,特殊,30,100,28,
157,セレスディア,無,330,無式,,7,MVP_021,クリムゾンストライク,炎,物理,35,100,30,
157,セレスディア,無,330,無式,,7,MV_138,ダブルスラスト,無,物理,35,100,33,
157,セレスディア,無,330,無式,,7,MV_139,テイルスイープ,無,物理,35,100,33,
157,セレスディア,無,330,無式,,7,MV_233,シンダー,炎,物理,35,95,32,
157,セレスディア,無,330,無式,,8,MVP_022,スコーチフィスト,炎,物理,40,100,28,
157,セレスディア,無,330,無式,,8,MVP_023,フォスファーブロー,炎,物理,40,100,28,
157,セレスディア,無,330,無式,,8,MV_140,ヘッドバット,無,物理,40,100,33,
157,セレスディア,無,330,無式,,8,MV_141,スピンタックル,無,物理,40,100,33,
157,セレスディア,無,330,無式,,9,MVP_024,ロースパンチ,炎,物理,45,100,26,
157,セレスディア,無,330,無式,,9,MVP_141,ドラゴンファングストライク,竜,物理,45,100,30,
157,セレスディア,無,330,無式,,9,MV_142,フライングキック,無,物理,45,100,33,
157,セレスディア,無,330,無式,,9,MV_143,ブラントエッジ,無,物理,45,100,33,
157,セレスディア,無,330,無式,,9,MV_236,フレイムクロー,炎,物理,45,95,26,
157,セレスディア,無,330,無式,,10,MVP_002,マッチレスブロー,無,物理,50,100,28,
157,セレスディア,無,330,無式,,10,MVP_142,ドラゴンスケイルフィスト,竜,物理,50,100,28,
157,セレスディア,無,330,無式,,10,MVP_143,ドラゴンヴェインブロー,竜,物理,50,100,28,
157,セレスディア,無,330,無式,,10,MV_246,フレイムファング,炎,物理,50,95,26,
157,セレスディア,無,330,無式,,10,MV_250,フレイムスラスト,炎,物理,50,100,27,
157,セレスディア,無,330,無式,,11,MVP_144,ドラゴンブレスパンチ,竜,物理,55,100,26,
157,セレスディア,無,330,無式,,11,MV_116,ドラゴンファングスラスト,竜,物理,55,100,27,
157,セレスディア,無,330,無式,,11,MV_237,ブレイズスラッシュ,炎,物理,55,95,24,
157,セレスディア,無,330,無式,,11,MV_245,フレイムホイール,炎,物理,55,95,24,
157,セレスディア,無,330,無式,,12,MVP_025,シアリングスラスト,炎,物理,60,100,21,
157,セレスディア,無,330,無式,,12,MVP_145,ドラゴンクロースラスト,竜,物理,60,100,21,
157B,コスモディア,闇,335,こんとんのしゅくふく,,3,air_cannon,エアーキャノン,無,特殊,15,100,42,
157B,コスモディア,闇,335,こんとんのしゅくふく,,3,mvn_067,ホワイトアイス,氷,特殊,15,85,36,
157B,コスモディア,闇,335,こんとんのしゅくふく,,4,MV_122,カースウィスパー,闇,変化,0,100,15,
157B,コスモディア,闇,335,こんとんのしゅくふく,,5,MV_160,クリティカルエイム,無,特殊,25,100,28,
157B,コスモディア,闇,335,こんとんのしゅくふく,,5,mvh_dark,シャドウバラージ,闇,物理,25,95,15,2〜5発
157B,コスモディア,闇,335,こんとんのしゅくふく,,6,MVP_001,ホワイトストライク,無,物理,30,100,30,
157B,コスモディア,闇,335,こんとんのしゅくふく,,6,MV_137,バックフィスト,無,物理,30,100,36,
157B,コスモディア,闇,335,こんとんのしゅくふく,,6,MV_205,フロストネット,氷,特殊,30,95,28,
157B,コスモディア,闇,335,こんとんのしゅくふく,,6,ice_cutter,アイスカッター,氷,特殊,30,100,33,
157B,コスモディア,闇,335,こんとんのしゅくふく,,6,mvn_003,ヴォイドエコー,無,特殊,30,90,32,
157B,コスモディア,闇,335,こんとんのしゅくふく,,7,MV_121,シャドウピアス,闇,物理,35,100,34,
157B,コスモディア,闇,335,こんとんのしゅくふく,,7,MV_123,ダスクブレード,闇,物理,35,100,32,
157B,コスモディア,闇,335,こんとんのしゅくふく,,7,MV_138,ダブルスラスト,無,物理,35,100,33,
157B,コスモディア,闇,335,こんとんのしゅくふく,,7,MV_139,テイルスイープ,無,物理,35,100,33,
157B,コスモディア,闇,335,こんとんのしゅくふく,,7,MV_187,アイスペブル,氷,物理,35,100,36,
157B,コスモディア,闇,335,こんとんのしゅくふく,,7,mvh_ice,トリプルアイスブレード,氷,物理,35,90,10,3発(発ごと命中)
157B,コスモディア,闇,335,こんとんのしゅくふく,,8,MVP_121,ホワイトアイスストライク,氷,物理,40,100,30,
157B,コスモディア,闇,335,こんとんのしゅくふく,,8,MV_124,シャドウステッチ,闇,物理,40,100,32,
157B,コスモディア,闇,335,こんとんのしゅくふく,,8,MV_125,ダークウェッジ,闇,物理,40,100,32,
157B,コスモディア,闇,335,こんとんのしゅくふく,,8,MV_140,ヘッドバット,無,物理,40,100,33,
157B,コスモディア,闇,335,こんとんのしゅくふく,,8,MV_141,スピンタックル,無,物理,40,100,33,
157B,コスモディア,闇,335,こんとんのしゅくふく,,8,MV_188,アイスブレード,氷,物理,40,100,33,
157B,コスモディア,闇,335,こんとんのしゅくふく,,9,MVP_122,フリーズフィスト,氷,物理,45,100,28,
157B,コスモディア,闇,335,こんとんのしゅくふく,,9,MVP_123,フロストストライクブロー,氷,物理,45,100,28,
157B,コスモディア,闇,335,こんとんのしゅくふく,,9,MVP_161,ブラックミストストライク,闇,物理,45,100,30,
157B,コスモディア,闇,335,こんとんのしゅくふく,,9,MV_126,カースチェイン,闇,物理,45,100,32,
157B,コスモディア,闇,335,こんとんのしゅくふく,,9,MV_142,フライングキック,無,物理,45,100,33,
157B,コスモディア,闇,335,こんとんのしゅくふく,,9,MV_143,ブラントエッジ,無,物理,45,100,33,
157B,コスモディア,闇,335,こんとんのしゅくふく,,10,MVP_002,マッチレスブロー,無,物理,50,100,28,
157B,コスモディア,闇,335,こんとんのしゅくふく,,10,MVP_124,アイスリングパンチ,氷,物理,50,100,26,
157B,コスモディア,闇,335,こんとんのしゅくふく,,10,MVP_162,シャドウストライクフィスト,闇,物理,50,100,28,
157B,コスモディア,闇,335,こんとんのしゅくふく,,10,MVP_163,カースブローパンチ,闇,物理,50,100,28,
158,ジオラーヴァ,竜/闇,350,竜のちから,飛行,3,air_cannon,エアーキャノン,無,特殊,15,100,42,
158,ジオラーヴァ,竜/闇,350,竜のちから,飛行,3,mvn_012,クリムゾン,炎,特殊,15,85,36,
158,ジオラーヴァ,竜/闇,350,竜のちから,飛行,3,mvn_067,ホワイトアイス,氷,特殊,15,85,36,
158,ジオラーヴァ,竜/闇,350,竜のちから,飛行,4,MV_247,ファイアスフィア,炎,特殊,20,100,30,
158,ジオラーヴァ,竜/闇,350,竜のちから,飛行,4,mvs_dark_accuracy_evasion,ダークナイトアイ,闇,変化,0,100,15,
158,ジオラーヴァ,竜/闇,350,竜のちから,飛行,4,mvs_dark_def_crit,ダークナイトアーマー,闇,変化,0,100,15,
158,ジオラーヴァ,竜/闇,350,竜のちから,飛行,5,MV_160,クリティカルエイム,無,特殊,25,100,28,
158,ジオラーヴァ,竜/闇,350,竜のちから,飛行,5,mvh_dark,シャドウバラージ,闇,物理,25,95,15,2〜5発
158,ジオラーヴァ,竜/闇,350,竜のちから,飛行,6,MVP_001,ホワイトストライク,無,物理,30,100,30,
158,ジオラーヴァ,竜/闇,350,竜のちから,飛行,6,MV_137,バックフィスト,無,物理,30,100,36,
158,ジオラーヴァ,竜/闇,350,竜のちから,飛行,7,MVP_021,クリムゾンストライク,炎,物理,35,100,30,
158,ジオラーヴァ,竜/闇,350,竜のちから,飛行,7,MV_121,シャドウピアス,闇,物理,35,100,34,
158,ジオラーヴァ,竜/闇,350,竜のちから,飛行,7,MV_123,ダスクブレード,闇,物理,35,100,32,
158,ジオラーヴァ,竜/闇,350,竜のちから,飛行,7,MV_138,ダブルスラスト,無,物理,35,100,33,
158,ジオラーヴァ,竜/闇,350,竜のちから,飛行,7,MV_139,テイルスイープ,無,物理,35,100,33,
158,ジオラーヴァ,竜/闇,350,竜のちから,飛行,7,MV_187,アイスペブル,氷,物理,35,100,36,
158,ジオラーヴァ,竜/闇,350,竜のちから,飛行,7,MV_233,シンダー,炎,物理,35,95,32,
158,ジオラーヴァ,竜/闇,350,竜のちから,飛行,7,mvh_ice,トリプルアイスブレード,氷,物理,35,90,10,3発(発ごと命中)
158,ジオラーヴァ,竜/闇,350,竜のちから,飛行,8,MVP_022,スコーチフィスト,炎,物理,40,100,28,
158,ジオラーヴァ,竜/闇,350,竜のちから,飛行,8,MVP_023,フォスファーブロー,炎,物理,40,100,28,
158,ジオラーヴァ,竜/闇,350,竜のちから,飛行,8,MVP_121,ホワイトアイスストライク,氷,物理,40,100,30,
158,ジオラーヴァ,竜/闇,350,竜のちから,飛行,8,MV_124,シャドウステッチ,闇,物理,40,100,32,
158,ジオラーヴァ,竜/闇,350,竜のちから,飛行,8,MV_125,ダークウェッジ,闇,物理,40,100,32,
158,ジオラーヴァ,竜/闇,350,竜のちから,飛行,8,MV_140,ヘッドバット,無,物理,40,100,33,
158,ジオラーヴァ,竜/闇,350,竜のちから,飛行,8,MV_141,スピンタックル,無,物理,40,100,33,
158,ジオラーヴァ,竜/闇,350,竜のちから,飛行,8,MV_188,アイスブレード,氷,物理,40,100,33,
158,ジオラーヴァ,竜/闇,350,竜のちから,飛行,9,MVP_024,ロースパンチ,炎,物理,45,100,26,
158,ジオラーヴァ,竜/闇,350,竜のちから,飛行,9,MVP_122,フリーズフィスト,氷,物理,45,100,28,
158,ジオラーヴァ,竜/闇,350,竜のちから,飛行,9,MVP_123,フロストストライクブロー,氷,物理,45,100,28,
158,ジオラーヴァ,竜/闇,350,竜のちから,飛行,9,MVP_141,ドラゴンファングストライク,竜,物理,45,100,30,
158,ジオラーヴァ,竜/闇,350,竜のちから,飛行,9,MVP_161,ブラックミストストライク,闇,物理,45,100,30,
159,テラナイト,地,350,ガーディアンモード,,3,air_cannon,エアーキャノン,無,特殊,15,100,42,
159,テラナイト,地,350,ガーディアンモード,,3,mvn_012,クリムゾン,炎,特殊,15,85,36,
159,テラナイト,地,350,ガーディアンモード,,4,MV_247,ファイアスフィア,炎,特殊,20,100,30,
159,テラナイト,地,350,ガーディアンモード,,5,MV_160,クリティカルエイム,無,特殊,25,100,28,
159,テラナイト,地,350,ガーディアンモード,,5,mvh_ground,ロックバラージブロー,地,物理,25,95,15,2〜5発
159,テラナイト,地,350,ガーディアンモード,,6,MVP_001,ホワイトストライク,無,物理,30,100,30,
159,テラナイト,地,350,ガーディアンモード,,6,MV_137,バックフィスト,無,物理,30,100,36,
159,テラナイト,地,350,ガーディアンモード,,6,MV_234,ブレイズバレット,炎,特殊,30,95,30,
159,テラナイト,地,350,ガーディアンモード,,6,mvn_003,ヴォイドエコー,無,特殊,30,90,32,
159,テラナイト,地,350,ガーディアンモード,,7,MVP_021,クリムゾンストライク,炎,物理,35,100,30,
159,テラナイト,地,350,ガーディアンモード,,7,MV_138,ダブルスラスト,無,物理,35,100,33,
159,テラナイト,地,350,ガーディアンモード,,7,MV_139,テイルスイープ,無,物理,35,100,33,
159,テラナイト,地,350,ガーディアンモード,,7,MV_233,シンダー,炎,物理,35,95,32,
159,テラナイト,地,350,ガーディアンモード,,7,MV_256,ストーンペブル,地,物理,35,100,36,
159,テラナイト,地,350,ガーディアンモード,,7,mvw_sandstorm,サンドストーム,地,変化,0,100,16,
159,テラナイト,地,350,ガーディアンモード,,8,MVP_022,スコーチフィスト,炎,物理,40,100,28,
159,テラナイト,地,350,ガーディアンモード,,8,MVP_023,フォスファーブロー,炎,物理,40,100,28,
159,テラナイト,地,350,ガーディアンモード,,8,MVP_081,クロッドストライク,地,物理,40,100,30,
159,テラナイト,地,350,ガーディアンモード,,8,MV_140,ヘッドバット,無,物理,40,100,33,
159,テラナイト,地,350,ガーディアンモード,,8,MV_141,スピンタックル,無,物理,40,100,33,
159,テラナイト,地,350,ガーディアンモード,,8,MV_260,ブラインドサンド,地,物理,40,100,32,
159,テラナイト,地,350,ガーディアンモード,,9,MVP_024,ロースパンチ,炎,物理,45,100,26,
159,テラナイト,地,350,ガーディアンモード,,9,MV_142,フライングキック,無,物理,45,100,33,
159,テラナイト,地,350,ガーディアンモード,,9,MV_143,ブラントエッジ,無,物理,45,100,33,
159,テラナイト,地,350,ガーディアンモード,,9,MV_236,フレイムクロー,炎,物理,45,95,26,
159,テラナイト,地,350,ガーディアンモード,,9,MV_257,ロックバレット,地,物理,45,100,33,
159,テラナイト,地,350,ガーディアンモード,,9,MV_259,サンドスプレー,地,物理,45,100,30,
159,テラナイト,地,350,ガーディアンモード,,10,MVP_002,マッチレスブロー,無,物理,50,100,28,
159,テラナイト,地,350,ガーディアンモード,,10,MVP_082,ベッドロックフィスト,地,物理,50,100,28,
159,テラナイト,地,350,ガーディアンモード,,10,MVP_083,レイラインブロー,地,物理,50,100,28,
159,テラナイト,地,350,ガーディアンモード,,10,MV_145,ラッシュスラスト,無,物理,50,100,33,
159B,マグナイト,炎,355,ガーディアンモード,放熱器官,3,air_cannon,エアーキャノン,無,特殊,15,100,42,
159B,マグナイト,炎,355,ガーディアンモード,放熱器官,3,mvn_034,バイオレットボルト,雷,特殊,15,85,36,
159B,マグナイト,炎,355,ガーディアンモード,放熱器官,5,MV_160,クリティカルエイム,無,特殊,25,100,28,
159B,マグナイト,炎,355,ガーディアンモード,放熱器官,5,MV_185,ボルトライトバレット,雷,特殊,25,100,33,
159B,マグナイト,炎,355,ガーディアンモード,放熱器官,6,MVP_001,ホワイトストライク,無,物理,30,100,30,
159B,マグナイト,炎,355,ガーディアンモード,放熱器官,6,MV_137,バックフィスト,無,物理,30,100,36,
159B,マグナイト,炎,355,ガーディアンモード,放熱器官,6,mvn_003,ヴォイドエコー,無,特殊,30,90,32,
159B,マグナイト,炎,355,ガーディアンモード,放熱器官,6,mvn_004,ベアストライク,無,特殊,30,90,30,
159B,マグナイト,炎,355,ガーディアンモード,放熱器官,7,MVP_021,クリムゾンストライク,炎,物理,35,100,30,
159B,マグナイト,炎,355,ガーディアンモード,放熱器官,7,MV_138,ダブルスラスト,無,物理,35,100,33,
159B,マグナイト,炎,355,ガーディアンモード,放熱器官,7,MV_139,テイルスイープ,無,物理,35,100,33,
159B,マグナイト,炎,355,ガーディアンモード,放熱器官,7,MV_233,シンダー,炎,物理,35,95,32,
159B,マグナイト,炎,355,ガーディアンモード,放熱器官,7,mvh_electric,トリプルボルトストライク,雷,物理,35,90,10,3発(発ごと命中)
159B,マグナイト,炎,355,ガーディアンモード,放熱器官,7,mvw_sunny,サンライトソング,炎,変化,0,100,16,
159B,マグナイト,炎,355,ガーディアンモード,放熱器官,8,MVP_022,スコーチフィスト,炎,物理,40,100,28,
159B,マグナイト,炎,355,ガーディアンモード,放熱器官,8,MVP_023,フォスファーブロー,炎,物理,40,100,28,
159B,マグナイト,炎,355,ガーディアンモード,放熱器官,8,MVP_061,バイオレットボルトストライク,雷,物理,40,100,30,
159B,マグナイト,炎,355,ガーディアンモード,放熱器官,8,MVP_062,サンダーロアフィスト,雷,物理,40,100,28,
159B,マグナイト,炎,355,ガーディアンモード,放熱器官,8,MV_140,ヘッドバット,無,物理,40,100,33,
159B,マグナイト,炎,355,ガーディアンモード,放熱器官,8,MV_141,スピンタックル,無,物理,40,100,33,
159B,マグナイト,炎,355,ガーディアンモード,放熱器官,9,MVP_024,ロースパンチ,炎,物理,45,100,26,
159B,マグナイト,炎,355,ガーディアンモード,放熱器官,9,MVP_063,フラッシュボルトブロー,雷,物理,45,100,28,
159B,マグナイト,炎,355,ガーディアンモード,放熱器官,9,MV_142,フライングキック,無,物理,45,100,33,
159B,マグナイト,炎,355,ガーディアンモード,放熱器官,9,MV_143,ブラントエッジ,無,物理,45,100,33,
159B,マグナイト,炎,355,ガーディアンモード,放熱器官,9,MV_168,スパークボルト,雷,物理,45,95,28,
159B,マグナイト,炎,355,ガーディアンモード,放熱器官,9,MV_236,フレイムクロー,炎,物理,45,95,26,
159B,マグナイト,炎,355,ガーディアンモード,放熱器官,10,MVP_002,マッチレスブロー,無,物理,50,100,28,
159B,マグナイト,炎,355,ガーディアンモード,放熱器官,10,MVP_064,ボルトチャージパンチ,雷,物理,50,100,26,
159B,マグナイト,炎,355,ガーディアンモード,放熱器官,10,MV_145,ラッシュスラスト,無,物理,50,100,33,
159B,マグナイト,炎,355,ガーディアンモード,放熱器官,10,MV_182,ショックスティング,雷,物理,50,100,30,
159B,マグナイト,炎,355,ガーディアンモード,放熱器官,10,MV_246,フレイムファング,炎,物理,50,95,26,
160,アイギルガ,竜,345,きょうじんなからだ,,3,air_cannon,エアーキャノン,無,特殊,15,100,42,
160,アイギルガ,竜,345,きょうじんなからだ,,3,mvn_012,クリムゾン,炎,特殊,15,85,36,
160,アイギルガ,竜,345,きょうじんなからだ,,4,MV_247,ファイアスフィア,炎,特殊,20,100,30,
160,アイギルガ,竜,345,きょうじんなからだ,,5,MV_160,クリティカルエイム,無,特殊,25,100,28,
160,アイギルガ,竜,345,きょうじんなからだ,,6,MVP_001,ホワイトストライク,無,物理,30,100,30,
160,アイギルガ,竜,345,きょうじんなからだ,,6,MV_137,バックフィスト,無,物理,30,100,36,
160,アイギルガ,竜,345,きょうじんなからだ,,6,MV_234,ブレイズバレット,炎,特殊,30,95,30,
160,アイギルガ,竜,345,きょうじんなからだ,,6,mvn_003,ヴォイドエコー,無,特殊,30,90,32,
160,アイギルガ,竜,345,きょうじんなからだ,,7,MVP_021,クリムゾンストライク,炎,物理,35,100,30,
160,アイギルガ,竜,345,きょうじんなからだ,,7,MV_138,ダブルスラスト,無,物理,35,100,33,
160,アイギルガ,竜,345,きょうじんなからだ,,7,MV_139,テイルスイープ,無,物理,35,100,33,
160,アイギルガ,竜,345,きょうじんなからだ,,7,MV_233,シンダー,炎,物理,35,95,32,
160,アイギルガ,竜,345,きょうじんなからだ,,8,MVP_022,スコーチフィスト,炎,物理,40,100,28,
160,アイギルガ,竜,345,きょうじんなからだ,,8,MVP_023,フォスファーブロー,炎,物理,40,100,28,
160,アイギルガ,竜,345,きょうじんなからだ,,8,MV_140,ヘッドバット,無,物理,40,100,33,
160,アイギルガ,竜,345,きょうじんなからだ,,8,MV_141,スピンタックル,無,物理,40,100,33,
160,アイギルガ,竜,345,きょうじんなからだ,,9,MVP_024,ロースパンチ,炎,物理,45,100,26,
160,アイギルガ,竜,345,きょうじんなからだ,,9,MVP_141,ドラゴンファングストライク,竜,物理,45,100,30,
160,アイギルガ,竜,345,きょうじんなからだ,,9,MV_142,フライングキック,無,物理,45,100,33,
160,アイギルガ,竜,345,きょうじんなからだ,,9,MV_143,ブラントエッジ,無,物理,45,100,33,
160,アイギルガ,竜,345,きょうじんなからだ,,9,MV_236,フレイムクロー,炎,物理,45,95,26,
160,アイギルガ,竜,345,きょうじんなからだ,,10,MVP_002,マッチレスブロー,無,物理,50,100,28,
160,アイギルガ,竜,345,きょうじんなからだ,,10,MVP_142,ドラゴンスケイルフィスト,竜,物理,50,100,28,
160,アイギルガ,竜,345,きょうじんなからだ,,10,MVP_143,ドラゴンヴェインブロー,竜,物理,50,100,28,
160,アイギルガ,竜,345,きょうじんなからだ,,10,MV_145,ラッシュスラスト,無,物理,50,100,33,
160,アイギルガ,竜,345,きょうじんなからだ,,10,MV_246,フレイムファング,炎,物理,50,95,26,
160,アイギルガ,竜,345,きょうじんなからだ,,10,MV_250,フレイムスラスト,炎,物理,50,100,27,
160,アイギルガ,竜,345,きょうじんなからだ,,10,mvs_ep_dragon,ドラゴンハートピーク,竜,変化,0,100,10,
160,アイギルガ,竜,345,きょうじんなからだ,,11,MVP_003,ヴォイドクラッシュ,無,物理,55,100,28,
160,アイギルガ,竜,345,きょうじんなからだ,,11,MVP_144,ドラゴンブレスパンチ,竜,物理,55,100,26,
160,アイギルガ,竜,345,きょうじんなからだ,,11,MV_116,ドラゴンファングスラスト,竜,物理,55,100,27,
160,アイギルガ,竜,345,きょうじんなからだ,,11,MV_144,クラッシュブロー,無,物理,55,100,30,
161,オーマサンダ,雷,360,雷式,ひらめきのよかん,3,air_cannon,エアーキャノン,無,特殊,15,100,42,
161,オーマサンダ,雷,360,雷式,ひらめきのよかん,3,mvn_056,グリーンリーフ,草,特殊,15,100,36,
161,オーマサンダ,雷,360,雷式,ひらめきのよかん,5,MV_160,クリティカルエイム,無,特殊,25,100,28,
161,オーマサンダ,雷,360,雷式,ひらめきのよかん,5,MV_285,グラスノット,草,特殊,25,100,28,
161,オーマサンダ,雷,360,雷式,ひらめきのよかん,5,mvn_060,グラスリング,草,特殊,25,100,28,
161,オーマサンダ,雷,360,雷式,ひらめきのよかん,6,MVP_001,ホワイトストライク,無,物理,30,100,30,
161,オーマサンダ,雷,360,雷式,ひらめきのよかん,6,MV_137,バックフィスト,無,物理,30,100,36,
161,オーマサンダ,雷,360,雷式,ひらめきのよかん,6,mvn_003,ヴォイドエコー,無,特殊,30,90,32,
161,オーマサンダ,雷,360,雷式,ひらめきのよかん,7,MV_138,ダブルスラスト,無,物理,35,100,33,
161,オーマサンダ,雷,360,雷式,ひらめきのよかん,7,MV_139,テイルスイープ,無,物理,35,100,33,
161,オーマサンダ,雷,360,雷式,ひらめきのよかん,7,MV_281,リーフブレード,草,物理,35,100,36,
161,オーマサンダ,雷,360,雷式,ひらめきのよかん,7,mvh_electric,トリプルボルトストライク,雷,物理,35,90,10,3発(発ごと命中)
161,オーマサンダ,雷,360,雷式,ひらめきのよかん,8,MVP_061,バイオレットボルトストライク,雷,物理,40,100,30,
161,オーマサンダ,雷,360,雷式,ひらめきのよかん,8,MVP_062,サンダーロアフィスト,雷,物理,40,100,28,
161,オーマサンダ,雷,360,雷式,ひらめきのよかん,8,MVP_101,グリーンリーフストライク,草,物理,40,100,30,
161,オーマサンダ,雷,360,雷式,ひらめきのよかん,8,MV_140,ヘッドバット,無,物理,40,100,33,
161,オーマサンダ,雷,360,雷式,ひらめきのよかん,8,MV_141,スピンタックル,無,物理,40,100,33,
161,オーマサンダ,雷,360,雷式,ひらめきのよかん,8,MV_282,シードショット,草,物理,40,100,33,
161,オーマサンダ,雷,360,雷式,ひらめきのよかん,9,MVP_063,フラッシュボルトブロー,雷,物理,45,100,28,
161,オーマサンダ,雷,360,雷式,ひらめきのよかん,9,MVP_102,アイビーストライクフィスト,草,物理,45,100,28,
161,オーマサンダ,雷,360,雷式,ひらめきのよかん,9,MV_142,フライングキック,無,物理,45,100,33,
161,オーマサンダ,雷,360,雷式,ひらめきのよかん,9,MV_143,ブラントエッジ,無,物理,45,100,33,
161,オーマサンダ,雷,360,雷式,ひらめきのよかん,9,MV_168,スパークボルト,雷,物理,45,95,28,
161,オーマサンダ,雷,360,雷式,ひらめきのよかん,9,MV_283,ヴァインウィップ,草,物理,45,100,33,
161,オーマサンダ,雷,360,雷式,ひらめきのよかん,10,MVP_002,マッチレスブロー,無,物理,50,100,28,
161,オーマサンダ,雷,360,雷式,ひらめきのよかん,10,MVP_064,ボルトチャージパンチ,雷,物理,50,100,26,
161,オーマサンダ,雷,360,雷式,ひらめきのよかん,10,MVP_103,リーフヴェインブロー,草,物理,50,100,28,
161,オーマサンダ,雷,360,雷式,ひらめきのよかん,10,MVP_104,フレッシュリーフパンチ,草,物理,50,100,26,
161,オーマサンダ,雷,360,雷式,ひらめきのよかん,10,MV_145,ラッシュスラスト,無,物理,50,100,33,
161,オーマサンダ,雷,360,雷式,ひらめきのよかん,10,MV_182,ショックスティング,雷,物理,50,100,30,
161,オーマサンダ,雷,360,雷式,ひらめきのよかん,10,mvs_ep_electric,サンダーロアピーク,雷,変化,0,100,10,
162,ニャルル,無,225,無のちから,,3,mvn_078,ドラゴンファング,竜,特殊,15,100,36,
162,ニャルル,無,225,無のちから,,4,mvs_neutral_atk_accuracy,マッチレスエイム,無,変化,0,100,15,
162,ニャルル,無,225,無のちから,,4,mvs_neutral_atk_def,マッチレスガード,無,変化,0,100,15,
162,ニャルル,無,225,無のちから,,6,MVP_001,ホワイトストライク,無,物理,30,100,30,
162,ニャルル,無,225,無のちから,,6,MV_137,バックフィスト,無,物理,30,100,36,
162,ニャルル,無,225,無のちから,,6,mvn_080,ドラゴンヴェインショット,竜,特殊,30,100,32,
162,ニャルル,無,225,無のちから,,6,mvn_082,ドラゴンクロー,竜,特殊,30,100,28,
162,ニャルル,無,225,無のちから,,7,MV_138,ダブルスラスト,無,物理,35,100,33,
162,ニャルル,無,225,無のちから,,7,MV_139,テイルスイープ,無,物理,35,100,33,
162,ニャルル,無,225,無のちから,,8,MV_140,ヘッドバット,無,物理,40,100,33,
162,ニャルル,無,225,無のちから,,8,MV_141,スピンタックル,無,物理,40,100,33,
162,ニャルル,無,225,無のちから,,9,MVP_141,ドラゴンファングストライク,竜,物理,45,100,30,
162,ニャルル,無,225,無のちから,,9,MV_142,フライングキック,無,物理,45,100,33,
162,ニャルル,無,225,無のちから,,9,MV_143,ブラントエッジ,無,物理,45,100,33,
162,ニャルル,無,225,無のちから,,9,mvn_083,ドラゴンリング,竜,特殊,45,100,26,
162,ニャルル,無,225,無のちから,,10,MVP_002,マッチレスブロー,無,物理,50,100,28,
162,ニャルル,無,225,無のちから,,10,MVP_142,ドラゴンスケイルフィスト,竜,物理,50,100,28,
162,ニャルル,無,225,無のちから,,10,MVP_143,ドラゴンヴェインブロー,竜,物理,50,100,28,
162,ニャルル,無,225,無のちから,,10,MV_145,ラッシュスラスト,無,物理,50,100,33,
162,ニャルル,無,225,無のちから,,11,MVP_144,ドラゴンブレスパンチ,竜,物理,55,100,26,
162,ニャルル,無,225,無のちから,,11,MV_116,ドラゴンファングスラスト,竜,物理,55,100,27,
162,ニャルル,無,225,無のちから,,12,MVP_145,ドラゴンクロースラスト,竜,物理,60,100,21,
162,ニャルル,無,225,無のちから,,12,MVP_146,ドラゴンリングフィスト,竜,物理,60,100,18,
162,ニャルル,無,225,無のちから,,13,MVP_147,ドラゴンヴェールストライク,竜,物理,65,100,15,
162,ニャルル,無,225,無のちから,,13,MV_112,ドラゴンクローコンボ,竜,物理,65,100,15,
162,ニャルル,無,225,無のちから,,14,MVP_148,ドラゴンヴォイスブロー,竜,物理,70,90,11,
162,ニャルル,無,225,無のちから,,14,MV_110,ツインドラゴンファング,竜,物理,70,95,13,
162,ニャルル,無,225,無のちから,,15,MVP_149,ドラゴンピアスパンチ,竜,物理,75,90,11,
162,ニャルル,無,225,無のちから,,15,MV_109,ドラゴンスケイルスラッシュ,竜,物理,75,100,9,
162,ニャルル,無,225,無のちから,,16,MVP_150,ドラゴンフォスファーフィスト,竜,物理,80,100,6,
162,ニャルル,無,225,無のちから,,16,MVP_151,ドラゴンハートストライク,竜,物理,80,90,8,
163,デンツム,雷,210,バッテリー,,1,MV_177,チャージアップ,雷,変化,0,100,15,
163,デンツム,雷,210,バッテリー,,1,MV_178,マグネティックバリア,雷,変化,0,100,15,
163,デンツム,雷,210,バッテリー,,3,mvn_056,グリーンリーフ,草,特殊,15,100,36,
163,デンツム,雷,210,バッテリー,,5,MV_285,グラスノット,草,特殊,25,100,28,
163,デンツム,雷,210,バッテリー,,5,mvn_060,グラスリング,草,特殊,25,100,28,
163,デンツム,雷,210,バッテリー,,6,mvn_059,フレッシュリーフ,草,特殊,30,100,30,
163,デンツム,雷,210,バッテリー,,7,MV_281,リーフブレード,草,物理,35,100,36,
163,デンツム,雷,210,バッテリー,,7,mvh_electric,トリプルボルトストライク,雷,物理,35,90,10,3発(発ごと命中)
163,デンツム,雷,210,バッテリー,,8,MVP_061,バイオレットボルトストライク,雷,物理,40,100,30,
163,デンツム,雷,210,バッテリー,,8,MVP_062,サンダーロアフィスト,雷,物理,40,100,28,
163,デンツム,雷,210,バッテリー,,8,MVP_101,グリーンリーフストライク,草,物理,40,100,30,
163,デンツム,雷,210,バッテリー,,8,MV_282,シードショット,草,物理,40,100,33,
163,デンツム,雷,210,バッテリー,,9,MVP_063,フラッシュボルトブロー,雷,物理,45,100,28,
163,デンツム,雷,210,バッテリー,,9,MVP_102,アイビーストライクフィスト,草,物理,45,100,28,
163,デンツム,雷,210,バッテリー,,9,MV_168,スパークボルト,雷,物理,45,95,28,
163,デンツム,雷,210,バッテリー,,9,MV_283,ヴァインウィップ,草,物理,45,100,33,
163,デンツム,雷,210,バッテリー,,9,mvn_061,ヴァーダントリーフ,草,特殊,45,100,26,
163,デンツム,雷,210,バッテリー,,9,spine_vine,スパインヴァイン,草,特殊,45,100,21,
163,デンツム,雷,210,バッテリー,,10,MVP_064,ボルトチャージパンチ,雷,物理,50,100,26,
163,デンツム,雷,210,バッテリー,,10,MVP_103,リーフヴェインブロー,草,物理,50,100,28,
163,デンツム,雷,210,バッテリー,,10,MVP_104,フレッシュリーフパンチ,草,物理,50,100,26,
163,デンツム,雷,210,バッテリー,,10,MV_182,ショックスティング,雷,物理,50,100,30,
163,デンツム,雷,210,バッテリー,,11,MV_183,ライトニングスラスト,雷,物理,55,100,27,
163,デンツム,雷,210,バッテリー,,11,MV_287,アイビーバインド,草,物理,55,100,27,
163,デンツム,雷,210,バッテリー,,11,MV_288,ソーンウィップ,草,物理,55,100,24,
163,デンツム,雷,210,バッテリー,,12,MVP_065,スイフトボルトスラスト,雷,物理,60,100,21,
163,デンツム,雷,210,バッテリー,,12,MVP_105,グラスリングスラスト,草,物理,60,100,21,
163,デンツム,雷,210,バッテリー,,12,MV_170,ディスチャージ,雷,物理,60,95,24,
163,デンツム,雷,210,バッテリー,,12,MV_296,ブライアウィップ,草,物理,60,100,21,
163,デンツム,雷,210,バッテリー,,13,MVP_106,ヴァーダントリーフフィスト,草,物理,65,100,18,
163,デンツム,雷,210,バッテリー,,13,MVP_107,リーフスウォームストライク,草,物理,65,100,15,
163,デンツム,雷,210,バッテリー,,14,MV_289,パワーウィップ,草,物理,70,100,12,
163,デンツム,雷,210,バッテリー,,14,MV_297,ティンバーストライク,草,物理,70,100,15,
163,デンツム,雷,210,バッテリー,,15,MVP_108,グラスヴェールブロー,草,物理,75,90,11,
163,デンツム,雷,210,バッテリー,,15,MVP_109,ヴァインブローパンチ,草,物理,75,90,11,
163,デンツム,雷,210,バッテリー,,16,MVP_110,グリーンアレイフィスト,草,物理,80,100,6,
163,デンツム,雷,210,バッテリー,,16,MVP_111,リーフハイドストライク,草,物理,80,90,8,
163B,ドンツム,雷/地,215,雷のちから,,1,MV_176,ボルトルアー,雷,変化,0,100,15,
163B,ドンツム,雷/地,215,雷のちから,,1,MV_177,チャージアップ,雷,変化,0,100,15,
163B,ドンツム,雷/地,215,雷のちから,,3,mvn_012,クリムゾン,炎,特殊,15,85,36,
163B,ドンツム,雷/地,215,雷のちから,,3,mvn_056,グリーンリーフ,草,特殊,15,100,36,
163B,ドンツム,雷/地,215,雷のちから,,4,MV_247,ファイアスフィア,炎,特殊,20,100,30,
163B,ドンツム,雷/地,215,雷のちから,,5,MV_285,グラスノット,草,特殊,25,100,28,
163B,ドンツム,雷/地,215,雷のちから,,5,mvh_ground,ロックバラージブロー,地,物理,25,95,15,2〜5発
163B,ドンツム,雷/地,215,雷のちから,,5,mvn_060,グラスリング,草,特殊,25,100,28,
163B,ドンツム,雷/地,215,雷のちから,,6,MV_234,ブレイズバレット,炎,特殊,30,95,30,
163B,ドンツム,雷/地,215,雷のちから,,6,mvn_059,フレッシュリーフ,草,特殊,30,100,30,
163B,ドンツム,雷/地,215,雷のちから,,7,MVP_021,クリムゾンストライク,炎,物理,35,100,30,
163B,ドンツム,雷/地,215,雷のちから,,7,MV_233,シンダー,炎,物理,35,95,32,
163B,ドンツム,雷/地,215,雷のちから,,7,MV_256,ストーンペブル,地,物理,35,100,36,
163B,ドンツム,雷/地,215,雷のちから,,7,MV_281,リーフブレード,草,物理,35,100,36,
163B,ドンツム,雷/地,215,雷のちから,,7,mvh_electric,トリプルボルトストライク,雷,物理,35,90,10,3発(発ごと命中)
163B,ドンツム,雷/地,215,雷のちから,,8,MVP_022,スコーチフィスト,炎,物理,40,100,28,
163B,ドンツム,雷/地,215,雷のちから,,8,MVP_023,フォスファーブロー,炎,物理,40,100,28,
163B,ドンツム,雷/地,215,雷のちから,,8,MVP_061,バイオレットボルトストライク,雷,物理,40,100,30,
163B,ドンツム,雷/地,215,雷のちから,,8,MVP_062,サンダーロアフィスト,雷,物理,40,100,28,
163B,ドンツム,雷/地,215,雷のちから,,8,MVP_081,クロッドストライク,地,物理,40,100,30,
163B,ドンツム,雷/地,215,雷のちから,,8,MVP_101,グリーンリーフストライク,草,物理,40,100,30,
163B,ドンツム,雷/地,215,雷のちから,,8,MV_260,ブラインドサンド,地,物理,40,100,32,
163B,ドンツム,雷/地,215,雷のちから,,8,MV_282,シードショット,草,物理,40,100,33,
163B,ドンツム,雷/地,215,雷のちから,,9,MVP_024,ロースパンチ,炎,物理,45,100,26,
163B,ドンツム,雷/地,215,雷のちから,,9,MVP_063,フラッシュボルトブロー,雷,物理,45,100,28,
163B,ドンツム,雷/地,215,雷のちから,,9,MVP_102,アイビーストライクフィスト,草,物理,45,100,28,
163B,ドンツム,雷/地,215,雷のちから,,9,MV_168,スパークボルト,雷,物理,45,95,28,
163B,ドンツム,雷/地,215,雷のちから,,9,MV_236,フレイムクロー,炎,物理,45,95,26,
163B,ドンツム,雷/地,215,雷のちから,,9,MV_257,ロックバレット,地,物理,45,100,33,
163B,ドンツム,雷/地,215,雷のちから,,9,MV_283,ヴァインウィップ,草,物理,45,100,33,
163B,ドンツム,雷/地,215,雷のちから,,10,MVP_103,リーフヴェインブロー,草,物理,50,100,28,
163B,ドンツム,雷/地,215,雷のちから,,10,MVP_104,フレッシュリーフパンチ,草,物理,50,100,26,
163B,ドンツム,雷/地,215,雷のちから,,10,MV_246,フレイムファング,炎,物理,50,95,26,
163B,ドンツム,雷/地,215,雷のちから,,10,MV_250,フレイムスラスト,炎,物理,50,100,27,
163B,ドンツム,雷/地,215,雷のちから,,11,MV_237,ブレイズスラッシュ,炎,物理,55,95,24,
163B,ドンツム,雷/地,215,雷のちから,,11,MV_245,フレイムホイール,炎,物理,55,95,24,
163B,ドンツム,雷/地,215,雷のちから,,11,MV_287,アイビーバインド,草,物理,55,100,27,
163B,ドンツム,雷/地,215,雷のちから,,11,MV_288,ソーンウィップ,草,物理,55,100,24,
163B,ドンツム,雷/地,215,雷のちから,,12,MVP_025,シアリングスラスト,炎,物理,60,100,21,
164,ポポフィア,草,205,わたほうし,,1,MV_300,リーフハイドスタンス,草,変化,0,100,15,
164,ポポフィア,草,205,わたほうし,,3,mvn_023,クリアストリーム,水,特殊,15,100,36,
164,ポポフィア,草,205,わたほうし,,5,aqua_gun,アクアショット,水,特殊,25,100,36,
164,ポポフィア,草,205,わたほうし,,5,mvh_water,タービュレントラッシュ,水,物理,25,95,15,2〜5発
164,ポポフィア,草,205,わたほうし,,7,MV_212,ウォーターガン,水,物理,35,100,36,
164,ポポフィア,草,205,わたほうし,,7,MV_215,ウォーターカッター,水,特殊,35,100,30,
164,ポポフィア,草,205,わたほうし,,7,MV_281,リーフブレード,草,物理,35,100,36,
164,ポポフィア,草,205,わたほうし,,8,MVP_041,クリアストリームストライク,水,物理,40,100,30,
164,ポポフィア,草,205,わたほうし,,8,MVP_101,グリーンリーフストライク,草,物理,40,100,30,
164,ポポフィア,草,205,わたほうし,,8,MV_282,シードショット,草,物理,40,100,33,
164,ポポフィア,草,205,わたほうし,,9,MVP_042,ミラーウォーターブロー,水,物理,45,100,28,
164,ポポフィア,草,205,わたほうし,,9,MVP_102,アイビーストライクフィスト,草,物理,45,100,28,
164,ポポフィア,草,205,わたほうし,,9,MV_214,バブルバラージ,水,物理,45,100,33,
164,ポポフィア,草,205,わたほうし,,9,MV_283,ヴァインウィップ,草,物理,45,100,33,
164,ポポフィア,草,205,わたほうし,,9,mvn_028,スプラッシュ,水,特殊,45,100,26,
164,ポポフィア,草,205,わたほうし,,10,MVP_043,サーフサウンドフィスト,水,物理,50,100,28,
164,ポポフィア,草,205,わたほうし,,10,MVP_044,ドロップストライクパンチ,水,物理,50,100,26,
164,ポポフィア,草,205,わたほうし,,10,MVP_103,リーフヴェインブロー,草,物理,50,100,28,
164,ポポフィア,草,205,わたほうし,,10,MVP_104,フレッシュリーフパンチ,草,物理,50,100,26,
164,ポポフィア,草,205,わたほうし,,10,mvs_ep_grass,ヴァーダントピーク,草,変化,0,100,10,
164,ポポフィア,草,205,わたほうし,,11,MV_216,ウォーターブレード,水,物理,55,100,27,
164,ポポフィア,草,205,わたほうし,,11,MV_221,ストリームコンボ,水,物理,55,100,27,
164,ポポフィア,草,205,わたほうし,,11,MV_287,アイビーバインド,草,物理,55,100,27,
164,ポポフィア,草,205,わたほうし,,11,MV_288,ソーンウィップ,草,物理,55,100,24,
164,ポポフィア,草,205,わたほうし,,12,MVP_105,グラスリングスラスト,草,物理,60,100,21,
164,ポポフィア,草,205,わたほうし,,12,MV_222,ミラーウォータースラッシュ,水,物理,60,100,24,
164,ポポフィア,草,205,わたほうし,,12,MV_227,アクアジェット,水,物理,60,100,27,
164,ポポフィア,草,205,わたほうし,,13,MVP_045,ウォーターリングスラスト,水,物理,65,100,21,
164,ポポフィア,草,205,わたほうし,,13,MV_230,アクアファング,水,物理,65,100,24,
164,ポポフィア,草,205,わたほうし,,14,MVP_046,スプラッシュフィスト,水,物理,70,100,18,
164,ポポフィア,草,205,わたほうし,,14,MVP_047,ウォーターヴェインストライク,水,物理,70,100,15,
164,ポポフィア,草,205,わたほうし,,15,MVP_048,アズールウェーブブロー,水,物理,75,90,11,
164,ポポフィア,草,205,わたほうし,,15,MVP_049,ドロップレットパンチ,水,物理,75,90,11,
164,ポポフィア,草,205,わたほうし,,16,MVP_050,アクアヴェールフィスト,水,物理,80,100,6,
164,ポポフィア,草,205,わたほうし,,16,MVP_051,リップルストライク,水,物理,80,90,8,
165,バトラビー,地,225,きょうじんなからだ,,3,mvn_012,クリムゾン,炎,特殊,15,85,36,
165,バトラビー,地,225,きょうじんなからだ,,4,MV_247,ファイアスフィア,炎,特殊,20,100,30,
165,バトラビー,地,225,きょうじんなからだ,,4,mvs_ground_atk_accuracy,アースエイム,地,変化,0,100,15,
165,バトラビー,地,225,きょうじんなからだ,,4,mvs_ground_atk_def,アーススタンス,地,変化,0,100,15,
165,バトラビー,地,225,きょうじんなからだ,,5,mvh_ground,ロックバラージブロー,地,物理,25,95,15,2〜5発
165,バトラビー,地,225,きょうじんなからだ,,6,MV_234,ブレイズバレット,炎,特殊,30,95,30,
165,バトラビー,地,225,きょうじんなからだ,,7,MVP_021,クリムゾンストライク,炎,物理,35,100,30,
165,バトラビー,地,225,きょうじんなからだ,,7,MV_233,シンダー,炎,物理,35,95,32,
165,バトラビー,地,225,きょうじんなからだ,,7,MV_256,ストーンペブル,地,物理,35,100,36,
165,バトラビー,地,225,きょうじんなからだ,,8,MVP_022,スコーチフィスト,炎,物理,40,100,28,
165,バトラビー,地,225,きょうじんなからだ,,8,MVP_023,フォスファーブロー,炎,物理,40,100,28,
165,バトラビー,地,225,きょうじんなからだ,,8,MVP_081,クロッドストライク,地,物理,40,100,30,
165,バトラビー,地,225,きょうじんなからだ,,8,MV_255,ブレイズバラージ,炎,特殊,40,95,26,
165,バトラビー,地,225,きょうじんなからだ,,8,MV_260,ブラインドサンド,地,物理,40,100,32,
165,バトラビー,地,225,きょうじんなからだ,,9,MVP_024,ロースパンチ,炎,物理,45,100,26,
165,バトラビー,地,225,きょうじんなからだ,,9,MV_236,フレイムクロー,炎,物理,45,95,26,
165,バトラビー,地,225,きょうじんなからだ,,9,MV_257,ロックバレット,地,物理,45,100,33,
165,バトラビー,地,225,きょうじんなからだ,,9,MV_259,サンドスプレー,地,物理,45,100,30,
165,バトラビー,地,225,きょうじんなからだ,,10,MVP_082,ベッドロックフィスト,地,物理,50,100,28,
165,バトラビー,地,225,きょうじんなからだ,,10,MVP_083,レイラインブロー,地,物理,50,100,28,
165,バトラビー,地,225,きょうじんなからだ,,10,MV_246,フレイムファング,炎,物理,50,95,26,
165,バトラビー,地,225,きょうじんなからだ,,10,MV_250,フレイムスラスト,炎,物理,50,100,27,
165,バトラビー,地,225,きょうじんなからだ,,11,MVP_084,クラッシュソイルパンチ,地,物理,55,100,26,
165,バトラビー,地,225,きょうじんなからだ,,11,MV_237,ブレイズスラッシュ,炎,物理,55,95,24,
165,バトラビー,地,225,きょうじんなからだ,,11,MV_245,フレイムホイール,炎,物理,55,95,24,
165,バトラビー,地,225,きょうじんなからだ,,11,MV_258,フィッシャースラスト,地,物理,55,100,27,
165,バトラビー,地,225,きょうじんなからだ,,12,MVP_025,シアリングスラスト,炎,物理,60,100,21,
165,バトラビー,地,225,きょうじんなからだ,,12,MV_253,ブレイジングパンチ,炎,物理,60,100,24,
165,バトラビー,地,225,きょうじんなからだ,,13,MV_238,ワイルドファイアフィスト,炎,物理,65,95,21,
165,バトラビー,地,225,きょうじんなからだ,,13,MV_252,シアリングスラッシュ,炎,物理,65,100,21,
165,バトラビー,地,225,きょうじんなからだ,,14,MVP_026,エンバーフィスト,炎,物理,70,100,18,
165,バトラビー,地,225,きょうじんなからだ,,14,MVP_027,フレイムストライク,炎,物理,70,100,15,
165,バトラビー,地,225,きょうじんなからだ,,15,MVP_028,フレイムアレイブロー,炎,物理,75,90,11,
165,バトラビー,地,225,きょうじんなからだ,,15,MVP_029,ヘルフレイムパンチ,炎,物理,75,90,11,
165,バトラビー,地,225,きょうじんなからだ,,16,MVP_030,フレイムスウォームスラスト,炎,物理,80,100,6,
165,バトラビー,地,225,きょうじんなからだ,,16,MVP_031,カーボナイズフィスト,炎,物理,80,90,8,
166,フードール,闇,235,きょうじんなからだ,,3,mvn_067,ホワイトアイス,氷,特殊,15,85,36,
166,フードール,闇,235,きょうじんなからだ,,4,mvs_dark_def_crit,ダークナイトアーマー,闇,変化,0,100,15,
166,フードール,闇,235,きょうじんなからだ,,5,mvh_dark,シャドウバラージ,闇,物理,25,95,15,2〜5発
166,フードール,闇,235,きょうじんなからだ,,6,MV_205,フロストネット,氷,特殊,30,95,28,
166,フードール,闇,235,きょうじんなからだ,,6,ice_cutter,アイスカッター,氷,特殊,30,100,33,
166,フードール,闇,235,きょうじんなからだ,,7,MV_121,シャドウピアス,闇,物理,35,100,34,
166,フードール,闇,235,きょうじんなからだ,,7,MV_123,ダスクブレード,闇,物理,35,100,32,
166,フードール,闇,235,きょうじんなからだ,,7,MV_187,アイスペブル,氷,物理,35,100,36,
166,フードール,闇,235,きょうじんなからだ,,7,mvh_ice,トリプルアイスブレード,氷,物理,35,90,10,3発(発ごと命中)
166,フードール,闇,235,きょうじんなからだ,,8,MVP_121,ホワイトアイスストライク,氷,物理,40,100,30,
166,フードール,闇,235,きょうじんなからだ,,8,MV_124,シャドウステッチ,闇,物理,40,100,32,
166,フードール,闇,235,きょうじんなからだ,,8,MV_125,ダークウェッジ,闇,物理,40,100,32,
166,フードール,闇,235,きょうじんなからだ,,8,MV_188,アイスブレード,氷,物理,40,100,33,
166,フードール,闇,235,きょうじんなからだ,,9,MVP_122,フリーズフィスト,氷,物理,45,100,28,
166,フードール,闇,235,きょうじんなからだ,,9,MVP_123,フロストストライクブロー,氷,物理,45,100,28,
166,フードール,闇,235,きょうじんなからだ,,9,MVP_161,ブラックミストストライク,闇,物理,45,100,30,
166,フードール,闇,235,きょうじんなからだ,,9,MV_126,カースチェイン,闇,物理,45,100,32,
166,フードール,闇,235,きょうじんなからだ,,9,mvn_073,フローズンクラウド,氷,特殊,45,100,24,
166,フードール,闇,235,きょうじんなからだ,,10,MVP_124,アイスリングパンチ,氷,物理,50,100,26,
166,フードール,闇,235,きょうじんなからだ,,10,MVP_162,シャドウストライクフィスト,闇,物理,50,100,28,
166,フードール,闇,235,きょうじんなからだ,,10,MVP_163,カースブローパンチ,闇,物理,50,100,28,
166,フードール,闇,235,きょうじんなからだ,,10,MV_189,フロストショット,氷,物理,50,100,30,
166,フードール,闇,235,きょうじんなからだ,,10,mvs_ep_dark,アビスピーク,闇,変化,0,100,10,
166,フードール,闇,235,きょうじんなからだ,,11,MV_190,アイスニードル,氷,物理,55,100,27,
166,フードール,闇,235,きょうじんなからだ,,11,MV_211,フローズンブレード,氷,物理,55,95,26,
166,フードール,闇,235,きょうじんなからだ,,12,MVP_125,チルスラスト,氷,物理,60,100,21,
166,フードール,闇,235,きょうじんなからだ,,12,MV_195,アイスファング,氷,物理,60,95,24,
166,フードール,闇,235,きょうじんなからだ,,13,MV_192,ブリザードブロー,氷,物理,65,100,21,
166,フードール,闇,235,きょうじんなからだ,,13,MV_200,アイスブレードコンボ,氷,物理,65,100,21,
166,フードール,闇,235,きょうじんなからだ,,14,MVP_126,アイスシャードフィスト,氷,物理,70,100,18,
166,フードール,闇,235,きょうじんなからだ,,14,MVP_127,フローズンクラウドストライク,氷,物理,70,100,15,
166,フードール,闇,235,きょうじんなからだ,,15,MVP_128,アイスヴェールブロー,氷,物理,75,90,11,
166,フードール,闇,235,きょうじんなからだ,,15,MVP_129,フロストブロッサムパンチ,氷,物理,75,90,11,
166,フードール,闇,235,きょうじんなからだ,,16,MVP_130,アイスコアフィスト,氷,物理,80,100,6,
166,フードール,闇,235,きょうじんなからだ,,16,MVP_131,コールドストライクスラスト,氷,物理,80,90,8,
167,ノンビリリ,雷,225,バッテリー,,1,MV_176,ボルトルアー,雷,変化,0,100,15,
167,ノンビリリ,雷,225,バッテリー,,3,mvn_056,グリーンリーフ,草,特殊,15,100,36,
167,ノンビリリ,雷,225,バッテリー,,5,MV_285,グラスノット,草,特殊,25,100,28,
167,ノンビリリ,雷,225,バッテリー,,5,mvn_060,グラスリング,草,特殊,25,100,28,
167,ノンビリリ,雷,225,バッテリー,,6,mvn_059,フレッシュリーフ,草,特殊,30,100,30,
167,ノンビリリ,雷,225,バッテリー,,7,MV_281,リーフブレード,草,物理,35,100,36,
167,ノンビリリ,雷,225,バッテリー,,7,mvh_electric,トリプルボルトストライク,雷,物理,35,90,10,3発(発ごと命中)
167,ノンビリリ,雷,225,バッテリー,,8,MVP_061,バイオレットボルトストライク,雷,物理,40,100,30,
167,ノンビリリ,雷,225,バッテリー,,8,MVP_062,サンダーロアフィスト,雷,物理,40,100,28,
167,ノンビリリ,雷,225,バッテリー,,8,MVP_101,グリーンリーフストライク,草,物理,40,100,30,
167,ノンビリリ,雷,225,バッテリー,,8,MV_282,シードショット,草,物理,40,100,33,
167,ノンビリリ,雷,225,バッテリー,,9,MVP_063,フラッシュボルトブロー,雷,物理,45,100,28,
167,ノンビリリ,雷,225,バッテリー,,9,MVP_102,アイビーストライクフィスト,草,物理,45,100,28,
167,ノンビリリ,雷,225,バッテリー,,9,MV_168,スパークボルト,雷,物理,45,95,28,
167,ノンビリリ,雷,225,バッテリー,,9,MV_283,ヴァインウィップ,草,物理,45,100,33,
167,ノンビリリ,雷,225,バッテリー,,9,mvn_061,ヴァーダントリーフ,草,特殊,45,100,26,
167,ノンビリリ,雷,225,バッテリー,,9,spine_vine,スパインヴァイン,草,特殊,45,100,21,
167,ノンビリリ,雷,225,バッテリー,,10,MVP_064,ボルトチャージパンチ,雷,物理,50,100,26,
167,ノンビリリ,雷,225,バッテリー,,10,MVP_103,リーフヴェインブロー,草,物理,50,100,28,
167,ノンビリリ,雷,225,バッテリー,,10,MVP_104,フレッシュリーフパンチ,草,物理,50,100,26,
167,ノンビリリ,雷,225,バッテリー,,10,MV_182,ショックスティング,雷,物理,50,100,30,
167,ノンビリリ,雷,225,バッテリー,,10,mvs_ep_electric,サンダーロアピーク,雷,変化,0,100,10,
167,ノンビリリ,雷,225,バッテリー,,11,MV_183,ライトニングスラスト,雷,物理,55,100,27,
167,ノンビリリ,雷,225,バッテリー,,11,MV_287,アイビーバインド,草,物理,55,100,27,
167,ノンビリリ,雷,225,バッテリー,,11,MV_288,ソーンウィップ,草,物理,55,100,24,
167,ノンビリリ,雷,225,バッテリー,,12,MVP_065,スイフトボルトスラスト,雷,物理,60,100,21,
167,ノンビリリ,雷,225,バッテリー,,12,MVP_105,グラスリングスラスト,草,物理,60,100,21,
167,ノンビリリ,雷,225,バッテリー,,12,MV_170,ディスチャージ,雷,物理,60,95,24,
167,ノンビリリ,雷,225,バッテリー,,12,MV_296,ブライアウィップ,草,物理,60,100,21,
167,ノンビリリ,雷,225,バッテリー,,13,MVP_106,ヴァーダントリーフフィスト,草,物理,65,100,18,
167,ノンビリリ,雷,225,バッテリー,,13,MVP_107,リーフスウォームストライク,草,物理,65,100,15,
167,ノンビリリ,雷,225,バッテリー,,14,MV_289,パワーウィップ,草,物理,70,100,12,
167,ノンビリリ,雷,225,バッテリー,,14,MV_297,ティンバーストライク,草,物理,70,100,15,
167,ノンビリリ,雷,225,バッテリー,,15,MVP_108,グラスヴェールブロー,草,物理,75,90,11,
167,ノンビリリ,雷,225,バッテリー,,15,MVP_109,ヴァインブローパンチ,草,物理,75,90,11,
167,ノンビリリ,雷,225,バッテリー,,16,MVP_110,グリーンアレイフィスト,草,物理,80,100,6,
167,ノンビリリ,雷,225,バッテリー,,16,MVP_111,リーフハイドストライク,草,物理,80,90,8,
168,ウラミィ,闇,235,闇のちから,,3,mvn_067,ホワイトアイス,氷,特殊,15,85,36,
168,ウラミィ,闇,235,闇のちから,,5,mvh_dark,シャドウバラージ,闇,物理,25,95,15,2〜5発
168,ウラミィ,闇,235,闇のちから,,6,MV_205,フロストネット,氷,特殊,30,95,28,
168,ウラミィ,闇,235,闇のちから,,6,ice_cutter,アイスカッター,氷,特殊,30,100,33,
168,ウラミィ,闇,235,闇のちから,,7,MV_121,シャドウピアス,闇,物理,35,100,34,
168,ウラミィ,闇,235,闇のちから,,7,MV_123,ダスクブレード,闇,物理,35,100,32,
168,ウラミィ,闇,235,闇のちから,,7,MV_187,アイスペブル,氷,物理,35,100,36,
168,ウラミィ,闇,235,闇のちから,,7,mvh_ice,トリプルアイスブレード,氷,物理,35,90,10,3発(発ごと命中)
168,ウラミィ,闇,235,闇のちから,,7,mvs_toxic_dark,トキシックドロップ,闇,変化,0,100,10,
168,ウラミィ,闇,235,闇のちから,,7,mvw_fog,フォグヴェール,闇,変化,0,100,16,
168,ウラミィ,闇,235,闇のちから,,8,MVP_121,ホワイトアイスストライク,氷,物理,40,100,30,
168,ウラミィ,闇,235,闇のちから,,8,MV_124,シャドウステッチ,闇,物理,40,100,32,
168,ウラミィ,闇,235,闇のちから,,8,MV_125,ダークウェッジ,闇,物理,40,100,32,
168,ウラミィ,闇,235,闇のちから,,8,MV_188,アイスブレード,氷,物理,40,100,33,
168,ウラミィ,闇,235,闇のちから,,9,MVP_122,フリーズフィスト,氷,物理,45,100,28,
168,ウラミィ,闇,235,闇のちから,,9,MVP_123,フロストストライクブロー,氷,物理,45,100,28,
168,ウラミィ,闇,235,闇のちから,,9,MVP_161,ブラックミストストライク,闇,物理,45,100,30,
168,ウラミィ,闇,235,闇のちから,,9,MV_126,カースチェイン,闇,物理,45,100,32,
168,ウラミィ,闇,235,闇のちから,,9,mvn_073,フローズンクラウド,氷,特殊,45,100,24,
168,ウラミィ,闇,235,闇のちから,,10,MVP_124,アイスリングパンチ,氷,物理,50,100,26,
168,ウラミィ,闇,235,闇のちから,,10,MVP_162,シャドウストライクフィスト,闇,物理,50,100,28,
168,ウラミィ,闇,235,闇のちから,,10,MVP_163,カースブローパンチ,闇,物理,50,100,28,
168,ウラミィ,闇,235,闇のちから,,10,MV_189,フロストショット,氷,物理,50,100,30,
168,ウラミィ,闇,235,闇のちから,,11,MV_190,アイスニードル,氷,物理,55,100,27,
168,ウラミィ,闇,235,闇のちから,,11,MV_211,フローズンブレード,氷,物理,55,95,26,
168,ウラミィ,闇,235,闇のちから,,12,MVP_125,チルスラスト,氷,物理,60,100,21,
168,ウラミィ,闇,235,闇のちから,,12,MV_195,アイスファング,氷,物理,60,95,24,
168,ウラミィ,闇,235,闇のちから,,13,MV_192,ブリザードブロー,氷,物理,65,100,21,
168,ウラミィ,闇,235,闇のちから,,13,MV_200,アイスブレードコンボ,氷,物理,65,100,21,
168,ウラミィ,闇,235,闇のちから,,14,MVP_126,アイスシャードフィスト,氷,物理,70,100,18,
168,ウラミィ,闇,235,闇のちから,,14,MVP_127,フローズンクラウドストライク,氷,物理,70,100,15,
168,ウラミィ,闇,235,闇のちから,,15,MVP_128,アイスヴェールブロー,氷,物理,75,90,11,
168,ウラミィ,闇,235,闇のちから,,15,MVP_129,フロストブロッサムパンチ,氷,物理,75,90,11,
168,ウラミィ,闇,235,闇のちから,,16,MVP_130,アイスコアフィスト,氷,物理,80,100,6,
168,ウラミィ,闇,235,闇のちから,,16,MVP_131,コールドストライクスラスト,氷,物理,80,90,8,
169,オーマンボ,水,265,水のちから,潜航,1,MV_232,クリアストリームスタンス,水,変化,0,100,15,
169,オーマンボ,水,265,水のちから,潜航,3,mvn_045,クロッド,地,特殊,15,100,36,
169,オーマンボ,水,265,水のちから,潜航,4,MV_280,サンドバインド,地,特殊,20,100,28,
169,オーマンボ,水,265,水のちから,潜航,5,mvh_ground,ロックバラージブロー,地,物理,25,95,15,2〜5発
169,オーマンボ,水,265,水のちから,潜航,5,mvh_water,タービュレントラッシュ,水,物理,25,95,15,2〜5発
169,オーマンボ,水,265,水のちから,潜航,6,mvn_048,クラッシュソイル,地,特殊,30,100,30,
169,オーマンボ,水,265,水のちから,潜航,7,MV_212,ウォーターガン,水,物理,35,100,36,
169,オーマンボ,水,265,水のちから,潜航,7,MV_256,ストーンペブル,地,物理,35,100,36,
169,オーマンボ,水,265,水のちから,潜航,7,mvs_big_water,ラピッドストリームスタンス,水,変化,0,100,10,
169,オーマンボ,水,265,水のちから,潜航,8,MVP_041,クリアストリームストライク,水,物理,40,100,30,
169,オーマンボ,水,265,水のちから,潜航,8,MVP_081,クロッドストライク,地,物理,40,100,30,
169,オーマンボ,水,265,水のちから,潜航,8,MV_260,ブラインドサンド,地,物理,40,100,32,
169,オーマンボ,水,265,水のちから,潜航,8,mvn_049,アースヴェール,地,特殊,40,100,28,
169,オーマンボ,水,265,水のちから,潜航,9,MVP_042,ミラーウォーターブロー,水,物理,45,100,28,
169,オーマンボ,水,265,水のちから,潜航,9,MV_214,バブルバラージ,水,物理,45,100,33,
169,オーマンボ,水,265,水のちから,潜航,9,MV_257,ロックバレット,地,物理,45,100,33,
169,オーマンボ,水,265,水のちから,潜航,9,MV_259,サンドスプレー,地,物理,45,100,30,
169,オーマンボ,水,265,水のちから,潜航,10,MVP_043,サーフサウンドフィスト,水,物理,50,100,28,
169,オーマンボ,水,265,水のちから,潜航,10,MVP_044,ドロップストライクパンチ,水,物理,50,100,26,
169,オーマンボ,水,265,水のちから,潜航,10,MVP_082,ベッドロックフィスト,地,物理,50,100,28,
169,オーマンボ,水,265,水のちから,潜航,10,MVP_083,レイラインブロー,地,物理,50,100,28,
169,オーマンボ,水,265,水のちから,潜航,11,MVP_084,クラッシュソイルパンチ,地,物理,55,100,26,
169,オーマンボ,水,265,水のちから,潜航,11,MV_216,ウォーターブレード,水,物理,55,100,27,
169,オーマンボ,水,265,水のちから,潜航,11,MV_221,ストリームコンボ,水,物理,55,100,27,
169,オーマンボ,水,265,水のちから,潜航,11,MV_258,フィッシャースラスト,地,物理,55,100,27,
169,オーマンボ,水,265,水のちから,潜航,12,MVP_085,アースヴェールスラスト,地,物理,60,100,21,
169,オーマンボ,水,265,水のちから,潜航,12,MV_272,シャープロックスラスト,地,物理,60,100,24,
169,オーマンボ,水,265,水のちから,潜航,13,MVP_086,ロックシャードフィスト,地,物理,65,100,18,
169,オーマンボ,水,265,水のちから,潜航,13,MV_263,ロックスマッシュ,地,物理,65,100,18,
169,オーマンボ,水,265,水のちから,潜航,14,MVP_087,アースウォールストライク,地,物理,70,100,15,
169,オーマンボ,水,265,水のちから,潜航,14,MV_274,ベッドロックブレイク,地,物理,70,100,12,
169,オーマンボ,水,265,水のちから,潜航,15,MVP_088,ハードグラウンドブロー,地,物理,75,90,11,
169,オーマンボ,水,265,水のちから,潜航,15,MVP_089,ペブルブローパンチ,地,物理,75,90,11,
169,オーマンボ,水,265,水のちから,潜航,16,MVP_090,アースリングフィスト,地,物理,80,100,6,
169B,トノサマンボ,水/雷,270,水のおしえ,潜航,1,MV_176,ボルトルアー,雷,変化,0,100,15,
169B,トノサマンボ,水/雷,270,水のおしえ,潜航,3,mvn_045,クロッド,地,特殊,15,100,36,
169B,トノサマンボ,水/雷,270,水のおしえ,潜航,3,mvn_056,グリーンリーフ,草,特殊,15,100,36,
169B,トノサマンボ,水/雷,270,水のおしえ,潜航,4,MV_280,サンドバインド,地,特殊,20,100,28,
169B,トノサマンボ,水/雷,270,水のおしえ,潜航,5,MV_285,グラスノット,草,特殊,25,100,28,
169B,トノサマンボ,水/雷,270,水のおしえ,潜航,5,mvh_ground,ロックバラージブロー,地,物理,25,95,15,2〜5発
169B,トノサマンボ,水/雷,270,水のおしえ,潜航,5,mvh_water,タービュレントラッシュ,水,物理,25,95,15,2〜5発
169B,トノサマンボ,水/雷,270,水のおしえ,潜航,5,mvn_060,グラスリング,草,特殊,25,100,28,
169B,トノサマンボ,水/雷,270,水のおしえ,潜航,6,mvn_048,クラッシュソイル,地,特殊,30,100,30,
169B,トノサマンボ,水/雷,270,水のおしえ,潜航,6,mvn_059,フレッシュリーフ,草,特殊,30,100,30,
169B,トノサマンボ,水/雷,270,水のおしえ,潜航,7,MV_212,ウォーターガン,水,物理,35,100,36,
169B,トノサマンボ,水/雷,270,水のおしえ,潜航,7,MV_256,ストーンペブル,地,物理,35,100,36,
169B,トノサマンボ,水/雷,270,水のおしえ,潜航,7,MV_281,リーフブレード,草,物理,35,100,36,
169B,トノサマンボ,水/雷,270,水のおしえ,潜航,7,mvh_electric,トリプルボルトストライク,雷,物理,35,90,10,3発(発ごと命中)
169B,トノサマンボ,水/雷,270,水のおしえ,潜航,8,MVP_041,クリアストリームストライク,水,物理,40,100,30,
169B,トノサマンボ,水/雷,270,水のおしえ,潜航,8,MVP_061,バイオレットボルトストライク,雷,物理,40,100,30,
169B,トノサマンボ,水/雷,270,水のおしえ,潜航,8,MVP_062,サンダーロアフィスト,雷,物理,40,100,28,
169B,トノサマンボ,水/雷,270,水のおしえ,潜航,8,MVP_081,クロッドストライク,地,物理,40,100,30,
169B,トノサマンボ,水/雷,270,水のおしえ,潜航,8,MVP_101,グリーンリーフストライク,草,物理,40,100,30,
169B,トノサマンボ,水/雷,270,水のおしえ,潜航,8,MV_260,ブラインドサンド,地,物理,40,100,32,
169B,トノサマンボ,水/雷,270,水のおしえ,潜航,8,MV_282,シードショット,草,物理,40,100,33,
169B,トノサマンボ,水/雷,270,水のおしえ,潜航,9,MVP_042,ミラーウォーターブロー,水,物理,45,100,28,
169B,トノサマンボ,水/雷,270,水のおしえ,潜航,9,MVP_063,フラッシュボルトブロー,雷,物理,45,100,28,
169B,トノサマンボ,水/雷,270,水のおしえ,潜航,9,MVP_102,アイビーストライクフィスト,草,物理,45,100,28,
169B,トノサマンボ,水/雷,270,水のおしえ,潜航,9,MV_168,スパークボルト,雷,物理,45,95,28,
169B,トノサマンボ,水/雷,270,水のおしえ,潜航,9,MV_257,ロックバレット,地,物理,45,100,33,
169B,トノサマンボ,水/雷,270,水のおしえ,潜航,9,MV_259,サンドスプレー,地,物理,45,100,30,
169B,トノサマンボ,水/雷,270,水のおしえ,潜航,9,MV_283,ヴァインウィップ,草,物理,45,100,33,
169B,トノサマンボ,水/雷,270,水のおしえ,潜航,10,MVP_082,ベッドロックフィスト,地,物理,50,100,28,
169B,トノサマンボ,水/雷,270,水のおしえ,潜航,10,MVP_083,レイラインブロー,地,物理,50,100,28,
169B,トノサマンボ,水/雷,270,水のおしえ,潜航,10,MVP_103,リーフヴェインブロー,草,物理,50,100,28,
169B,トノサマンボ,水/雷,270,水のおしえ,潜航,10,MVP_104,フレッシュリーフパンチ,草,物理,50,100,26,
169B,トノサマンボ,水/雷,270,水のおしえ,潜航,11,MVP_084,クラッシュソイルパンチ,地,物理,55,100,26,
169B,トノサマンボ,水/雷,270,水のおしえ,潜航,11,MV_258,フィッシャースラスト,地,物理,55,100,27,
169B,トノサマンボ,水/雷,270,水のおしえ,潜航,11,MV_287,アイビーバインド,草,物理,55,100,27,
169B,トノサマンボ,水/雷,270,水のおしえ,潜航,11,MV_288,ソーンウィップ,草,物理,55,100,24,
170,ネモフィ,無,305,無のちから,,1,MV_161,ディスラプト,無,変化,0,100,15,
170,ネモフィ,無,305,無のちから,,1,MV_162,インティミデート,無,変化,0,100,15,
170,ネモフィ,無,305,無のちから,,3,mvn_078,ドラゴンファング,竜,特殊,15,100,36,
170,ネモフィ,無,305,無のちから,,6,MVP_001,ホワイトストライク,無,物理,30,100,30,
170,ネモフィ,無,305,無のちから,,6,MV_137,バックフィスト,無,物理,30,100,36,
170,ネモフィ,無,305,無のちから,,6,mvn_080,ドラゴンヴェインショット,竜,特殊,30,100,32,
170,ネモフィ,無,305,無のちから,,6,mvn_082,ドラゴンクロー,竜,特殊,30,100,28,
170,ネモフィ,無,305,無のちから,,7,MV_138,ダブルスラスト,無,物理,35,100,33,
170,ネモフィ,無,305,無のちから,,7,MV_139,テイルスイープ,無,物理,35,100,33,
170,ネモフィ,無,305,無のちから,,8,MV_140,ヘッドバット,無,物理,40,100,33,
170,ネモフィ,無,305,無のちから,,8,MV_141,スピンタックル,無,物理,40,100,33,
170,ネモフィ,無,305,無のちから,,9,MVP_141,ドラゴンファングストライク,竜,物理,45,100,30,
170,ネモフィ,無,305,無のちから,,9,MV_142,フライングキック,無,物理,45,100,33,
170,ネモフィ,無,305,無のちから,,9,MV_143,ブラントエッジ,無,物理,45,100,33,
170,ネモフィ,無,305,無のちから,,9,mvn_083,ドラゴンリング,竜,特殊,45,100,26,
170,ネモフィ,無,305,無のちから,,10,MVP_002,マッチレスブロー,無,物理,50,100,28,
170,ネモフィ,無,305,無のちから,,10,MVP_142,ドラゴンスケイルフィスト,竜,物理,50,100,28,
170,ネモフィ,無,305,無のちから,,10,MVP_143,ドラゴンヴェインブロー,竜,物理,50,100,28,
170,ネモフィ,無,305,無のちから,,11,MVP_144,ドラゴンブレスパンチ,竜,物理,55,100,26,
170,ネモフィ,無,305,無のちから,,11,MV_116,ドラゴンファングスラスト,竜,物理,55,100,27,
170,ネモフィ,無,305,無のちから,,12,MVP_145,ドラゴンクロースラスト,竜,物理,60,100,21,
170,ネモフィ,無,305,無のちから,,12,MVP_146,ドラゴンリングフィスト,竜,物理,60,100,18,
170,ネモフィ,無,305,無のちから,,13,MVP_147,ドラゴンヴェールストライク,竜,物理,65,100,15,
170,ネモフィ,無,305,無のちから,,13,MV_112,ドラゴンクローコンボ,竜,物理,65,100,15,
170,ネモフィ,無,305,無のちから,,14,MVP_148,ドラゴンヴォイスブロー,竜,物理,70,90,11,
170,ネモフィ,無,305,無のちから,,14,MV_110,ツインドラゴンファング,竜,物理,70,95,13,
170,ネモフィ,無,305,無のちから,,15,MVP_149,ドラゴンピアスパンチ,竜,物理,75,90,11,
170,ネモフィ,無,305,無のちから,,15,MV_109,ドラゴンスケイルスラッシュ,竜,物理,75,100,9,
170,ネモフィ,無,305,無のちから,,16,MVP_150,ドラゴンフォスファーフィスト,竜,物理,80,100,6,
170,ネモフィ,無,305,無のちから,,16,MVP_151,ドラゴンハートストライク,竜,物理,80,90,8,
171,レイバーン,竜/闇,360,じゆうのつばさ,飛行,3,air_cannon,エアーキャノン,無,特殊,15,100,42,
171,レイバーン,竜/闇,360,じゆうのつばさ,飛行,3,mvn_012,クリムゾン,炎,特殊,15,85,36,
171,レイバーン,竜/闇,360,じゆうのつばさ,飛行,3,mvn_067,ホワイトアイス,氷,特殊,15,85,36,
171,レイバーン,竜/闇,360,じゆうのつばさ,飛行,4,MV_247,ファイアスフィア,炎,特殊,20,100,30,
171,レイバーン,竜/闇,360,じゆうのつばさ,飛行,5,MV_160,クリティカルエイム,無,特殊,25,100,28,
171,レイバーン,竜/闇,360,じゆうのつばさ,飛行,5,mvh_dark,シャドウバラージ,闇,物理,25,95,15,2〜5発
171,レイバーン,竜/闇,360,じゆうのつばさ,飛行,6,MVP_001,ホワイトストライク,無,物理,30,100,30,
171,レイバーン,竜/闇,360,じゆうのつばさ,飛行,6,MV_137,バックフィスト,無,物理,30,100,36,
171,レイバーン,竜/闇,360,じゆうのつばさ,飛行,7,MVP_021,クリムゾンストライク,炎,物理,35,100,30,
171,レイバーン,竜/闇,360,じゆうのつばさ,飛行,7,MV_121,シャドウピアス,闇,物理,35,100,34,
171,レイバーン,竜/闇,360,じゆうのつばさ,飛行,7,MV_123,ダスクブレード,闇,物理,35,100,32,
171,レイバーン,竜/闇,360,じゆうのつばさ,飛行,7,MV_138,ダブルスラスト,無,物理,35,100,33,
171,レイバーン,竜/闇,360,じゆうのつばさ,飛行,7,MV_139,テイルスイープ,無,物理,35,100,33,
171,レイバーン,竜/闇,360,じゆうのつばさ,飛行,7,MV_187,アイスペブル,氷,物理,35,100,36,
171,レイバーン,竜/闇,360,じゆうのつばさ,飛行,7,MV_233,シンダー,炎,物理,35,95,32,
171,レイバーン,竜/闇,360,じゆうのつばさ,飛行,7,mvh_ice,トリプルアイスブレード,氷,物理,35,90,10,3発(発ごと命中)
171,レイバーン,竜/闇,360,じゆうのつばさ,飛行,7,mvs_toxic_dark,トキシックドロップ,闇,変化,0,100,10,
171,レイバーン,竜/闇,360,じゆうのつばさ,飛行,8,MVP_022,スコーチフィスト,炎,物理,40,100,28,
171,レイバーン,竜/闇,360,じゆうのつばさ,飛行,8,MVP_023,フォスファーブロー,炎,物理,40,100,28,
171,レイバーン,竜/闇,360,じゆうのつばさ,飛行,8,MVP_121,ホワイトアイスストライク,氷,物理,40,100,30,
171,レイバーン,竜/闇,360,じゆうのつばさ,飛行,8,MV_124,シャドウステッチ,闇,物理,40,100,32,
171,レイバーン,竜/闇,360,じゆうのつばさ,飛行,8,MV_125,ダークウェッジ,闇,物理,40,100,32,
171,レイバーン,竜/闇,360,じゆうのつばさ,飛行,8,MV_140,ヘッドバット,無,物理,40,100,33,
171,レイバーン,竜/闇,360,じゆうのつばさ,飛行,8,MV_141,スピンタックル,無,物理,40,100,33,
171,レイバーン,竜/闇,360,じゆうのつばさ,飛行,8,MV_188,アイスブレード,氷,物理,40,100,33,
171,レイバーン,竜/闇,360,じゆうのつばさ,飛行,9,MVP_024,ロースパンチ,炎,物理,45,100,26,
171,レイバーン,竜/闇,360,じゆうのつばさ,飛行,9,MVP_122,フリーズフィスト,氷,物理,45,100,28,
171,レイバーン,竜/闇,360,じゆうのつばさ,飛行,9,MVP_123,フロストストライクブロー,氷,物理,45,100,28,
171,レイバーン,竜/闇,360,じゆうのつばさ,飛行,9,MVP_141,ドラゴンファングストライク,竜,物理,45,100,30,
171,レイバーン,竜/闇,360,じゆうのつばさ,飛行,9,MVP_161,ブラックミストストライク,闇,物理,45,100,30,
171,レイバーン,竜/闇,360,じゆうのつばさ,飛行,10,mvs_ep_dragon,ドラゴンハートピーク,竜,変化,0,100,10,
171B,ヘルバーン,竜/炎,365,ふんどのつばさ,飛行,3,air_cannon,エアーキャノン,無,特殊,15,100,42,
171B,ヘルバーン,竜/炎,365,ふんどのつばさ,飛行,3,mvn_034,バイオレットボルト,雷,特殊,15,85,36,
171B,ヘルバーン,竜/炎,365,ふんどのつばさ,飛行,4,mvs_fire_atk_evasion,フレイムステップ,炎,変化,0,100,15,
171B,ヘルバーン,竜/炎,365,ふんどのつばさ,飛行,5,MV_160,クリティカルエイム,無,特殊,25,100,28,
171B,ヘルバーン,竜/炎,365,ふんどのつばさ,飛行,5,MV_185,ボルトライトバレット,雷,特殊,25,100,33,
171B,ヘルバーン,竜/炎,365,ふんどのつばさ,飛行,6,MVP_001,ホワイトストライク,無,物理,30,100,30,
171B,ヘルバーン,竜/炎,365,ふんどのつばさ,飛行,6,MV_137,バックフィスト,無,物理,30,100,36,
171B,ヘルバーン,竜/炎,365,ふんどのつばさ,飛行,6,mvn_003,ヴォイドエコー,無,特殊,30,90,32,
171B,ヘルバーン,竜/炎,365,ふんどのつばさ,飛行,6,mvn_004,ベアストライク,無,特殊,30,90,30,
171B,ヘルバーン,竜/炎,365,ふんどのつばさ,飛行,7,MVP_021,クリムゾンストライク,炎,物理,35,100,30,
171B,ヘルバーン,竜/炎,365,ふんどのつばさ,飛行,7,MV_138,ダブルスラスト,無,物理,35,100,33,
171B,ヘルバーン,竜/炎,365,ふんどのつばさ,飛行,7,MV_139,テイルスイープ,無,物理,35,100,33,
171B,ヘルバーン,竜/炎,365,ふんどのつばさ,飛行,7,MV_233,シンダー,炎,物理,35,95,32,
171B,ヘルバーン,竜/炎,365,ふんどのつばさ,飛行,7,mvh_electric,トリプルボルトストライク,雷,物理,35,90,10,3発(発ごと命中)
171B,ヘルバーン,竜/炎,365,ふんどのつばさ,飛行,8,MVP_022,スコーチフィスト,炎,物理,40,100,28,
171B,ヘルバーン,竜/炎,365,ふんどのつばさ,飛行,8,MVP_023,フォスファーブロー,炎,物理,40,100,28,
171B,ヘルバーン,竜/炎,365,ふんどのつばさ,飛行,8,MVP_061,バイオレットボルトストライク,雷,物理,40,100,30,
171B,ヘルバーン,竜/炎,365,ふんどのつばさ,飛行,8,MVP_062,サンダーロアフィスト,雷,物理,40,100,28,
171B,ヘルバーン,竜/炎,365,ふんどのつばさ,飛行,8,MV_140,ヘッドバット,無,物理,40,100,33,
171B,ヘルバーン,竜/炎,365,ふんどのつばさ,飛行,8,MV_141,スピンタックル,無,物理,40,100,33,
171B,ヘルバーン,竜/炎,365,ふんどのつばさ,飛行,9,MVP_024,ロースパンチ,炎,物理,45,100,26,
171B,ヘルバーン,竜/炎,365,ふんどのつばさ,飛行,9,MVP_063,フラッシュボルトブロー,雷,物理,45,100,28,
171B,ヘルバーン,竜/炎,365,ふんどのつばさ,飛行,9,MVP_141,ドラゴンファングストライク,竜,物理,45,100,30,
171B,ヘルバーン,竜/炎,365,ふんどのつばさ,飛行,9,MV_142,フライングキック,無,物理,45,100,33,
171B,ヘルバーン,竜/炎,365,ふんどのつばさ,飛行,9,MV_143,ブラントエッジ,無,物理,45,100,33,
171B,ヘルバーン,竜/炎,365,ふんどのつばさ,飛行,9,MV_168,スパークボルト,雷,物理,45,95,28,
171B,ヘルバーン,竜/炎,365,ふんどのつばさ,飛行,9,MV_236,フレイムクロー,炎,物理,45,95,26,
171B,ヘルバーン,竜/炎,365,ふんどのつばさ,飛行,10,MVP_002,マッチレスブロー,無,物理,50,100,28,
171B,ヘルバーン,竜/炎,365,ふんどのつばさ,飛行,10,MVP_064,ボルトチャージパンチ,雷,物理,50,100,26,
171B,ヘルバーン,竜/炎,365,ふんどのつばさ,飛行,10,MVP_142,ドラゴンスケイルフィスト,竜,物理,50,100,28,
171B,ヘルバーン,竜/炎,365,ふんどのつばさ,飛行,10,MV_145,ラッシュスラスト,無,物理,50,100,33,
172,ダイナモフ,雷,240,雷のちから,飛行,1,MV_176,ボルトルアー,雷,変化,0,100,15,
172,ダイナモフ,雷,240,雷のちから,飛行,3,mvn_056,グリーンリーフ,草,特殊,15,100,36,
172,ダイナモフ,雷,240,雷のちから,飛行,5,MV_285,グラスノット,草,特殊,25,100,28,
172,ダイナモフ,雷,240,雷のちから,飛行,5,mvn_060,グラスリング,草,特殊,25,100,28,
172,ダイナモフ,雷,240,雷のちから,飛行,6,mvn_059,フレッシュリーフ,草,特殊,30,100,30,
172,ダイナモフ,雷,240,雷のちから,飛行,7,MV_281,リーフブレード,草,物理,35,100,36,
172,ダイナモフ,雷,240,雷のちから,飛行,7,mvh_electric,トリプルボルトストライク,雷,物理,35,90,10,3発(発ごと命中)
172,ダイナモフ,雷,240,雷のちから,飛行,8,MVP_061,バイオレットボルトストライク,雷,物理,40,100,30,
172,ダイナモフ,雷,240,雷のちから,飛行,8,MVP_062,サンダーロアフィスト,雷,物理,40,100,28,
172,ダイナモフ,雷,240,雷のちから,飛行,8,MVP_101,グリーンリーフストライク,草,物理,40,100,30,
172,ダイナモフ,雷,240,雷のちから,飛行,8,MV_282,シードショット,草,物理,40,100,33,
172,ダイナモフ,雷,240,雷のちから,飛行,9,MVP_063,フラッシュボルトブロー,雷,物理,45,100,28,
172,ダイナモフ,雷,240,雷のちから,飛行,9,MVP_102,アイビーストライクフィスト,草,物理,45,100,28,
172,ダイナモフ,雷,240,雷のちから,飛行,9,MV_168,スパークボルト,雷,物理,45,95,28,
172,ダイナモフ,雷,240,雷のちから,飛行,9,MV_283,ヴァインウィップ,草,物理,45,100,33,
172,ダイナモフ,雷,240,雷のちから,飛行,9,mvn_061,ヴァーダントリーフ,草,特殊,45,100,26,
172,ダイナモフ,雷,240,雷のちから,飛行,9,spine_vine,スパインヴァイン,草,特殊,45,100,21,
172,ダイナモフ,雷,240,雷のちから,飛行,10,MVP_064,ボルトチャージパンチ,雷,物理,50,100,26,
172,ダイナモフ,雷,240,雷のちから,飛行,10,MVP_103,リーフヴェインブロー,草,物理,50,100,28,
172,ダイナモフ,雷,240,雷のちから,飛行,10,MVP_104,フレッシュリーフパンチ,草,物理,50,100,26,
172,ダイナモフ,雷,240,雷のちから,飛行,10,MV_182,ショックスティング,雷,物理,50,100,30,
172,ダイナモフ,雷,240,雷のちから,飛行,10,mvs_ep_electric,サンダーロアピーク,雷,変化,0,100,10,
172,ダイナモフ,雷,240,雷のちから,飛行,11,MV_183,ライトニングスラスト,雷,物理,55,100,27,
172,ダイナモフ,雷,240,雷のちから,飛行,11,MV_287,アイビーバインド,草,物理,55,100,27,
172,ダイナモフ,雷,240,雷のちから,飛行,11,MV_288,ソーンウィップ,草,物理,55,100,24,
172,ダイナモフ,雷,240,雷のちから,飛行,12,MVP_065,スイフトボルトスラスト,雷,物理,60,100,21,
172,ダイナモフ,雷,240,雷のちから,飛行,12,MVP_105,グラスリングスラスト,草,物理,60,100,21,
172,ダイナモフ,雷,240,雷のちから,飛行,12,MV_296,ブライアウィップ,草,物理,60,100,21,
172,ダイナモフ,雷,240,雷のちから,飛行,13,MVP_106,ヴァーダントリーフフィスト,草,物理,65,100,18,
172,ダイナモフ,雷,240,雷のちから,飛行,13,MVP_107,リーフスウォームストライク,草,物理,65,100,15,
172,ダイナモフ,雷,240,雷のちから,飛行,14,MV_289,パワーウィップ,草,物理,70,100,12,
172,ダイナモフ,雷,240,雷のちから,飛行,14,MV_297,ティンバーストライク,草,物理,70,100,15,
172,ダイナモフ,雷,240,雷のちから,飛行,15,MVP_108,グラスヴェールブロー,草,物理,75,90,11,
172,ダイナモフ,雷,240,雷のちから,飛行,15,MVP_109,ヴァインブローパンチ,草,物理,75,90,11,
172,ダイナモフ,雷,240,雷のちから,飛行,16,MVP_110,グリーンアレイフィスト,草,物理,80,100,6,
172,ダイナモフ,雷,240,雷のちから,飛行,16,MVP_111,リーフハイドストライク,草,物理,80,90,8,
173,フラペック,草,260,クイックステップ,,1,MV_299,ライフスタンス,草,変化,0,100,15,
173,フラペック,草,260,クイックステップ,,1,MV_300,リーフハイドスタンス,草,変化,0,100,15,
173,フラペック,草,260,クイックステップ,,3,mvn_023,クリアストリーム,水,特殊,15,100,36,
173,フラペック,草,260,クイックステップ,,5,aqua_gun,アクアショット,水,特殊,25,100,36,
173,フラペック,草,260,クイックステップ,,5,mvh_water,タービュレントラッシュ,水,物理,25,95,15,2〜5発
173,フラペック,草,260,クイックステップ,,7,MV_212,ウォーターガン,水,物理,35,100,36,
173,フラペック,草,260,クイックステップ,,7,MV_215,ウォーターカッター,水,特殊,35,100,30,
173,フラペック,草,260,クイックステップ,,7,MV_281,リーフブレード,草,物理,35,100,36,
173,フラペック,草,260,クイックステップ,,8,MVP_041,クリアストリームストライク,水,物理,40,100,30,
173,フラペック,草,260,クイックステップ,,8,MVP_101,グリーンリーフストライク,草,物理,40,100,30,
173,フラペック,草,260,クイックステップ,,8,MV_282,シードショット,草,物理,40,100,33,
173,フラペック,草,260,クイックステップ,,9,MVP_042,ミラーウォーターブロー,水,物理,45,100,28,
173,フラペック,草,260,クイックステップ,,9,MVP_102,アイビーストライクフィスト,草,物理,45,100,28,
173,フラペック,草,260,クイックステップ,,9,MV_214,バブルバラージ,水,物理,45,100,33,
173,フラペック,草,260,クイックステップ,,9,MV_283,ヴァインウィップ,草,物理,45,100,33,
173,フラペック,草,260,クイックステップ,,9,mvn_028,スプラッシュ,水,特殊,45,100,26,
173,フラペック,草,260,クイックステップ,,10,MVP_043,サーフサウンドフィスト,水,物理,50,100,28,
173,フラペック,草,260,クイックステップ,,10,MVP_044,ドロップストライクパンチ,水,物理,50,100,26,
173,フラペック,草,260,クイックステップ,,10,MVP_103,リーフヴェインブロー,草,物理,50,100,28,
173,フラペック,草,260,クイックステップ,,10,MVP_104,フレッシュリーフパンチ,草,物理,50,100,26,
173,フラペック,草,260,クイックステップ,,11,MV_216,ウォーターブレード,水,物理,55,100,27,
173,フラペック,草,260,クイックステップ,,11,MV_221,ストリームコンボ,水,物理,55,100,27,
173,フラペック,草,260,クイックステップ,,11,MV_287,アイビーバインド,草,物理,55,100,27,
173,フラペック,草,260,クイックステップ,,11,MV_288,ソーンウィップ,草,物理,55,100,24,
173,フラペック,草,260,クイックステップ,,12,MV_222,ミラーウォータースラッシュ,水,物理,60,100,24,
173,フラペック,草,260,クイックステップ,,12,MV_227,アクアジェット,水,物理,60,100,27,
173,フラペック,草,260,クイックステップ,,13,MVP_045,ウォーターリングスラスト,水,物理,65,100,21,
173,フラペック,草,260,クイックステップ,,13,MV_230,アクアファング,水,物理,65,100,24,
173,フラペック,草,260,クイックステップ,,14,MVP_046,スプラッシュフィスト,水,物理,70,100,18,
173,フラペック,草,260,クイックステップ,,14,MVP_047,ウォーターヴェインストライク,水,物理,70,100,15,
173,フラペック,草,260,クイックステップ,,15,MVP_048,アズールウェーブブロー,水,物理,75,90,11,
173,フラペック,草,260,クイックステップ,,15,MVP_049,ドロップレットパンチ,水,物理,75,90,11,
173,フラペック,草,260,クイックステップ,,16,MVP_050,アクアヴェールフィスト,水,物理,80,100,6,
173,フラペック,草,260,クイックステップ,,16,MVP_051,リップルストライク,水,物理,80,90,8,
174,センコ,炎,340,ばくせん,放熱器官,3,air_cannon,エアーキャノン,無,特殊,15,100,42,
174,センコ,炎,340,ばくせん,放熱器官,3,mvn_034,バイオレットボルト,雷,特殊,15,85,36,
174,センコ,炎,340,ばくせん,放熱器官,4,mvs_fire_atk_crit,フレイムファングスタンス,炎,変化,0,100,15,
174,センコ,炎,340,ばくせん,放熱器官,5,MV_160,クリティカルエイム,無,特殊,25,100,28,
174,センコ,炎,340,ばくせん,放熱器官,5,MV_185,ボルトライトバレット,雷,特殊,25,100,33,
174,センコ,炎,340,ばくせん,放熱器官,6,MVP_001,ホワイトストライク,無,物理,30,100,30,
174,センコ,炎,340,ばくせん,放熱器官,6,MV_137,バックフィスト,無,物理,30,100,36,
174,センコ,炎,340,ばくせん,放熱器官,6,mvn_003,ヴォイドエコー,無,特殊,30,90,32,
174,センコ,炎,340,ばくせん,放熱器官,6,mvn_004,ベアストライク,無,特殊,30,90,30,
174,センコ,炎,340,ばくせん,放熱器官,7,MVP_021,クリムゾンストライク,炎,物理,35,100,30,
174,センコ,炎,340,ばくせん,放熱器官,7,MV_138,ダブルスラスト,無,物理,35,100,33,
174,センコ,炎,340,ばくせん,放熱器官,7,MV_139,テイルスイープ,無,物理,35,100,33,
174,センコ,炎,340,ばくせん,放熱器官,7,MV_233,シンダー,炎,物理,35,95,32,
174,センコ,炎,340,ばくせん,放熱器官,7,mvh_electric,トリプルボルトストライク,雷,物理,35,90,10,3発(発ごと命中)
174,センコ,炎,340,ばくせん,放熱器官,8,MVP_022,スコーチフィスト,炎,物理,40,100,28,
174,センコ,炎,340,ばくせん,放熱器官,8,MVP_023,フォスファーブロー,炎,物理,40,100,28,
174,センコ,炎,340,ばくせん,放熱器官,8,MVP_061,バイオレットボルトストライク,雷,物理,40,100,30,
174,センコ,炎,340,ばくせん,放熱器官,8,MVP_062,サンダーロアフィスト,雷,物理,40,100,28,
174,センコ,炎,340,ばくせん,放熱器官,8,MV_140,ヘッドバット,無,物理,40,100,33,
174,センコ,炎,340,ばくせん,放熱器官,8,MV_141,スピンタックル,無,物理,40,100,33,
174,センコ,炎,340,ばくせん,放熱器官,9,MVP_024,ロースパンチ,炎,物理,45,100,26,
174,センコ,炎,340,ばくせん,放熱器官,9,MVP_063,フラッシュボルトブロー,雷,物理,45,100,28,
174,センコ,炎,340,ばくせん,放熱器官,9,MV_142,フライングキック,無,物理,45,100,33,
174,センコ,炎,340,ばくせん,放熱器官,9,MV_143,ブラントエッジ,無,物理,45,100,33,
174,センコ,炎,340,ばくせん,放熱器官,9,MV_168,スパークボルト,雷,物理,45,95,28,
174,センコ,炎,340,ばくせん,放熱器官,9,MV_236,フレイムクロー,炎,物理,45,95,26,
174,センコ,炎,340,ばくせん,放熱器官,10,MVP_002,マッチレスブロー,無,物理,50,100,28,
174,センコ,炎,340,ばくせん,放熱器官,10,MVP_064,ボルトチャージパンチ,雷,物理,50,100,26,
174,センコ,炎,340,ばくせん,放熱器官,10,MV_145,ラッシュスラスト,無,物理,50,100,33,
174,センコ,炎,340,ばくせん,放熱器官,10,MV_182,ショックスティング,雷,物理,50,100,30,
174,センコ,炎,340,ばくせん,放熱器官,10,MV_246,フレイムファング,炎,物理,50,95,26,
174,センコ,炎,340,ばくせん,放熱器官,10,MV_250,フレイムスラスト,炎,物理,50,100,27,
175,ハナミズチ,草/水,365,グロリアスミスト,潜航,1,MV_300,リーフハイドスタンス,草,変化,0,100,15,
175,ハナミズチ,草/水,365,グロリアスミスト,潜航,3,air_cannon,エアーキャノン,無,特殊,15,100,42,
175,ハナミズチ,草/水,365,グロリアスミスト,潜航,3,mvn_045,クロッド,地,特殊,15,100,36,
175,ハナミズチ,草/水,365,グロリアスミスト,潜航,4,MV_280,サンドバインド,地,特殊,20,100,28,
175,ハナミズチ,草/水,365,グロリアスミスト,潜航,5,MV_160,クリティカルエイム,無,特殊,25,100,28,
175,ハナミズチ,草/水,365,グロリアスミスト,潜航,5,mvh_ground,ロックバラージブロー,地,物理,25,95,15,2〜5発
175,ハナミズチ,草/水,365,グロリアスミスト,潜航,5,mvh_water,タービュレントラッシュ,水,物理,25,95,15,2〜5発
175,ハナミズチ,草/水,365,グロリアスミスト,潜航,6,MVP_001,ホワイトストライク,無,物理,30,100,30,
175,ハナミズチ,草/水,365,グロリアスミスト,潜航,6,MV_137,バックフィスト,無,物理,30,100,36,
175,ハナミズチ,草/水,365,グロリアスミスト,潜航,6,mvn_003,ヴォイドエコー,無,特殊,30,90,32,
175,ハナミズチ,草/水,365,グロリアスミスト,潜航,6,mvn_004,ベアストライク,無,特殊,30,90,30,
175,ハナミズチ,草/水,365,グロリアスミスト,潜航,7,MV_138,ダブルスラスト,無,物理,35,100,33,
175,ハナミズチ,草/水,365,グロリアスミスト,潜航,7,MV_139,テイルスイープ,無,物理,35,100,33,
175,ハナミズチ,草/水,365,グロリアスミスト,潜航,7,MV_212,ウォーターガン,水,物理,35,100,36,
175,ハナミズチ,草/水,365,グロリアスミスト,潜航,7,MV_256,ストーンペブル,地,物理,35,100,36,
175,ハナミズチ,草/水,365,グロリアスミスト,潜航,7,MV_281,リーフブレード,草,物理,35,100,36,
175,ハナミズチ,草/水,365,グロリアスミスト,潜航,8,MVP_041,クリアストリームストライク,水,物理,40,100,30,
175,ハナミズチ,草/水,365,グロリアスミスト,潜航,8,MVP_081,クロッドストライク,地,物理,40,100,30,
175,ハナミズチ,草/水,365,グロリアスミスト,潜航,8,MVP_101,グリーンリーフストライク,草,物理,40,100,30,
175,ハナミズチ,草/水,365,グロリアスミスト,潜航,8,MV_140,ヘッドバット,無,物理,40,100,33,
175,ハナミズチ,草/水,365,グロリアスミスト,潜航,8,MV_141,スピンタックル,無,物理,40,100,33,
175,ハナミズチ,草/水,365,グロリアスミスト,潜航,8,MV_260,ブラインドサンド,地,物理,40,100,32,
175,ハナミズチ,草/水,365,グロリアスミスト,潜航,8,MV_282,シードショット,草,物理,40,100,33,
175,ハナミズチ,草/水,365,グロリアスミスト,潜航,9,MVP_042,ミラーウォーターブロー,水,物理,45,100,28,
175,ハナミズチ,草/水,365,グロリアスミスト,潜航,9,MVP_102,アイビーストライクフィスト,草,物理,45,100,28,
175,ハナミズチ,草/水,365,グロリアスミスト,潜航,9,MV_142,フライングキック,無,物理,45,100,33,
175,ハナミズチ,草/水,365,グロリアスミスト,潜航,9,MV_143,ブラントエッジ,無,物理,45,100,33,
175,ハナミズチ,草/水,365,グロリアスミスト,潜航,9,MV_257,ロックバレット,地,物理,45,100,33,
175,ハナミズチ,草/水,365,グロリアスミスト,潜航,9,MV_259,サンドスプレー,地,物理,45,100,30,
175,ハナミズチ,草/水,365,グロリアスミスト,潜航,10,MVP_002,マッチレスブロー,無,物理,50,100,28,
175,ハナミズチ,草/水,365,グロリアスミスト,潜航,10,MVP_082,ベッドロックフィスト,地,物理,50,100,28,
176,ラピエール,炎,310,ばくせん,放熱器官,3,air_cannon,エアーキャノン,無,特殊,15,100,42,
176,ラピエール,炎,310,ばくせん,放熱器官,3,mvn_034,バイオレットボルト,雷,特殊,15,85,36,
176,ラピエール,炎,310,ばくせん,放熱器官,5,MV_160,クリティカルエイム,無,特殊,25,100,28,
176,ラピエール,炎,310,ばくせん,放熱器官,5,MV_185,ボルトライトバレット,雷,特殊,25,100,33,
176,ラピエール,炎,310,ばくせん,放熱器官,6,MVP_001,ホワイトストライク,無,物理,30,100,30,
176,ラピエール,炎,310,ばくせん,放熱器官,6,MV_137,バックフィスト,無,物理,30,100,36,
176,ラピエール,炎,310,ばくせん,放熱器官,6,mvn_003,ヴォイドエコー,無,特殊,30,90,32,
176,ラピエール,炎,310,ばくせん,放熱器官,6,mvn_004,ベアストライク,無,特殊,30,90,30,
176,ラピエール,炎,310,ばくせん,放熱器官,7,MVP_021,クリムゾンストライク,炎,物理,35,100,30,
176,ラピエール,炎,310,ばくせん,放熱器官,7,MV_138,ダブルスラスト,無,物理,35,100,33,
176,ラピエール,炎,310,ばくせん,放熱器官,7,MV_139,テイルスイープ,無,物理,35,100,33,
176,ラピエール,炎,310,ばくせん,放熱器官,7,MV_233,シンダー,炎,物理,35,95,32,
176,ラピエール,炎,310,ばくせん,放熱器官,7,mvh_electric,トリプルボルトストライク,雷,物理,35,90,10,3発(発ごと命中)
176,ラピエール,炎,310,ばくせん,放熱器官,7,mvw_sunny,サンライトソング,炎,変化,0,100,16,
176,ラピエール,炎,310,ばくせん,放熱器官,8,MVP_022,スコーチフィスト,炎,物理,40,100,28,
176,ラピエール,炎,310,ばくせん,放熱器官,8,MVP_023,フォスファーブロー,炎,物理,40,100,28,
176,ラピエール,炎,310,ばくせん,放熱器官,8,MVP_061,バイオレットボルトストライク,雷,物理,40,100,30,
176,ラピエール,炎,310,ばくせん,放熱器官,8,MVP_062,サンダーロアフィスト,雷,物理,40,100,28,
176,ラピエール,炎,310,ばくせん,放熱器官,8,MV_140,ヘッドバット,無,物理,40,100,33,
176,ラピエール,炎,310,ばくせん,放熱器官,8,MV_141,スピンタックル,無,物理,40,100,33,
176,ラピエール,炎,310,ばくせん,放熱器官,9,MVP_024,ロースパンチ,炎,物理,45,100,26,
176,ラピエール,炎,310,ばくせん,放熱器官,9,MVP_063,フラッシュボルトブロー,雷,物理,45,100,28,
176,ラピエール,炎,310,ばくせん,放熱器官,9,MV_142,フライングキック,無,物理,45,100,33,
176,ラピエール,炎,310,ばくせん,放熱器官,9,MV_143,ブラントエッジ,無,物理,45,100,33,
176,ラピエール,炎,310,ばくせん,放熱器官,9,MV_168,スパークボルト,雷,物理,45,95,28,
176,ラピエール,炎,310,ばくせん,放熱器官,9,MV_236,フレイムクロー,炎,物理,45,95,26,
176,ラピエール,炎,310,ばくせん,放熱器官,10,MVP_002,マッチレスブロー,無,物理,50,100,28,
176,ラピエール,炎,310,ばくせん,放熱器官,10,MVP_064,ボルトチャージパンチ,雷,物理,50,100,26,
176,ラピエール,炎,310,ばくせん,放熱器官,10,MV_145,ラッシュスラスト,無,物理,50,100,33,
176,ラピエール,炎,310,ばくせん,放熱器官,10,MV_182,ショックスティング,雷,物理,50,100,30,
176,ラピエール,炎,310,ばくせん,放熱器官,10,MV_246,フレイムファング,炎,物理,50,95,26,
176,ラピエール,炎,310,ばくせん,放熱器官,10,MV_250,フレイムスラスト,炎,物理,50,100,27,
176,ラピエール,炎,310,ばくせん,放熱器官,10,mvs_ep_fire,ヘルファイアピーク,炎,変化,0,100,10,
176,ラピエール,炎,310,ばくせん,放熱器官,11,MVP_003,ヴォイドクラッシュ,無,物理,55,100,28,
177,アルセーヴ,闇,320,闇のきずな,飛行,3,air_cannon,エアーキャノン,無,特殊,15,100,42,
177,アルセーヴ,闇,320,闇のきずな,飛行,3,mvn_067,ホワイトアイス,氷,特殊,15,85,36,
177,アルセーヴ,闇,320,闇のきずな,飛行,4,MV_122,カースウィスパー,闇,変化,0,100,15,
177,アルセーヴ,闇,320,闇のきずな,飛行,5,MV_160,クリティカルエイム,無,特殊,25,100,28,
177,アルセーヴ,闇,320,闇のきずな,飛行,5,mvh_dark,シャドウバラージ,闇,物理,25,95,15,2〜5発
177,アルセーヴ,闇,320,闇のきずな,飛行,6,MVP_001,ホワイトストライク,無,物理,30,100,30,
177,アルセーヴ,闇,320,闇のきずな,飛行,6,MV_137,バックフィスト,無,物理,30,100,36,
177,アルセーヴ,闇,320,闇のきずな,飛行,6,MV_205,フロストネット,氷,特殊,30,95,28,
177,アルセーヴ,闇,320,闇のきずな,飛行,6,ice_cutter,アイスカッター,氷,特殊,30,100,33,
177,アルセーヴ,闇,320,闇のきずな,飛行,6,mvn_003,ヴォイドエコー,無,特殊,30,90,32,
177,アルセーヴ,闇,320,闇のきずな,飛行,7,MV_121,シャドウピアス,闇,物理,35,100,34,
177,アルセーヴ,闇,320,闇のきずな,飛行,7,MV_123,ダスクブレード,闇,物理,35,100,32,
177,アルセーヴ,闇,320,闇のきずな,飛行,7,MV_138,ダブルスラスト,無,物理,35,100,33,
177,アルセーヴ,闇,320,闇のきずな,飛行,7,MV_139,テイルスイープ,無,物理,35,100,33,
177,アルセーヴ,闇,320,闇のきずな,飛行,7,MV_187,アイスペブル,氷,物理,35,100,36,
177,アルセーヴ,闇,320,闇のきずな,飛行,7,mvh_ice,トリプルアイスブレード,氷,物理,35,90,10,3発(発ごと命中)
177,アルセーヴ,闇,320,闇のきずな,飛行,8,MVP_121,ホワイトアイスストライク,氷,物理,40,100,30,
177,アルセーヴ,闇,320,闇のきずな,飛行,8,MV_124,シャドウステッチ,闇,物理,40,100,32,
177,アルセーヴ,闇,320,闇のきずな,飛行,8,MV_125,ダークウェッジ,闇,物理,40,100,32,
177,アルセーヴ,闇,320,闇のきずな,飛行,8,MV_140,ヘッドバット,無,物理,40,100,33,
177,アルセーヴ,闇,320,闇のきずな,飛行,8,MV_141,スピンタックル,無,物理,40,100,33,
177,アルセーヴ,闇,320,闇のきずな,飛行,8,MV_188,アイスブレード,氷,物理,40,100,33,
177,アルセーヴ,闇,320,闇のきずな,飛行,9,MVP_122,フリーズフィスト,氷,物理,45,100,28,
177,アルセーヴ,闇,320,闇のきずな,飛行,9,MVP_123,フロストストライクブロー,氷,物理,45,100,28,
177,アルセーヴ,闇,320,闇のきずな,飛行,9,MVP_161,ブラックミストストライク,闇,物理,45,100,30,
177,アルセーヴ,闇,320,闇のきずな,飛行,9,MV_126,カースチェイン,闇,物理,45,100,32,
177,アルセーヴ,闇,320,闇のきずな,飛行,9,MV_142,フライングキック,無,物理,45,100,33,
177,アルセーヴ,闇,320,闇のきずな,飛行,9,MV_143,ブラントエッジ,無,物理,45,100,33,
177,アルセーヴ,闇,320,闇のきずな,飛行,10,MVP_002,マッチレスブロー,無,物理,50,100,28,
177,アルセーヴ,闇,320,闇のきずな,飛行,10,MVP_124,アイスリングパンチ,氷,物理,50,100,26,
177,アルセーヴ,闇,320,闇のきずな,飛行,10,MVP_162,シャドウストライクフィスト,闇,物理,50,100,28,
177,アルセーヴ,闇,320,闇のきずな,飛行,10,MVP_163,カースブローパンチ,闇,物理,50,100,28,
177,アルセーヴ,闇,320,闇のきずな,飛行,10,MV_145,ラッシュスラスト,無,物理,50,100,33,
178,メドゥーナ,闇,255,闇のちから,,3,mvn_067,ホワイトアイス,氷,特殊,15,85,36,
178,メドゥーナ,闇,255,闇のちから,,4,MV_129,ネザーコール,闇,変化,0,100,15,
178,メドゥーナ,闇,255,闇のちから,,4,mvs_dark_accuracy_evasion,ダークナイトアイ,闇,変化,0,100,15,
178,メドゥーナ,闇,255,闇のちから,,5,mvh_dark,シャドウバラージ,闇,物理,25,95,15,2〜5発
178,メドゥーナ,闇,255,闇のちから,,6,MV_205,フロストネット,氷,特殊,30,95,28,
178,メドゥーナ,闇,255,闇のちから,,6,ice_cutter,アイスカッター,氷,特殊,30,100,33,
178,メドゥーナ,闇,255,闇のちから,,7,MV_121,シャドウピアス,闇,物理,35,100,34,
178,メドゥーナ,闇,255,闇のちから,,7,MV_123,ダスクブレード,闇,物理,35,100,32,
178,メドゥーナ,闇,255,闇のちから,,7,MV_187,アイスペブル,氷,物理,35,100,36,
178,メドゥーナ,闇,255,闇のちから,,7,mvh_ice,トリプルアイスブレード,氷,物理,35,90,10,3発(発ごと命中)
178,メドゥーナ,闇,255,闇のちから,,8,MVP_121,ホワイトアイスストライク,氷,物理,40,100,30,
178,メドゥーナ,闇,255,闇のちから,,8,MV_124,シャドウステッチ,闇,物理,40,100,32,
178,メドゥーナ,闇,255,闇のちから,,8,MV_125,ダークウェッジ,闇,物理,40,100,32,
178,メドゥーナ,闇,255,闇のちから,,8,MV_188,アイスブレード,氷,物理,40,100,33,
178,メドゥーナ,闇,255,闇のちから,,9,MVP_122,フリーズフィスト,氷,物理,45,100,28,
178,メドゥーナ,闇,255,闇のちから,,9,MVP_123,フロストストライクブロー,氷,物理,45,100,28,
178,メドゥーナ,闇,255,闇のちから,,9,MVP_161,ブラックミストストライク,闇,物理,45,100,30,
178,メドゥーナ,闇,255,闇のちから,,9,MV_126,カースチェイン,闇,物理,45,100,32,
178,メドゥーナ,闇,255,闇のちから,,9,mvn_073,フローズンクラウド,氷,特殊,45,100,24,
178,メドゥーナ,闇,255,闇のちから,,10,MVP_124,アイスリングパンチ,氷,物理,50,100,26,
178,メドゥーナ,闇,255,闇のちから,,10,MVP_162,シャドウストライクフィスト,闇,物理,50,100,28,
178,メドゥーナ,闇,255,闇のちから,,10,MVP_163,カースブローパンチ,闇,物理,50,100,28,
178,メドゥーナ,闇,255,闇のちから,,10,MV_189,フロストショット,氷,物理,50,100,30,
178,メドゥーナ,闇,255,闇のちから,,11,MV_190,アイスニードル,氷,物理,55,100,27,
178,メドゥーナ,闇,255,闇のちから,,11,MV_211,フローズンブレード,氷,物理,55,95,26,
178,メドゥーナ,闇,255,闇のちから,,12,MVP_125,チルスラスト,氷,物理,60,100,21,
178,メドゥーナ,闇,255,闇のちから,,12,MV_195,アイスファング,氷,物理,60,95,24,
178,メドゥーナ,闇,255,闇のちから,,13,MV_192,ブリザードブロー,氷,物理,65,100,21,
178,メドゥーナ,闇,255,闇のちから,,13,MV_200,アイスブレードコンボ,氷,物理,65,100,21,
178,メドゥーナ,闇,255,闇のちから,,14,MVP_126,アイスシャードフィスト,氷,物理,70,100,18,
178,メドゥーナ,闇,255,闇のちから,,14,MVP_127,フローズンクラウドストライク,氷,物理,70,100,15,
178,メドゥーナ,闇,255,闇のちから,,15,MVP_128,アイスヴェールブロー,氷,物理,75,90,11,
178,メドゥーナ,闇,255,闇のちから,,15,MVP_129,フロストブロッサムパンチ,氷,物理,75,90,11,
178,メドゥーナ,闇,255,闇のちから,,16,MVP_130,アイスコアフィスト,氷,物理,80,100,6,
178,メドゥーナ,闇,255,闇のちから,,16,MVP_131,コールドストライクスラスト,氷,物理,80,90,8,
179,マシュリー,草,290,草のちから,,1,MV_299,ライフスタンス,草,変化,0,100,15,
179,マシュリー,草,290,草のちから,,1,MV_300,リーフハイドスタンス,草,変化,0,100,15,
179,マシュリー,草,290,草のちから,,3,mvn_023,クリアストリーム,水,特殊,15,100,36,
179,マシュリー,草,290,草のちから,,5,aqua_gun,アクアショット,水,特殊,25,100,36,
179,マシュリー,草,290,草のちから,,5,mvh_water,タービュレントラッシュ,水,物理,25,95,15,2〜5発
179,マシュリー,草,290,草のちから,,7,MV_212,ウォーターガン,水,物理,35,100,36,
179,マシュリー,草,290,草のちから,,7,MV_215,ウォーターカッター,水,特殊,35,100,30,
179,マシュリー,草,290,草のちから,,7,MV_281,リーフブレード,草,物理,35,100,36,
179,マシュリー,草,290,草のちから,,8,MVP_041,クリアストリームストライク,水,物理,40,100,30,
179,マシュリー,草,290,草のちから,,8,MVP_101,グリーンリーフストライク,草,物理,40,100,30,
179,マシュリー,草,290,草のちから,,8,MV_282,シードショット,草,物理,40,100,33,
179,マシュリー,草,290,草のちから,,9,MVP_042,ミラーウォーターブロー,水,物理,45,100,28,
179,マシュリー,草,290,草のちから,,9,MVP_102,アイビーストライクフィスト,草,物理,45,100,28,
179,マシュリー,草,290,草のちから,,9,MV_214,バブルバラージ,水,物理,45,100,33,
179,マシュリー,草,290,草のちから,,9,MV_283,ヴァインウィップ,草,物理,45,100,33,
179,マシュリー,草,290,草のちから,,9,mvn_028,スプラッシュ,水,特殊,45,100,26,
179,マシュリー,草,290,草のちから,,10,MVP_043,サーフサウンドフィスト,水,物理,50,100,28,
179,マシュリー,草,290,草のちから,,10,MVP_044,ドロップストライクパンチ,水,物理,50,100,26,
179,マシュリー,草,290,草のちから,,10,MVP_103,リーフヴェインブロー,草,物理,50,100,28,
179,マシュリー,草,290,草のちから,,10,MVP_104,フレッシュリーフパンチ,草,物理,50,100,26,
179,マシュリー,草,290,草のちから,,11,MV_216,ウォーターブレード,水,物理,55,100,27,
179,マシュリー,草,290,草のちから,,11,MV_221,ストリームコンボ,水,物理,55,100,27,
179,マシュリー,草,290,草のちから,,11,MV_287,アイビーバインド,草,物理,55,100,27,
179,マシュリー,草,290,草のちから,,11,MV_288,ソーンウィップ,草,物理,55,100,24,
179,マシュリー,草,290,草のちから,,12,MV_222,ミラーウォータースラッシュ,水,物理,60,100,24,
179,マシュリー,草,290,草のちから,,12,MV_227,アクアジェット,水,物理,60,100,27,
179,マシュリー,草,290,草のちから,,13,MVP_045,ウォーターリングスラスト,水,物理,65,100,21,
179,マシュリー,草,290,草のちから,,13,MV_230,アクアファング,水,物理,65,100,24,
179,マシュリー,草,290,草のちから,,14,MVP_046,スプラッシュフィスト,水,物理,70,100,18,
179,マシュリー,草,290,草のちから,,14,MVP_047,ウォーターヴェインストライク,水,物理,70,100,15,
179,マシュリー,草,290,草のちから,,15,MVP_048,アズールウェーブブロー,水,物理,75,90,11,
179,マシュリー,草,290,草のちから,,15,MVP_049,ドロップレットパンチ,水,物理,75,90,11,
179,マシュリー,草,290,草のちから,,16,MVP_050,アクアヴェールフィスト,水,物理,80,100,6,
180,ヴィランタン,闇/炎,285,闇のちから,放熱器官,3,mvn_034,バイオレットボルト,雷,特殊,15,85,36,
180,ヴィランタン,闇/炎,285,闇のちから,放熱器官,3,mvn_067,ホワイトアイス,氷,特殊,15,85,36,
180,ヴィランタン,闇/炎,285,闇のちから,放熱器官,4,mvs_fire_atk_evasion,フレイムステップ,炎,変化,0,100,15,
180,ヴィランタン,闇/炎,285,闇のちから,放熱器官,5,MV_185,ボルトライトバレット,雷,特殊,25,100,33,
180,ヴィランタン,闇/炎,285,闇のちから,放熱器官,5,mvh_dark,シャドウバラージ,闇,物理,25,95,15,2〜5発
180,ヴィランタン,闇/炎,285,闇のちから,放熱器官,6,MV_205,フロストネット,氷,特殊,30,95,28,
180,ヴィランタン,闇/炎,285,闇のちから,放熱器官,6,ice_cutter,アイスカッター,氷,特殊,30,100,33,
180,ヴィランタン,闇/炎,285,闇のちから,放熱器官,6,shockwave,ショックウェーブ,雷,特殊,30,100,36,
180,ヴィランタン,闇/炎,285,闇のちから,放熱器官,7,MVP_021,クリムゾンストライク,炎,物理,35,100,30,
180,ヴィランタン,闇/炎,285,闇のちから,放熱器官,7,MV_121,シャドウピアス,闇,物理,35,100,34,
180,ヴィランタン,闇/炎,285,闇のちから,放熱器官,7,MV_123,ダスクブレード,闇,物理,35,100,32,
180,ヴィランタン,闇/炎,285,闇のちから,放熱器官,7,MV_187,アイスペブル,氷,物理,35,100,36,
180,ヴィランタン,闇/炎,285,闇のちから,放熱器官,7,MV_233,シンダー,炎,物理,35,95,32,
180,ヴィランタン,闇/炎,285,闇のちから,放熱器官,7,mvh_electric,トリプルボルトストライク,雷,物理,35,90,10,3発(発ごと命中)
180,ヴィランタン,闇/炎,285,闇のちから,放熱器官,7,mvh_ice,トリプルアイスブレード,氷,物理,35,90,10,3発(発ごと命中)
180,ヴィランタン,闇/炎,285,闇のちから,放熱器官,7,mvs_toxic_dark,トキシックドロップ,闇,変化,0,100,10,
180,ヴィランタン,闇/炎,285,闇のちから,放熱器官,8,MVP_022,スコーチフィスト,炎,物理,40,100,28,
180,ヴィランタン,闇/炎,285,闇のちから,放熱器官,8,MVP_023,フォスファーブロー,炎,物理,40,100,28,
180,ヴィランタン,闇/炎,285,闇のちから,放熱器官,8,MVP_061,バイオレットボルトストライク,雷,物理,40,100,30,
180,ヴィランタン,闇/炎,285,闇のちから,放熱器官,8,MVP_062,サンダーロアフィスト,雷,物理,40,100,28,
180,ヴィランタン,闇/炎,285,闇のちから,放熱器官,8,MVP_121,ホワイトアイスストライク,氷,物理,40,100,30,
180,ヴィランタン,闇/炎,285,闇のちから,放熱器官,8,MV_124,シャドウステッチ,闇,物理,40,100,32,
180,ヴィランタン,闇/炎,285,闇のちから,放熱器官,8,MV_125,ダークウェッジ,闇,物理,40,100,32,
180,ヴィランタン,闇/炎,285,闇のちから,放熱器官,8,MV_188,アイスブレード,氷,物理,40,100,33,
180,ヴィランタン,闇/炎,285,闇のちから,放熱器官,9,MVP_063,フラッシュボルトブロー,雷,物理,45,100,28,
180,ヴィランタン,闇/炎,285,闇のちから,放熱器官,9,MVP_122,フリーズフィスト,氷,物理,45,100,28,
180,ヴィランタン,闇/炎,285,闇のちから,放熱器官,9,MVP_123,フロストストライクブロー,氷,物理,45,100,28,
180,ヴィランタン,闇/炎,285,闇のちから,放熱器官,9,MV_168,スパークボルト,雷,物理,45,95,28,
180,ヴィランタン,闇/炎,285,闇のちから,放熱器官,10,MVP_064,ボルトチャージパンチ,雷,物理,50,100,26,
180,ヴィランタン,闇/炎,285,闇のちから,放熱器官,10,MVP_124,アイスリングパンチ,氷,物理,50,100,26,
180,ヴィランタン,闇/炎,285,闇のちから,放熱器官,10,MV_182,ショックスティング,雷,物理,50,100,30,
180,ヴィランタン,闇/炎,285,闇のちから,放熱器官,10,MV_189,フロストショット,氷,物理,50,100,30,
180,ヴィランタン,闇/炎,285,闇のちから,放熱器官,11,MV_183,ライトニングスラスト,雷,物理,55,100,27,
180,ヴィランタン,闇/炎,285,闇のちから,放熱器官,11,MV_190,アイスニードル,氷,物理,55,100,27,
180,ヴィランタン,闇/炎,285,闇のちから,放熱器官,11,MV_211,フローズンブレード,氷,物理,55,95,26,
181,ホシノコ,闇,230,闇派,,3,mvn_067,ホワイトアイス,氷,特殊,15,85,36,
181,ホシノコ,闇,230,闇派,,5,mvh_dark,シャドウバラージ,闇,物理,25,95,15,2〜5発
181,ホシノコ,闇,230,闇派,,6,MV_205,フロストネット,氷,特殊,30,95,28,
181,ホシノコ,闇,230,闇派,,6,ice_cutter,アイスカッター,氷,特殊,30,100,33,
181,ホシノコ,闇,230,闇派,,7,MV_121,シャドウピアス,闇,物理,35,100,34,
181,ホシノコ,闇,230,闇派,,7,MV_123,ダスクブレード,闇,物理,35,100,32,
181,ホシノコ,闇,230,闇派,,7,MV_187,アイスペブル,氷,物理,35,100,36,
181,ホシノコ,闇,230,闇派,,7,mvh_ice,トリプルアイスブレード,氷,物理,35,90,10,3発(発ごと命中)
181,ホシノコ,闇,230,闇派,,7,mvs_toxic_dark,トキシックドロップ,闇,変化,0,100,10,
181,ホシノコ,闇,230,闇派,,8,MVP_121,ホワイトアイスストライク,氷,物理,40,100,30,
181,ホシノコ,闇,230,闇派,,8,MV_124,シャドウステッチ,闇,物理,40,100,32,
181,ホシノコ,闇,230,闇派,,8,MV_125,ダークウェッジ,闇,物理,40,100,32,
181,ホシノコ,闇,230,闇派,,8,MV_188,アイスブレード,氷,物理,40,100,33,
181,ホシノコ,闇,230,闇派,,9,MVP_122,フリーズフィスト,氷,物理,45,100,28,
181,ホシノコ,闇,230,闇派,,9,MVP_123,フロストストライクブロー,氷,物理,45,100,28,
181,ホシノコ,闇,230,闇派,,9,MVP_161,ブラックミストストライク,闇,物理,45,100,30,
181,ホシノコ,闇,230,闇派,,9,MV_126,カースチェイン,闇,物理,45,100,32,
181,ホシノコ,闇,230,闇派,,9,mvn_073,フローズンクラウド,氷,特殊,45,100,24,
181,ホシノコ,闇,230,闇派,,10,MVP_124,アイスリングパンチ,氷,物理,50,100,26,
181,ホシノコ,闇,230,闇派,,10,MVP_162,シャドウストライクフィスト,闇,物理,50,100,28,
181,ホシノコ,闇,230,闇派,,10,MVP_163,カースブローパンチ,闇,物理,50,100,28,
181,ホシノコ,闇,230,闇派,,10,MV_189,フロストショット,氷,物理,50,100,30,
181,ホシノコ,闇,230,闇派,,10,mvs_ep_dark,アビスピーク,闇,変化,0,100,10,
181,ホシノコ,闇,230,闇派,,11,MVP_164,ダークネススラスト,闇,物理,55,100,26,
181,ホシノコ,闇,230,闇派,,11,MV_190,アイスニードル,氷,物理,55,100,27,
181,ホシノコ,闇,230,闇派,,11,MV_211,フローズンブレード,氷,物理,55,95,26,
181,ホシノコ,闇,230,闇派,,12,MVP_125,チルスラスト,氷,物理,60,100,21,
181,ホシノコ,闇,230,闇派,,12,MV_195,アイスファング,氷,物理,60,95,24,
181,ホシノコ,闇,230,闇派,,13,MV_192,ブリザードブロー,氷,物理,65,100,21,
181,ホシノコ,闇,230,闇派,,13,MV_200,アイスブレードコンボ,氷,物理,65,100,21,
181,ホシノコ,闇,230,闇派,,14,MVP_126,アイスシャードフィスト,氷,物理,70,100,18,
181,ホシノコ,闇,230,闇派,,14,MVP_127,フローズンクラウドストライク,氷,物理,70,100,15,
181,ホシノコ,闇,230,闇派,,15,MVP_128,アイスヴェールブロー,氷,物理,75,90,11,
181,ホシノコ,闇,230,闇派,,15,MVP_129,フロストブロッサムパンチ,氷,物理,75,90,11,
181,ホシノコ,闇,230,闇派,,16,MVP_130,アイスコアフィスト,氷,物理,80,100,6,
181,ホシノコ,闇,230,闇派,,16,MVP_131,コールドストライクスラスト,氷,物理,80,90,8,
182,モノクローナ,闇/無,340,闇のちから,,1,MV_164,コンセントレート,無,変化,0,100,15,
182,モノクローナ,闇/無,340,闇のちから,,3,mvn_012,クリムゾン,炎,特殊,15,85,36,
182,モノクローナ,闇/無,340,闇のちから,,3,mvn_067,ホワイトアイス,氷,特殊,15,85,36,
182,モノクローナ,闇/無,340,闇のちから,,3,mvn_078,ドラゴンファング,竜,特殊,15,100,36,
182,モノクローナ,闇/無,340,闇のちから,,4,MV_247,ファイアスフィア,炎,特殊,20,100,30,
182,モノクローナ,闇/無,340,闇のちから,,5,mvh_dark,シャドウバラージ,闇,物理,25,95,15,2〜5発
182,モノクローナ,闇/無,340,闇のちから,,6,MVP_001,ホワイトストライク,無,物理,30,100,30,
182,モノクローナ,闇/無,340,闇のちから,,6,MV_137,バックフィスト,無,物理,30,100,36,
182,モノクローナ,闇/無,340,闇のちから,,6,MV_205,フロストネット,氷,特殊,30,95,28,
182,モノクローナ,闇/無,340,闇のちから,,6,MV_234,ブレイズバレット,炎,特殊,30,95,30,
182,モノクローナ,闇/無,340,闇のちから,,7,MVP_021,クリムゾンストライク,炎,物理,35,100,30,
182,モノクローナ,闇/無,340,闇のちから,,7,MV_121,シャドウピアス,闇,物理,35,100,34,
182,モノクローナ,闇/無,340,闇のちから,,7,MV_123,ダスクブレード,闇,物理,35,100,32,
182,モノクローナ,闇/無,340,闇のちから,,7,MV_138,ダブルスラスト,無,物理,35,100,33,
182,モノクローナ,闇/無,340,闇のちから,,7,MV_139,テイルスイープ,無,物理,35,100,33,
182,モノクローナ,闇/無,340,闇のちから,,7,MV_187,アイスペブル,氷,物理,35,100,36,
182,モノクローナ,闇/無,340,闇のちから,,7,MV_233,シンダー,炎,物理,35,95,32,
182,モノクローナ,闇/無,340,闇のちから,,7,mvh_ice,トリプルアイスブレード,氷,物理,35,90,10,3発(発ごと命中)
182,モノクローナ,闇/無,340,闇のちから,,8,MVP_022,スコーチフィスト,炎,物理,40,100,28,
182,モノクローナ,闇/無,340,闇のちから,,8,MVP_023,フォスファーブロー,炎,物理,40,100,28,
182,モノクローナ,闇/無,340,闇のちから,,8,MVP_121,ホワイトアイスストライク,氷,物理,40,100,30,
182,モノクローナ,闇/無,340,闇のちから,,8,MV_124,シャドウステッチ,闇,物理,40,100,32,
182,モノクローナ,闇/無,340,闇のちから,,8,MV_125,ダークウェッジ,闇,物理,40,100,32,
182,モノクローナ,闇/無,340,闇のちから,,8,MV_188,アイスブレード,氷,物理,40,100,33,
182,モノクローナ,闇/無,340,闇のちから,,9,MVP_024,ロースパンチ,炎,物理,45,100,26,
182,モノクローナ,闇/無,340,闇のちから,,9,MVP_122,フリーズフィスト,氷,物理,45,100,28,
182,モノクローナ,闇/無,340,闇のちから,,9,MVP_123,フロストストライクブロー,氷,物理,45,100,28,
182,モノクローナ,闇/無,340,闇のちから,,9,MVP_141,ドラゴンファングストライク,竜,物理,45,100,30,
182,モノクローナ,闇/無,340,闇のちから,,9,MV_236,フレイムクロー,炎,物理,45,95,26,
182,モノクローナ,闇/無,340,闇のちから,,10,MVP_124,アイスリングパンチ,氷,物理,50,100,26,
182,モノクローナ,闇/無,340,闇のちから,,10,MVP_142,ドラゴンスケイルフィスト,竜,物理,50,100,28,
182,モノクローナ,闇/無,340,闇のちから,,10,MVP_143,ドラゴンヴェインブロー,竜,物理,50,100,28,
183,ゴウカブキ,炎,325,ばくせん,放熱器官,3,air_cannon,エアーキャノン,無,特殊,15,100,42,
183,ゴウカブキ,炎,325,ばくせん,放熱器官,3,mvn_034,バイオレットボルト,雷,特殊,15,85,36,
183,ゴウカブキ,炎,325,ばくせん,放熱器官,4,mvs_fire_atk_evasion,フレイムステップ,炎,変化,0,100,15,
183,ゴウカブキ,炎,325,ばくせん,放熱器官,5,MV_160,クリティカルエイム,無,特殊,25,100,28,
183,ゴウカブキ,炎,325,ばくせん,放熱器官,5,MV_185,ボルトライトバレット,雷,特殊,25,100,33,
183,ゴウカブキ,炎,325,ばくせん,放熱器官,6,MVP_001,ホワイトストライク,無,物理,30,100,30,
183,ゴウカブキ,炎,325,ばくせん,放熱器官,6,MV_137,バックフィスト,無,物理,30,100,36,
183,ゴウカブキ,炎,325,ばくせん,放熱器官,6,mvn_003,ヴォイドエコー,無,特殊,30,90,32,
183,ゴウカブキ,炎,325,ばくせん,放熱器官,6,mvn_004,ベアストライク,無,特殊,30,90,30,
183,ゴウカブキ,炎,325,ばくせん,放熱器官,7,MVP_021,クリムゾンストライク,炎,物理,35,100,30,
183,ゴウカブキ,炎,325,ばくせん,放熱器官,7,MV_138,ダブルスラスト,無,物理,35,100,33,
183,ゴウカブキ,炎,325,ばくせん,放熱器官,7,MV_139,テイルスイープ,無,物理,35,100,33,
183,ゴウカブキ,炎,325,ばくせん,放熱器官,7,MV_233,シンダー,炎,物理,35,95,32,
183,ゴウカブキ,炎,325,ばくせん,放熱器官,7,mvh_electric,トリプルボルトストライク,雷,物理,35,90,10,3発(発ごと命中)
183,ゴウカブキ,炎,325,ばくせん,放熱器官,8,MVP_022,スコーチフィスト,炎,物理,40,100,28,
183,ゴウカブキ,炎,325,ばくせん,放熱器官,8,MVP_023,フォスファーブロー,炎,物理,40,100,28,
183,ゴウカブキ,炎,325,ばくせん,放熱器官,8,MVP_061,バイオレットボルトストライク,雷,物理,40,100,30,
183,ゴウカブキ,炎,325,ばくせん,放熱器官,8,MVP_062,サンダーロアフィスト,雷,物理,40,100,28,
183,ゴウカブキ,炎,325,ばくせん,放熱器官,8,MV_140,ヘッドバット,無,物理,40,100,33,
183,ゴウカブキ,炎,325,ばくせん,放熱器官,8,MV_141,スピンタックル,無,物理,40,100,33,
183,ゴウカブキ,炎,325,ばくせん,放熱器官,9,MVP_024,ロースパンチ,炎,物理,45,100,26,
183,ゴウカブキ,炎,325,ばくせん,放熱器官,9,MVP_063,フラッシュボルトブロー,雷,物理,45,100,28,
183,ゴウカブキ,炎,325,ばくせん,放熱器官,9,MV_142,フライングキック,無,物理,45,100,33,
183,ゴウカブキ,炎,325,ばくせん,放熱器官,9,MV_143,ブラントエッジ,無,物理,45,100,33,
183,ゴウカブキ,炎,325,ばくせん,放熱器官,9,MV_168,スパークボルト,雷,物理,45,95,28,
183,ゴウカブキ,炎,325,ばくせん,放熱器官,9,MV_236,フレイムクロー,炎,物理,45,95,26,
183,ゴウカブキ,炎,325,ばくせん,放熱器官,10,MVP_002,マッチレスブロー,無,物理,50,100,28,
183,ゴウカブキ,炎,325,ばくせん,放熱器官,10,MVP_064,ボルトチャージパンチ,雷,物理,50,100,26,
183,ゴウカブキ,炎,325,ばくせん,放熱器官,10,MV_145,ラッシュスラスト,無,物理,50,100,33,
183,ゴウカブキ,炎,325,ばくせん,放熱器官,10,MV_182,ショックスティング,雷,物理,50,100,30,
183,ゴウカブキ,炎,325,ばくせん,放熱器官,10,MV_246,フレイムファング,炎,物理,50,95,26,
183,ゴウカブキ,炎,325,ばくせん,放熱器官,10,MV_250,フレイムスラスト,炎,物理,50,100,27,
183,ゴウカブキ,炎,325,ばくせん,放熱器官,11,MVP_003,ヴォイドクラッシュ,無,物理,55,100,28,
184,シェルガドラ,竜/地,370,ハードブロック,,1,MV_273,サンドダストスタンス,地,変化,0,100,15,
184,シェルガドラ,竜/地,370,ハードブロック,,3,air_cannon,エアーキャノン,無,特殊,15,100,42,
184,シェルガドラ,竜/地,370,ハードブロック,,3,mvn_012,クリムゾン,炎,特殊,15,85,36,
184,シェルガドラ,竜/地,370,ハードブロック,,4,MV_247,ファイアスフィア,炎,特殊,20,100,30,
184,シェルガドラ,竜/地,370,ハードブロック,,5,MV_160,クリティカルエイム,無,特殊,25,100,28,
184,シェルガドラ,竜/地,370,ハードブロック,,5,mvh_ground,ロックバラージブロー,地,物理,25,95,15,2〜5発
184,シェルガドラ,竜/地,370,ハードブロック,,6,MVP_001,ホワイトストライク,無,物理,30,100,30,
184,シェルガドラ,竜/地,370,ハードブロック,,6,MV_137,バックフィスト,無,物理,30,100,36,
184,シェルガドラ,竜/地,370,ハードブロック,,6,MV_234,ブレイズバレット,炎,特殊,30,95,30,
184,シェルガドラ,竜/地,370,ハードブロック,,7,MVP_021,クリムゾンストライク,炎,物理,35,100,30,
184,シェルガドラ,竜/地,370,ハードブロック,,7,MV_138,ダブルスラスト,無,物理,35,100,33,
184,シェルガドラ,竜/地,370,ハードブロック,,7,MV_139,テイルスイープ,無,物理,35,100,33,
184,シェルガドラ,竜/地,370,ハードブロック,,7,MV_233,シンダー,炎,物理,35,95,32,
184,シェルガドラ,竜/地,370,ハードブロック,,7,MV_256,ストーンペブル,地,物理,35,100,36,
184,シェルガドラ,竜/地,370,ハードブロック,,7,mvw_sandstorm,サンドストーム,地,変化,0,100,16,
184,シェルガドラ,竜/地,370,ハードブロック,,8,MVP_022,スコーチフィスト,炎,物理,40,100,28,
184,シェルガドラ,竜/地,370,ハードブロック,,8,MVP_023,フォスファーブロー,炎,物理,40,100,28,
184,シェルガドラ,竜/地,370,ハードブロック,,8,MVP_081,クロッドストライク,地,物理,40,100,30,
184,シェルガドラ,竜/地,370,ハードブロック,,8,MV_140,ヘッドバット,無,物理,40,100,33,
184,シェルガドラ,竜/地,370,ハードブロック,,8,MV_141,スピンタックル,無,物理,40,100,33,
184,シェルガドラ,竜/地,370,ハードブロック,,8,MV_260,ブラインドサンド,地,物理,40,100,32,
184,シェルガドラ,竜/地,370,ハードブロック,,9,MVP_024,ロースパンチ,炎,物理,45,100,26,
184,シェルガドラ,竜/地,370,ハードブロック,,9,MVP_141,ドラゴンファングストライク,竜,物理,45,100,30,
184,シェルガドラ,竜/地,370,ハードブロック,,9,MV_142,フライングキック,無,物理,45,100,33,
184,シェルガドラ,竜/地,370,ハードブロック,,9,MV_143,ブラントエッジ,無,物理,45,100,33,
184,シェルガドラ,竜/地,370,ハードブロック,,9,MV_236,フレイムクロー,炎,物理,45,95,26,
184,シェルガドラ,竜/地,370,ハードブロック,,9,MV_257,ロックバレット,地,物理,45,100,33,
184,シェルガドラ,竜/地,370,ハードブロック,,9,MV_259,サンドスプレー,地,物理,45,100,30,
184,シェルガドラ,竜/地,370,ハードブロック,,10,MVP_002,マッチレスブロー,無,物理,50,100,28,
184,シェルガドラ,竜/地,370,ハードブロック,,10,MVP_082,ベッドロックフィスト,地,物理,50,100,28,
185,エレパンダ,雷,330,ハードアーマー,,3,air_cannon,エアーキャノン,無,特殊,15,100,42,
185,エレパンダ,雷,330,ハードアーマー,,3,mvn_056,グリーンリーフ,草,特殊,15,100,36,
185,エレパンダ,雷,330,ハードアーマー,,4,mvs_electric_evasion_crit,ボルトミラージュ,雷,変化,0,100,15,
185,エレパンダ,雷,330,ハードアーマー,,5,MV_160,クリティカルエイム,無,特殊,25,100,28,
185,エレパンダ,雷,330,ハードアーマー,,5,MV_285,グラスノット,草,特殊,25,100,28,
185,エレパンダ,雷,330,ハードアーマー,,5,mvn_060,グラスリング,草,特殊,25,100,28,
185,エレパンダ,雷,330,ハードアーマー,,6,MVP_001,ホワイトストライク,無,物理,30,100,30,
185,エレパンダ,雷,330,ハードアーマー,,6,MV_137,バックフィスト,無,物理,30,100,36,
185,エレパンダ,雷,330,ハードアーマー,,6,mvn_003,ヴォイドエコー,無,特殊,30,90,32,
185,エレパンダ,雷,330,ハードアーマー,,7,MV_138,ダブルスラスト,無,物理,35,100,33,
185,エレパンダ,雷,330,ハードアーマー,,7,MV_139,テイルスイープ,無,物理,35,100,33,
185,エレパンダ,雷,330,ハードアーマー,,7,MV_281,リーフブレード,草,物理,35,100,36,
185,エレパンダ,雷,330,ハードアーマー,,7,mvh_electric,トリプルボルトストライク,雷,物理,35,90,10,3発(発ごと命中)
185,エレパンダ,雷,330,ハードアーマー,,8,MVP_061,バイオレットボルトストライク,雷,物理,40,100,30,
185,エレパンダ,雷,330,ハードアーマー,,8,MVP_062,サンダーロアフィスト,雷,物理,40,100,28,
185,エレパンダ,雷,330,ハードアーマー,,8,MVP_101,グリーンリーフストライク,草,物理,40,100,30,
185,エレパンダ,雷,330,ハードアーマー,,8,MV_140,ヘッドバット,無,物理,40,100,33,
185,エレパンダ,雷,330,ハードアーマー,,8,MV_141,スピンタックル,無,物理,40,100,33,
185,エレパンダ,雷,330,ハードアーマー,,8,MV_282,シードショット,草,物理,40,100,33,
185,エレパンダ,雷,330,ハードアーマー,,9,MVP_063,フラッシュボルトブロー,雷,物理,45,100,28,
185,エレパンダ,雷,330,ハードアーマー,,9,MVP_102,アイビーストライクフィスト,草,物理,45,100,28,
185,エレパンダ,雷,330,ハードアーマー,,9,MV_142,フライングキック,無,物理,45,100,33,
185,エレパンダ,雷,330,ハードアーマー,,9,MV_143,ブラントエッジ,無,物理,45,100,33,
185,エレパンダ,雷,330,ハードアーマー,,9,MV_168,スパークボルト,雷,物理,45,95,28,
185,エレパンダ,雷,330,ハードアーマー,,9,MV_283,ヴァインウィップ,草,物理,45,100,33,
185,エレパンダ,雷,330,ハードアーマー,,10,MVP_002,マッチレスブロー,無,物理,50,100,28,
185,エレパンダ,雷,330,ハードアーマー,,10,MVP_064,ボルトチャージパンチ,雷,物理,50,100,26,
185,エレパンダ,雷,330,ハードアーマー,,10,MVP_103,リーフヴェインブロー,草,物理,50,100,28,
185,エレパンダ,雷,330,ハードアーマー,,10,MVP_104,フレッシュリーフパンチ,草,物理,50,100,26,
185,エレパンダ,雷,330,ハードアーマー,,10,MV_145,ラッシュスラスト,無,物理,50,100,33,
185,エレパンダ,雷,330,ハードアーマー,,10,MV_182,ショックスティング,雷,物理,50,100,30,
185,エレパンダ,雷,330,ハードアーマー,,11,MVP_003,ヴォイドクラッシュ,無,物理,55,100,28,
185,エレパンダ,雷,330,ハードアーマー,,11,MV_144,クラッシュブロー,無,物理,55,100,30,
186,リリクイン,草,350,オーバーヒール,,1,MV_300,リーフハイドスタンス,草,変化,0,100,15,
186,リリクイン,草,350,オーバーヒール,,3,air_cannon,エアーキャノン,無,特殊,15,100,42,
186,リリクイン,草,350,オーバーヒール,,3,mvn_023,クリアストリーム,水,特殊,15,100,36,
186,リリクイン,草,350,オーバーヒール,,5,MV_160,クリティカルエイム,無,特殊,25,100,28,
186,リリクイン,草,350,オーバーヒール,,5,aqua_gun,アクアショット,水,特殊,25,100,36,
186,リリクイン,草,350,オーバーヒール,,5,mvh_water,タービュレントラッシュ,水,物理,25,95,15,2〜5発
186,リリクイン,草,350,オーバーヒール,,6,MVP_001,ホワイトストライク,無,物理,30,100,30,
186,リリクイン,草,350,オーバーヒール,,6,MV_137,バックフィスト,無,物理,30,100,36,
186,リリクイン,草,350,オーバーヒール,,6,mvn_003,ヴォイドエコー,無,特殊,30,90,32,
186,リリクイン,草,350,オーバーヒール,,6,mvn_004,ベアストライク,無,特殊,30,90,30,
186,リリクイン,草,350,オーバーヒール,,7,MV_138,ダブルスラスト,無,物理,35,100,33,
186,リリクイン,草,350,オーバーヒール,,7,MV_139,テイルスイープ,無,物理,35,100,33,
186,リリクイン,草,350,オーバーヒール,,7,MV_212,ウォーターガン,水,物理,35,100,36,
186,リリクイン,草,350,オーバーヒール,,7,MV_281,リーフブレード,草,物理,35,100,36,
186,リリクイン,草,350,オーバーヒール,,8,MVP_041,クリアストリームストライク,水,物理,40,100,30,
186,リリクイン,草,350,オーバーヒール,,8,MVP_101,グリーンリーフストライク,草,物理,40,100,30,
186,リリクイン,草,350,オーバーヒール,,8,MV_140,ヘッドバット,無,物理,40,100,33,
186,リリクイン,草,350,オーバーヒール,,8,MV_141,スピンタックル,無,物理,40,100,33,
186,リリクイン,草,350,オーバーヒール,,8,MV_282,シードショット,草,物理,40,100,33,
186,リリクイン,草,350,オーバーヒール,,9,MVP_042,ミラーウォーターブロー,水,物理,45,100,28,
186,リリクイン,草,350,オーバーヒール,,9,MVP_102,アイビーストライクフィスト,草,物理,45,100,28,
186,リリクイン,草,350,オーバーヒール,,9,MV_142,フライングキック,無,物理,45,100,33,
186,リリクイン,草,350,オーバーヒール,,9,MV_143,ブラントエッジ,無,物理,45,100,33,
186,リリクイン,草,350,オーバーヒール,,9,MV_214,バブルバラージ,水,物理,45,100,33,
186,リリクイン,草,350,オーバーヒール,,9,MV_283,ヴァインウィップ,草,物理,45,100,33,
186,リリクイン,草,350,オーバーヒール,,10,MVP_002,マッチレスブロー,無,物理,50,100,28,
186,リリクイン,草,350,オーバーヒール,,10,MVP_043,サーフサウンドフィスト,水,物理,50,100,28,
186,リリクイン,草,350,オーバーヒール,,10,MVP_044,ドロップストライクパンチ,水,物理,50,100,26,
186,リリクイン,草,350,オーバーヒール,,10,MVP_103,リーフヴェインブロー,草,物理,50,100,28,
186,リリクイン,草,350,オーバーヒール,,10,MVP_104,フレッシュリーフパンチ,草,物理,50,100,26,
186,リリクイン,草,350,オーバーヒール,,10,MV_145,ラッシュスラスト,無,物理,50,100,33,
186B,ルナクイン,闇,350,闇のちから,,3,air_cannon,エアーキャノン,無,特殊,15,100,42,
186B,ルナクイン,闇,350,闇のちから,,3,mvn_067,ホワイトアイス,氷,特殊,15,85,36,
186B,ルナクイン,闇,350,闇のちから,,4,mvs_dark_accuracy_evasion,ダークナイトアイ,闇,変化,0,100,15,
186B,ルナクイン,闇,350,闇のちから,,5,MV_160,クリティカルエイム,無,特殊,25,100,28,
186B,ルナクイン,闇,350,闇のちから,,5,mvh_dark,シャドウバラージ,闇,物理,25,95,15,2〜5発
186B,ルナクイン,闇,350,闇のちから,,6,MVP_001,ホワイトストライク,無,物理,30,100,30,
186B,ルナクイン,闇,350,闇のちから,,6,MV_137,バックフィスト,無,物理,30,100,36,
186B,ルナクイン,闇,350,闇のちから,,6,MV_205,フロストネット,氷,特殊,30,95,28,
186B,ルナクイン,闇,350,闇のちから,,6,ice_cutter,アイスカッター,氷,特殊,30,100,33,
186B,ルナクイン,闇,350,闇のちから,,6,mvn_003,ヴォイドエコー,無,特殊,30,90,32,
186B,ルナクイン,闇,350,闇のちから,,7,MV_121,シャドウピアス,闇,物理,35,100,34,
186B,ルナクイン,闇,350,闇のちから,,7,MV_123,ダスクブレード,闇,物理,35,100,32,
186B,ルナクイン,闇,350,闇のちから,,7,MV_138,ダブルスラスト,無,物理,35,100,33,
186B,ルナクイン,闇,350,闇のちから,,7,MV_139,テイルスイープ,無,物理,35,100,33,
186B,ルナクイン,闇,350,闇のちから,,7,MV_187,アイスペブル,氷,物理,35,100,36,
186B,ルナクイン,闇,350,闇のちから,,7,mvh_ice,トリプルアイスブレード,氷,物理,35,90,10,3発(発ごと命中)
186B,ルナクイン,闇,350,闇のちから,,8,MVP_121,ホワイトアイスストライク,氷,物理,40,100,30,
186B,ルナクイン,闇,350,闇のちから,,8,MV_124,シャドウステッチ,闇,物理,40,100,32,
186B,ルナクイン,闇,350,闇のちから,,8,MV_125,ダークウェッジ,闇,物理,40,100,32,
186B,ルナクイン,闇,350,闇のちから,,8,MV_140,ヘッドバット,無,物理,40,100,33,
186B,ルナクイン,闇,350,闇のちから,,8,MV_141,スピンタックル,無,物理,40,100,33,
186B,ルナクイン,闇,350,闇のちから,,8,MV_188,アイスブレード,氷,物理,40,100,33,
186B,ルナクイン,闇,350,闇のちから,,9,MVP_122,フリーズフィスト,氷,物理,45,100,28,
186B,ルナクイン,闇,350,闇のちから,,9,MVP_123,フロストストライクブロー,氷,物理,45,100,28,
186B,ルナクイン,闇,350,闇のちから,,9,MVP_161,ブラックミストストライク,闇,物理,45,100,30,
186B,ルナクイン,闇,350,闇のちから,,9,MV_126,カースチェイン,闇,物理,45,100,32,
186B,ルナクイン,闇,350,闇のちから,,9,MV_142,フライングキック,無,物理,45,100,33,
186B,ルナクイン,闇,350,闇のちから,,9,MV_143,ブラントエッジ,無,物理,45,100,33,
186B,ルナクイン,闇,350,闇のちから,,10,MVP_002,マッチレスブロー,無,物理,50,100,28,
186B,ルナクイン,闇,350,闇のちから,,10,MVP_124,アイスリングパンチ,氷,物理,50,100,26,
186B,ルナクイン,闇,350,闇のちから,,10,MVP_162,シャドウストライクフィスト,闇,物理,50,100,28,
187,ボルゼクス,竜/雷,365,ビルドアップ,,3,air_cannon,エアーキャノン,無,特殊,15,100,42,
187,ボルゼクス,竜/雷,365,ビルドアップ,,3,mvn_012,クリムゾン,炎,特殊,15,85,36,
187,ボルゼクス,竜/雷,365,ビルドアップ,,3,mvn_056,グリーンリーフ,草,特殊,15,100,36,
187,ボルゼクス,竜/雷,365,ビルドアップ,,4,MV_247,ファイアスフィア,炎,特殊,20,100,30,
187,ボルゼクス,竜/雷,365,ビルドアップ,,4,mvs_electric_evasion_crit,ボルトミラージュ,雷,変化,0,100,15,
187,ボルゼクス,竜/雷,365,ビルドアップ,,5,MV_160,クリティカルエイム,無,特殊,25,100,28,
187,ボルゼクス,竜/雷,365,ビルドアップ,,5,MV_285,グラスノット,草,特殊,25,100,28,
187,ボルゼクス,竜/雷,365,ビルドアップ,,6,MVP_001,ホワイトストライク,無,物理,30,100,30,
187,ボルゼクス,竜/雷,365,ビルドアップ,,6,MV_137,バックフィスト,無,物理,30,100,36,
187,ボルゼクス,竜/雷,365,ビルドアップ,,7,MVP_021,クリムゾンストライク,炎,物理,35,100,30,
187,ボルゼクス,竜/雷,365,ビルドアップ,,7,MV_138,ダブルスラスト,無,物理,35,100,33,
187,ボルゼクス,竜/雷,365,ビルドアップ,,7,MV_139,テイルスイープ,無,物理,35,100,33,
187,ボルゼクス,竜/雷,365,ビルドアップ,,7,MV_233,シンダー,炎,物理,35,95,32,
187,ボルゼクス,竜/雷,365,ビルドアップ,,7,MV_281,リーフブレード,草,物理,35,100,36,
187,ボルゼクス,竜/雷,365,ビルドアップ,,7,mvh_electric,トリプルボルトストライク,雷,物理,35,90,10,3発(発ごと命中)
187,ボルゼクス,竜/雷,365,ビルドアップ,,8,MVP_022,スコーチフィスト,炎,物理,40,100,28,
187,ボルゼクス,竜/雷,365,ビルドアップ,,8,MVP_023,フォスファーブロー,炎,物理,40,100,28,
187,ボルゼクス,竜/雷,365,ビルドアップ,,8,MVP_061,バイオレットボルトストライク,雷,物理,40,100,30,
187,ボルゼクス,竜/雷,365,ビルドアップ,,8,MVP_062,サンダーロアフィスト,雷,物理,40,100,28,
187,ボルゼクス,竜/雷,365,ビルドアップ,,8,MVP_101,グリーンリーフストライク,草,物理,40,100,30,
187,ボルゼクス,竜/雷,365,ビルドアップ,,8,MV_140,ヘッドバット,無,物理,40,100,33,
187,ボルゼクス,竜/雷,365,ビルドアップ,,8,MV_141,スピンタックル,無,物理,40,100,33,
187,ボルゼクス,竜/雷,365,ビルドアップ,,8,MV_282,シードショット,草,物理,40,100,33,
187,ボルゼクス,竜/雷,365,ビルドアップ,,9,MVP_024,ロースパンチ,炎,物理,45,100,26,
187,ボルゼクス,竜/雷,365,ビルドアップ,,9,MVP_063,フラッシュボルトブロー,雷,物理,45,100,28,
187,ボルゼクス,竜/雷,365,ビルドアップ,,9,MVP_102,アイビーストライクフィスト,草,物理,45,100,28,
187,ボルゼクス,竜/雷,365,ビルドアップ,,9,MVP_141,ドラゴンファングストライク,竜,物理,45,100,30,
187,ボルゼクス,竜/雷,365,ビルドアップ,,9,MV_142,フライングキック,無,物理,45,100,33,
187,ボルゼクス,竜/雷,365,ビルドアップ,,9,MV_143,ブラントエッジ,無,物理,45,100,33,
187,ボルゼクス,竜/雷,365,ビルドアップ,,9,MV_168,スパークボルト,雷,物理,45,95,28,
187,ボルゼクス,竜/雷,365,ビルドアップ,,9,MV_236,フレイムクロー,炎,物理,45,95,26,
188,ホルス,炎,330,炎のちから,飛行,3,air_cannon,エアーキャノン,無,特殊,15,100,42,
188,ホルス,炎,330,炎のちから,飛行,3,mvn_034,バイオレットボルト,雷,特殊,15,85,36,
188,ホルス,炎,330,炎のちから,飛行,5,MV_160,クリティカルエイム,無,特殊,25,100,28,
188,ホルス,炎,330,炎のちから,飛行,5,MV_185,ボルトライトバレット,雷,特殊,25,100,33,
188,ホルス,炎,330,炎のちから,飛行,6,MVP_001,ホワイトストライク,無,物理,30,100,30,
188,ホルス,炎,330,炎のちから,飛行,6,MV_137,バックフィスト,無,物理,30,100,36,
188,ホルス,炎,330,炎のちから,飛行,6,mvn_003,ヴォイドエコー,無,特殊,30,90,32,
188,ホルス,炎,330,炎のちから,飛行,6,mvn_004,ベアストライク,無,特殊,30,90,30,
188,ホルス,炎,330,炎のちから,飛行,7,MVP_021,クリムゾンストライク,炎,物理,35,100,30,
188,ホルス,炎,330,炎のちから,飛行,7,MV_138,ダブルスラスト,無,物理,35,100,33,
188,ホルス,炎,330,炎のちから,飛行,7,MV_139,テイルスイープ,無,物理,35,100,33,
188,ホルス,炎,330,炎のちから,飛行,7,MV_233,シンダー,炎,物理,35,95,32,
188,ホルス,炎,330,炎のちから,飛行,7,mvh_electric,トリプルボルトストライク,雷,物理,35,90,10,3発(発ごと命中)
188,ホルス,炎,330,炎のちから,飛行,8,MVP_022,スコーチフィスト,炎,物理,40,100,28,
188,ホルス,炎,330,炎のちから,飛行,8,MVP_023,フォスファーブロー,炎,物理,40,100,28,
188,ホルス,炎,330,炎のちから,飛行,8,MVP_061,バイオレットボルトストライク,雷,物理,40,100,30,
188,ホルス,炎,330,炎のちから,飛行,8,MVP_062,サンダーロアフィスト,雷,物理,40,100,28,
188,ホルス,炎,330,炎のちから,飛行,8,MV_140,ヘッドバット,無,物理,40,100,33,
188,ホルス,炎,330,炎のちから,飛行,8,MV_141,スピンタックル,無,物理,40,100,33,
188,ホルス,炎,330,炎のちから,飛行,9,MVP_024,ロースパンチ,炎,物理,45,100,26,
188,ホルス,炎,330,炎のちから,飛行,9,MVP_063,フラッシュボルトブロー,雷,物理,45,100,28,
188,ホルス,炎,330,炎のちから,飛行,9,MV_142,フライングキック,無,物理,45,100,33,
188,ホルス,炎,330,炎のちから,飛行,9,MV_143,ブラントエッジ,無,物理,45,100,33,
188,ホルス,炎,330,炎のちから,飛行,9,MV_168,スパークボルト,雷,物理,45,95,28,
188,ホルス,炎,330,炎のちから,飛行,9,MV_236,フレイムクロー,炎,物理,45,95,26,
188,ホルス,炎,330,炎のちから,飛行,10,MVP_002,マッチレスブロー,無,物理,50,100,28,
188,ホルス,炎,330,炎のちから,飛行,10,MVP_064,ボルトチャージパンチ,雷,物理,50,100,26,
188,ホルス,炎,330,炎のちから,飛行,10,MV_145,ラッシュスラスト,無,物理,50,100,33,
188,ホルス,炎,330,炎のちから,飛行,10,MV_182,ショックスティング,雷,物理,50,100,30,
188,ホルス,炎,330,炎のちから,飛行,10,MV_246,フレイムファング,炎,物理,50,95,26,
188,ホルス,炎,330,炎のちから,飛行,10,MV_250,フレイムスラスト,炎,物理,50,100,27,
188,ホルス,炎,330,炎のちから,飛行,10,mvs_ep_fire,ヘルファイアピーク,炎,変化,0,100,10,
188,ホルス,炎,330,炎のちから,飛行,11,MVP_003,ヴォイドクラッシュ,無,物理,55,100,28,
188B,イシス,水,335,水のちから,飛行,3,air_cannon,エアーキャノン,無,特殊,15,100,42,
188B,イシス,水,335,水のちから,飛行,3,mvn_045,クロッド,地,特殊,15,100,36,
188B,イシス,水,335,水のちから,飛行,4,MV_280,サンドバインド,地,特殊,20,100,28,
188B,イシス,水,335,水のちから,飛行,5,MV_160,クリティカルエイム,無,特殊,25,100,28,
188B,イシス,水,335,水のちから,飛行,5,mvh_ground,ロックバラージブロー,地,物理,25,95,15,2〜5発
188B,イシス,水,335,水のちから,飛行,5,mvh_water,タービュレントラッシュ,水,物理,25,95,15,2〜5発
188B,イシス,水,335,水のちから,飛行,6,MVP_001,ホワイトストライク,無,物理,30,100,30,
188B,イシス,水,335,水のちから,飛行,6,MV_137,バックフィスト,無,物理,30,100,36,
188B,イシス,水,335,水のちから,飛行,6,mvn_003,ヴォイドエコー,無,特殊,30,90,32,
188B,イシス,水,335,水のちから,飛行,6,mvn_004,ベアストライク,無,特殊,30,90,30,
188B,イシス,水,335,水のちから,飛行,7,MV_138,ダブルスラスト,無,物理,35,100,33,
188B,イシス,水,335,水のちから,飛行,7,MV_139,テイルスイープ,無,物理,35,100,33,
188B,イシス,水,335,水のちから,飛行,7,MV_212,ウォーターガン,水,物理,35,100,36,
188B,イシス,水,335,水のちから,飛行,7,MV_256,ストーンペブル,地,物理,35,100,36,
188B,イシス,水,335,水のちから,飛行,7,mvw_rain,レインダンス,水,変化,0,100,16,
188B,イシス,水,335,水のちから,飛行,8,MVP_041,クリアストリームストライク,水,物理,40,100,30,
188B,イシス,水,335,水のちから,飛行,8,MVP_081,クロッドストライク,地,物理,40,100,30,
188B,イシス,水,335,水のちから,飛行,8,MV_140,ヘッドバット,無,物理,40,100,33,
188B,イシス,水,335,水のちから,飛行,8,MV_141,スピンタックル,無,物理,40,100,33,
188B,イシス,水,335,水のちから,飛行,8,MV_260,ブラインドサンド,地,物理,40,100,32,
188B,イシス,水,335,水のちから,飛行,9,MVP_042,ミラーウォーターブロー,水,物理,45,100,28,
188B,イシス,水,335,水のちから,飛行,9,MV_142,フライングキック,無,物理,45,100,33,
188B,イシス,水,335,水のちから,飛行,9,MV_143,ブラントエッジ,無,物理,45,100,33,
188B,イシス,水,335,水のちから,飛行,9,MV_214,バブルバラージ,水,物理,45,100,33,
188B,イシス,水,335,水のちから,飛行,9,MV_257,ロックバレット,地,物理,45,100,33,
188B,イシス,水,335,水のちから,飛行,9,MV_259,サンドスプレー,地,物理,45,100,30,
188B,イシス,水,335,水のちから,飛行,10,MVP_002,マッチレスブロー,無,物理,50,100,28,
188B,イシス,水,335,水のちから,飛行,10,MVP_043,サーフサウンドフィスト,水,物理,50,100,28,
188B,イシス,水,335,水のちから,飛行,10,MVP_044,ドロップストライクパンチ,水,物理,50,100,26,
188B,イシス,水,335,水のちから,飛行,10,MVP_082,ベッドロックフィスト,地,物理,50,100,28,
188B,イシス,水,335,水のちから,飛行,10,MVP_083,レイラインブロー,地,物理,50,100,28,
188B,イシス,水,335,水のちから,飛行,10,MV_145,ラッシュスラスト,無,物理,50,100,33,
189,ゼノグリフ,闇,380,たかねのはな,飛行,3,air_cannon,エアーキャノン,無,特殊,15,100,42,
189,ゼノグリフ,闇,380,たかねのはな,飛行,3,mvn_067,ホワイトアイス,氷,特殊,15,85,36,
189,ゼノグリフ,闇,380,たかねのはな,飛行,5,MV_160,クリティカルエイム,無,特殊,25,100,28,
189,ゼノグリフ,闇,380,たかねのはな,飛行,5,mvh_dark,シャドウバラージ,闇,物理,25,95,15,2〜5発
189,ゼノグリフ,闇,380,たかねのはな,飛行,6,MVP_001,ホワイトストライク,無,物理,30,100,30,
189,ゼノグリフ,闇,380,たかねのはな,飛行,6,MV_137,バックフィスト,無,物理,30,100,36,
189,ゼノグリフ,闇,380,たかねのはな,飛行,6,MV_205,フロストネット,氷,特殊,30,95,28,
189,ゼノグリフ,闇,380,たかねのはな,飛行,6,ice_cutter,アイスカッター,氷,特殊,30,100,33,
189,ゼノグリフ,闇,380,たかねのはな,飛行,7,MV_121,シャドウピアス,闇,物理,35,100,34,
189,ゼノグリフ,闇,380,たかねのはな,飛行,7,MV_123,ダスクブレード,闇,物理,35,100,32,
189,ゼノグリフ,闇,380,たかねのはな,飛行,7,MV_138,ダブルスラスト,無,物理,35,100,33,
189,ゼノグリフ,闇,380,たかねのはな,飛行,7,MV_139,テイルスイープ,無,物理,35,100,33,
189,ゼノグリフ,闇,380,たかねのはな,飛行,7,MV_187,アイスペブル,氷,物理,35,100,36,
189,ゼノグリフ,闇,380,たかねのはな,飛行,7,mvh_ice,トリプルアイスブレード,氷,物理,35,90,10,3発(発ごと命中)
189,ゼノグリフ,闇,380,たかねのはな,飛行,7,mvw_fog,フォグヴェール,闇,変化,0,100,16,
189,ゼノグリフ,闇,380,たかねのはな,飛行,8,MVP_121,ホワイトアイスストライク,氷,物理,40,100,30,
189,ゼノグリフ,闇,380,たかねのはな,飛行,8,MV_124,シャドウステッチ,闇,物理,40,100,32,
189,ゼノグリフ,闇,380,たかねのはな,飛行,8,MV_125,ダークウェッジ,闇,物理,40,100,32,
189,ゼノグリフ,闇,380,たかねのはな,飛行,8,MV_140,ヘッドバット,無,物理,40,100,33,
189,ゼノグリフ,闇,380,たかねのはな,飛行,8,MV_141,スピンタックル,無,物理,40,100,33,
189,ゼノグリフ,闇,380,たかねのはな,飛行,8,MV_188,アイスブレード,氷,物理,40,100,33,
189,ゼノグリフ,闇,380,たかねのはな,飛行,9,MVP_122,フリーズフィスト,氷,物理,45,100,28,
189,ゼノグリフ,闇,380,たかねのはな,飛行,9,MVP_123,フロストストライクブロー,氷,物理,45,100,28,
189,ゼノグリフ,闇,380,たかねのはな,飛行,9,MVP_161,ブラックミストストライク,闇,物理,45,100,30,
189,ゼノグリフ,闇,380,たかねのはな,飛行,9,MV_126,カースチェイン,闇,物理,45,100,32,
189,ゼノグリフ,闇,380,たかねのはな,飛行,9,MV_142,フライングキック,無,物理,45,100,33,
189,ゼノグリフ,闇,380,たかねのはな,飛行,9,MV_143,ブラントエッジ,無,物理,45,100,33,
189,ゼノグリフ,闇,380,たかねのはな,飛行,10,MVP_002,マッチレスブロー,無,物理,50,100,28,
189,ゼノグリフ,闇,380,たかねのはな,飛行,10,MVP_124,アイスリングパンチ,氷,物理,50,100,26,
189,ゼノグリフ,闇,380,たかねのはな,飛行,10,poison_fog,ポイズンフォグ,闇,変化,0,100,10,
190,セレムーン,闇/無,355,闇式,飛行,3,mvn_012,クリムゾン,炎,特殊,15,85,36,
190,セレムーン,闇/無,355,闇式,飛行,3,mvn_067,ホワイトアイス,氷,特殊,15,85,36,
190,セレムーン,闇/無,355,闇式,飛行,3,mvn_078,ドラゴンファング,竜,特殊,15,100,36,
190,セレムーン,闇/無,355,闇式,飛行,4,MV_247,ファイアスフィア,炎,特殊,20,100,30,
190,セレムーン,闇/無,355,闇式,飛行,5,mvh_dark,シャドウバラージ,闇,物理,25,95,15,2〜5発
190,セレムーン,闇/無,355,闇式,飛行,6,MVP_001,ホワイトストライク,無,物理,30,100,30,
190,セレムーン,闇/無,355,闇式,飛行,6,MV_137,バックフィスト,無,物理,30,100,36,
190,セレムーン,闇/無,355,闇式,飛行,6,MV_205,フロストネット,氷,特殊,30,95,28,
190,セレムーン,闇/無,355,闇式,飛行,6,MV_234,ブレイズバレット,炎,特殊,30,95,30,
190,セレムーン,闇/無,355,闇式,飛行,7,MVP_021,クリムゾンストライク,炎,物理,35,100,30,
190,セレムーン,闇/無,355,闇式,飛行,7,MV_121,シャドウピアス,闇,物理,35,100,34,
190,セレムーン,闇/無,355,闇式,飛行,7,MV_123,ダスクブレード,闇,物理,35,100,32,
190,セレムーン,闇/無,355,闇式,飛行,7,MV_138,ダブルスラスト,無,物理,35,100,33,
190,セレムーン,闇/無,355,闇式,飛行,7,MV_139,テイルスイープ,無,物理,35,100,33,
190,セレムーン,闇/無,355,闇式,飛行,7,MV_187,アイスペブル,氷,物理,35,100,36,
190,セレムーン,闇/無,355,闇式,飛行,7,MV_233,シンダー,炎,物理,35,95,32,
190,セレムーン,闇/無,355,闇式,飛行,7,mvh_ice,トリプルアイスブレード,氷,物理,35,90,10,3発(発ごと命中)
190,セレムーン,闇/無,355,闇式,飛行,8,MVP_022,スコーチフィスト,炎,物理,40,100,28,
190,セレムーン,闇/無,355,闇式,飛行,8,MVP_023,フォスファーブロー,炎,物理,40,100,28,
190,セレムーン,闇/無,355,闇式,飛行,8,MVP_121,ホワイトアイスストライク,氷,物理,40,100,30,
190,セレムーン,闇/無,355,闇式,飛行,8,MV_124,シャドウステッチ,闇,物理,40,100,32,
190,セレムーン,闇/無,355,闇式,飛行,8,MV_188,アイスブレード,氷,物理,40,100,33,
190,セレムーン,闇/無,355,闇式,飛行,9,MVP_024,ロースパンチ,炎,物理,45,100,26,
190,セレムーン,闇/無,355,闇式,飛行,9,MVP_122,フリーズフィスト,氷,物理,45,100,28,
190,セレムーン,闇/無,355,闇式,飛行,9,MVP_123,フロストストライクブロー,氷,物理,45,100,28,
190,セレムーン,闇/無,355,闇式,飛行,9,MVP_141,ドラゴンファングストライク,竜,物理,45,100,30,
190,セレムーン,闇/無,355,闇式,飛行,9,MV_236,フレイムクロー,炎,物理,45,95,26,
190,セレムーン,闇/無,355,闇式,飛行,10,MVP_124,アイスリングパンチ,氷,物理,50,100,26,
190,セレムーン,闇/無,355,闇式,飛行,10,MVP_142,ドラゴンスケイルフィスト,竜,物理,50,100,28,
190,セレムーン,闇/無,355,闇式,飛行,10,MVP_143,ドラゴンヴェインブロー,竜,物理,50,100,28,
190,セレムーン,闇/無,355,闇式,飛行,10,poison_fog,ポイズンフォグ,闇,変化,0,100,10,
191,ヒョウガオー,氷,390,ひょうてんま,,3,air_cannon,エアーキャノン,無,特殊,15,100,42,
191,ヒョウガオー,氷,390,ひょうてんま,,3,mvn_023,クリアストリーム,水,特殊,15,100,36,
191,ヒョウガオー,氷,390,ひょうてんま,,4,mvs_ice_atk_crit,グレイシャーファングスタンス,氷,変化,0,100,15,
191,ヒョウガオー,氷,390,ひょうてんま,,5,MV_160,クリティカルエイム,無,特殊,25,100,28,
191,ヒョウガオー,氷,390,ひょうてんま,,5,aqua_gun,アクアショット,水,特殊,25,100,36,
191,ヒョウガオー,氷,390,ひょうてんま,,5,mvh_water,タービュレントラッシュ,水,物理,25,95,15,2〜5発
191,ヒョウガオー,氷,390,ひょうてんま,,6,MVP_001,ホワイトストライク,無,物理,30,100,30,
191,ヒョウガオー,氷,390,ひょうてんま,,6,MV_137,バックフィスト,無,物理,30,100,36,
191,ヒョウガオー,氷,390,ひょうてんま,,6,mvn_003,ヴォイドエコー,無,特殊,30,90,32,
191,ヒョウガオー,氷,390,ひょうてんま,,7,MV_138,ダブルスラスト,無,物理,35,100,33,
191,ヒョウガオー,氷,390,ひょうてんま,,7,MV_139,テイルスイープ,無,物理,35,100,33,
191,ヒョウガオー,氷,390,ひょうてんま,,7,MV_187,アイスペブル,氷,物理,35,100,36,
191,ヒョウガオー,氷,390,ひょうてんま,,7,MV_212,ウォーターガン,水,物理,35,100,36,
191,ヒョウガオー,氷,390,ひょうてんま,,7,mvh_ice,トリプルアイスブレード,氷,物理,35,90,10,3発(発ごと命中)
191,ヒョウガオー,氷,390,ひょうてんま,,8,MVP_041,クリアストリームストライク,水,物理,40,100,30,
191,ヒョウガオー,氷,390,ひょうてんま,,8,MVP_121,ホワイトアイスストライク,氷,物理,40,100,30,
191,ヒョウガオー,氷,390,ひょうてんま,,8,MV_140,ヘッドバット,無,物理,40,100,33,
191,ヒョウガオー,氷,390,ひょうてんま,,8,MV_141,スピンタックル,無,物理,40,100,33,
191,ヒョウガオー,氷,390,ひょうてんま,,8,MV_188,アイスブレード,氷,物理,40,100,33,
191,ヒョウガオー,氷,390,ひょうてんま,,9,MVP_042,ミラーウォーターブロー,水,物理,45,100,28,
191,ヒョウガオー,氷,390,ひょうてんま,,9,MVP_122,フリーズフィスト,氷,物理,45,100,28,
191,ヒョウガオー,氷,390,ひょうてんま,,9,MVP_123,フロストストライクブロー,氷,物理,45,100,28,
191,ヒョウガオー,氷,390,ひょうてんま,,9,MV_142,フライングキック,無,物理,45,100,33,
191,ヒョウガオー,氷,390,ひょうてんま,,9,MV_143,ブラントエッジ,無,物理,45,100,33,
191,ヒョウガオー,氷,390,ひょうてんま,,9,MV_214,バブルバラージ,水,物理,45,100,33,
191,ヒョウガオー,氷,390,ひょうてんま,,10,MVP_002,マッチレスブロー,無,物理,50,100,28,
191,ヒョウガオー,氷,390,ひょうてんま,,10,MVP_043,サーフサウンドフィスト,水,物理,50,100,28,
191,ヒョウガオー,氷,390,ひょうてんま,,10,MVP_044,ドロップストライクパンチ,水,物理,50,100,26,
191,ヒョウガオー,氷,390,ひょうてんま,,10,mvs_ep_ice,フリーズピーク,氷,変化,0,100,10,
192,シャオロン,竜/水,395,たかねのはな,飛行,3,air_cannon,エアーキャノン,無,特殊,15,100,42,
192,シャオロン,竜/水,395,たかねのはな,飛行,3,mvn_012,クリムゾン,炎,特殊,15,85,36,
192,シャオロン,竜/水,395,たかねのはな,飛行,3,mvn_045,クロッド,地,特殊,15,100,36,
192,シャオロン,竜/水,395,たかねのはな,飛行,4,MV_247,ファイアスフィア,炎,特殊,20,100,30,
192,シャオロン,竜/水,395,たかねのはな,飛行,4,MV_280,サンドバインド,地,特殊,20,100,28,
192,シャオロン,竜/水,395,たかねのはな,飛行,4,mvs_dragon_def_evasion,ドラゴンオーラヴェール,竜,変化,0,100,15,
192,シャオロン,竜/水,395,たかねのはな,飛行,5,mvh_ground,ロックバラージブロー,地,物理,25,95,15,2〜5発
192,シャオロン,竜/水,395,たかねのはな,飛行,5,mvh_water,タービュレントラッシュ,水,物理,25,95,15,2〜5発
192,シャオロン,竜/水,395,たかねのはな,飛行,6,MVP_001,ホワイトストライク,無,物理,30,100,30,
192,シャオロン,竜/水,395,たかねのはな,飛行,6,MV_137,バックフィスト,無,物理,30,100,36,
192,シャオロン,竜/水,395,たかねのはな,飛行,7,MVP_021,クリムゾンストライク,炎,物理,35,100,30,
192,シャオロン,竜/水,395,たかねのはな,飛行,7,MV_138,ダブルスラスト,無,物理,35,100,33,
192,シャオロン,竜/水,395,たかねのはな,飛行,7,MV_139,テイルスイープ,無,物理,35,100,33,
192,シャオロン,竜/水,395,たかねのはな,飛行,7,MV_212,ウォーターガン,水,物理,35,100,36,
192,シャオロン,竜/水,395,たかねのはな,飛行,7,MV_233,シンダー,炎,物理,35,95,32,
192,シャオロン,竜/水,395,たかねのはな,飛行,7,MV_256,ストーンペブル,地,物理,35,100,36,
192,シャオロン,竜/水,395,たかねのはな,飛行,8,MVP_022,スコーチフィスト,炎,物理,40,100,28,
192,シャオロン,竜/水,395,たかねのはな,飛行,8,MVP_023,フォスファーブロー,炎,物理,40,100,28,
192,シャオロン,竜/水,395,たかねのはな,飛行,8,MVP_041,クリアストリームストライク,水,物理,40,100,30,
192,シャオロン,竜/水,395,たかねのはな,飛行,8,MVP_081,クロッドストライク,地,物理,40,100,30,
192,シャオロン,竜/水,395,たかねのはな,飛行,8,MV_140,ヘッドバット,無,物理,40,100,33,
192,シャオロン,竜/水,395,たかねのはな,飛行,8,MV_141,スピンタックル,無,物理,40,100,33,
192,シャオロン,竜/水,395,たかねのはな,飛行,8,MV_260,ブラインドサンド,地,物理,40,100,32,
192,シャオロン,竜/水,395,たかねのはな,飛行,9,MVP_024,ロースパンチ,炎,物理,45,100,26,
192,シャオロン,竜/水,395,たかねのはな,飛行,9,MVP_042,ミラーウォーターブロー,水,物理,45,100,28,
192,シャオロン,竜/水,395,たかねのはな,飛行,9,MVP_141,ドラゴンファングストライク,竜,物理,45,100,30,
192,シャオロン,竜/水,395,たかねのはな,飛行,9,MV_142,フライングキック,無,物理,45,100,33,
192,シャオロン,竜/水,395,たかねのはな,飛行,9,MV_143,ブラントエッジ,無,物理,45,100,33,
192,シャオロン,竜/水,395,たかねのはな,飛行,10,mvs_ep_dragon,ドラゴンハートピーク,竜,変化,0,100,10,
193,モスローン,草,370,わたほうし,,3,air_cannon,エアーキャノン,無,特殊,15,100,42,
193,モスローン,草,370,わたほうし,,3,mvn_023,クリアストリーム,水,特殊,15,100,36,
193,モスローン,草,370,わたほうし,,4,mvs_grass_def_crit,フレッシュグリーンアーマー,草,変化,0,100,15,
193,モスローン,草,370,わたほうし,,5,MV_160,クリティカルエイム,無,特殊,25,100,28,
193,モスローン,草,370,わたほうし,,5,aqua_gun,アクアショット,水,特殊,25,100,36,
193,モスローン,草,370,わたほうし,,5,mvh_water,タービュレントラッシュ,水,物理,25,95,15,2〜5発
193,モスローン,草,370,わたほうし,,6,MVP_001,ホワイトストライク,無,物理,30,100,30,
193,モスローン,草,370,わたほうし,,6,MV_137,バックフィスト,無,物理,30,100,36,
193,モスローン,草,370,わたほうし,,6,mvn_003,ヴォイドエコー,無,特殊,30,90,32,
193,モスローン,草,370,わたほうし,,7,MV_138,ダブルスラスト,無,物理,35,100,33,
193,モスローン,草,370,わたほうし,,7,MV_139,テイルスイープ,無,物理,35,100,33,
193,モスローン,草,370,わたほうし,,7,MV_212,ウォーターガン,水,物理,35,100,36,
193,モスローン,草,370,わたほうし,,7,MV_281,リーフブレード,草,物理,35,100,36,
193,モスローン,草,370,わたほうし,,7,mvw_gale,ゲイルコール,草,変化,0,100,16,
193,モスローン,草,370,わたほうし,,8,MVP_041,クリアストリームストライク,水,物理,40,100,30,
193,モスローン,草,370,わたほうし,,8,MVP_101,グリーンリーフストライク,草,物理,40,100,30,
193,モスローン,草,370,わたほうし,,8,MV_140,ヘッドバット,無,物理,40,100,33,
193,モスローン,草,370,わたほうし,,8,MV_141,スピンタックル,無,物理,40,100,33,
193,モスローン,草,370,わたほうし,,8,MV_282,シードショット,草,物理,40,100,33,
193,モスローン,草,370,わたほうし,,9,MVP_042,ミラーウォーターブロー,水,物理,45,100,28,
193,モスローン,草,370,わたほうし,,9,MVP_102,アイビーストライクフィスト,草,物理,45,100,28,
193,モスローン,草,370,わたほうし,,9,MV_142,フライングキック,無,物理,45,100,33,
193,モスローン,草,370,わたほうし,,9,MV_143,ブラントエッジ,無,物理,45,100,33,
193,モスローン,草,370,わたほうし,,9,MV_214,バブルバラージ,水,物理,45,100,33,
193,モスローン,草,370,わたほうし,,9,MV_283,ヴァインウィップ,草,物理,45,100,33,
193,モスローン,草,370,わたほうし,,10,MVP_002,マッチレスブロー,無,物理,50,100,28,
193,モスローン,草,370,わたほうし,,10,MVP_043,サーフサウンドフィスト,水,物理,50,100,28,
193,モスローン,草,370,わたほうし,,10,MVP_044,ドロップストライクパンチ,水,物理,50,100,26,
193,モスローン,草,370,わたほうし,,10,MVP_103,リーフヴェインブロー,草,物理,50,100,28,
193,モスローン,草,370,わたほうし,,10,MVP_104,フレッシュリーフパンチ,草,物理,50,100,26,
194,ノクサージュ,草/闇,370,どくせんボディ,,3,air_cannon,エアーキャノン,無,特殊,15,100,42,
194,ノクサージュ,草/闇,370,どくせんボディ,,3,mvn_023,クリアストリーム,水,特殊,15,100,36,
194,ノクサージュ,草/闇,370,どくせんボディ,,3,mvn_067,ホワイトアイス,氷,特殊,15,85,36,
194,ノクサージュ,草/闇,370,どくせんボディ,,4,mvs_grass_def_crit,フレッシュグリーンアーマー,草,変化,0,100,15,
194,ノクサージュ,草/闇,370,どくせんボディ,,5,MV_160,クリティカルエイム,無,特殊,25,100,28,
194,ノクサージュ,草/闇,370,どくせんボディ,,5,aqua_gun,アクアショット,水,特殊,25,100,36,
194,ノクサージュ,草/闇,370,どくせんボディ,,5,mvh_dark,シャドウバラージ,闇,物理,25,95,15,2〜5発
194,ノクサージュ,草/闇,370,どくせんボディ,,5,mvh_water,タービュレントラッシュ,水,物理,25,95,15,2〜5発
194,ノクサージュ,草/闇,370,どくせんボディ,,6,MVP_001,ホワイトストライク,無,物理,30,100,30,
194,ノクサージュ,草/闇,370,どくせんボディ,,6,MV_137,バックフィスト,無,物理,30,100,36,
194,ノクサージュ,草/闇,370,どくせんボディ,,7,MV_121,シャドウピアス,闇,物理,35,100,34,
194,ノクサージュ,草/闇,370,どくせんボディ,,7,MV_123,ダスクブレード,闇,物理,35,100,32,
194,ノクサージュ,草/闇,370,どくせんボディ,,7,MV_138,ダブルスラスト,無,物理,35,100,33,
194,ノクサージュ,草/闇,370,どくせんボディ,,7,MV_139,テイルスイープ,無,物理,35,100,33,
194,ノクサージュ,草/闇,370,どくせんボディ,,7,MV_187,アイスペブル,氷,物理,35,100,36,
194,ノクサージュ,草/闇,370,どくせんボディ,,7,MV_212,ウォーターガン,水,物理,35,100,36,
194,ノクサージュ,草/闇,370,どくせんボディ,,7,MV_281,リーフブレード,草,物理,35,100,36,
194,ノクサージュ,草/闇,370,どくせんボディ,,7,mvh_ice,トリプルアイスブレード,氷,物理,35,90,10,3発(発ごと命中)
194,ノクサージュ,草/闇,370,どくせんボディ,,7,mvs_toxic_dark,トキシックドロップ,闇,変化,0,100,10,
194,ノクサージュ,草/闇,370,どくせんボディ,,8,MVP_041,クリアストリームストライク,水,物理,40,100,30,
194,ノクサージュ,草/闇,370,どくせんボディ,,8,MVP_101,グリーンリーフストライク,草,物理,40,100,30,
194,ノクサージュ,草/闇,370,どくせんボディ,,8,MVP_121,ホワイトアイスストライク,氷,物理,40,100,30,
194,ノクサージュ,草/闇,370,どくせんボディ,,8,MV_124,シャドウステッチ,闇,物理,40,100,32,
194,ノクサージュ,草/闇,370,どくせんボディ,,8,MV_125,ダークウェッジ,闇,物理,40,100,32,
194,ノクサージュ,草/闇,370,どくせんボディ,,8,MV_140,ヘッドバット,無,物理,40,100,33,
194,ノクサージュ,草/闇,370,どくせんボディ,,8,MV_141,スピンタックル,無,物理,40,100,33,
194,ノクサージュ,草/闇,370,どくせんボディ,,8,MV_188,アイスブレード,氷,物理,40,100,33,
194,ノクサージュ,草/闇,370,どくせんボディ,,8,MV_282,シードショット,草,物理,40,100,33,
194,ノクサージュ,草/闇,370,どくせんボディ,,9,MVP_042,ミラーウォーターブロー,水,物理,45,100,28,
194,ノクサージュ,草/闇,370,どくせんボディ,,9,MVP_122,フリーズフィスト,氷,物理,45,100,28,
195,ベラノワール,闇,370,あくむのひとみ,,3,air_cannon,エアーキャノン,無,特殊,15,100,42,
195,ベラノワール,闇,370,あくむのひとみ,,3,mvn_067,ホワイトアイス,氷,特殊,15,85,36,
195,ベラノワール,闇,370,あくむのひとみ,,5,MV_160,クリティカルエイム,無,特殊,25,100,28,
195,ベラノワール,闇,370,あくむのひとみ,,5,mvh_dark,シャドウバラージ,闇,物理,25,95,15,2〜5発
195,ベラノワール,闇,370,あくむのひとみ,,6,MVP_001,ホワイトストライク,無,物理,30,100,30,
195,ベラノワール,闇,370,あくむのひとみ,,6,MV_137,バックフィスト,無,物理,30,100,36,
195,ベラノワール,闇,370,あくむのひとみ,,6,MV_205,フロストネット,氷,特殊,30,95,28,
195,ベラノワール,闇,370,あくむのひとみ,,6,ice_cutter,アイスカッター,氷,特殊,30,100,33,
195,ベラノワール,闇,370,あくむのひとみ,,7,MV_121,シャドウピアス,闇,物理,35,100,34,
195,ベラノワール,闇,370,あくむのひとみ,,7,MV_123,ダスクブレード,闇,物理,35,100,32,
195,ベラノワール,闇,370,あくむのひとみ,,7,MV_138,ダブルスラスト,無,物理,35,100,33,
195,ベラノワール,闇,370,あくむのひとみ,,7,MV_139,テイルスイープ,無,物理,35,100,33,
195,ベラノワール,闇,370,あくむのひとみ,,7,MV_187,アイスペブル,氷,物理,35,100,36,
195,ベラノワール,闇,370,あくむのひとみ,,7,mvh_ice,トリプルアイスブレード,氷,物理,35,90,10,3発(発ごと命中)
195,ベラノワール,闇,370,あくむのひとみ,,7,mvs_toxic_dark,トキシックドロップ,闇,変化,0,100,10,
195,ベラノワール,闇,370,あくむのひとみ,,8,MVP_121,ホワイトアイスストライク,氷,物理,40,100,30,
195,ベラノワール,闇,370,あくむのひとみ,,8,MV_124,シャドウステッチ,闇,物理,40,100,32,
195,ベラノワール,闇,370,あくむのひとみ,,8,MV_125,ダークウェッジ,闇,物理,40,100,32,
195,ベラノワール,闇,370,あくむのひとみ,,8,MV_140,ヘッドバット,無,物理,40,100,33,
195,ベラノワール,闇,370,あくむのひとみ,,8,MV_141,スピンタックル,無,物理,40,100,33,
195,ベラノワール,闇,370,あくむのひとみ,,8,MV_188,アイスブレード,氷,物理,40,100,33,
195,ベラノワール,闇,370,あくむのひとみ,,9,MVP_122,フリーズフィスト,氷,物理,45,100,28,
195,ベラノワール,闇,370,あくむのひとみ,,9,MVP_123,フロストストライクブロー,氷,物理,45,100,28,
195,ベラノワール,闇,370,あくむのひとみ,,9,MVP_161,ブラックミストストライク,闇,物理,45,100,30,
195,ベラノワール,闇,370,あくむのひとみ,,9,MV_126,カースチェイン,闇,物理,45,100,32,
195,ベラノワール,闇,370,あくむのひとみ,,9,MV_142,フライングキック,無,物理,45,100,33,
195,ベラノワール,闇,370,あくむのひとみ,,9,MV_143,ブラントエッジ,無,物理,45,100,33,
195,ベラノワール,闇,370,あくむのひとみ,,10,MVP_002,マッチレスブロー,無,物理,50,100,28,
195,ベラノワール,闇,370,あくむのひとみ,,10,MVP_124,アイスリングパンチ,氷,物理,50,100,26,
195,ベラノワール,闇,370,あくむのひとみ,,10,mvs_ep_dark,アビスピーク,闇,変化,0,100,10,
195B,ベラルージュ,闇,370,あくむのひとみ,,3,air_cannon,エアーキャノン,無,特殊,15,100,42,
195B,ベラルージュ,闇,370,あくむのひとみ,,3,mvn_067,ホワイトアイス,氷,特殊,15,85,36,
195B,ベラルージュ,闇,370,あくむのひとみ,,5,MV_160,クリティカルエイム,無,特殊,25,100,28,
195B,ベラルージュ,闇,370,あくむのひとみ,,5,mvh_dark,シャドウバラージ,闇,物理,25,95,15,2〜5発
195B,ベラルージュ,闇,370,あくむのひとみ,,6,MVP_001,ホワイトストライク,無,物理,30,100,30,
195B,ベラルージュ,闇,370,あくむのひとみ,,6,MV_137,バックフィスト,無,物理,30,100,36,
195B,ベラルージュ,闇,370,あくむのひとみ,,6,MV_205,フロストネット,氷,特殊,30,95,28,
195B,ベラルージュ,闇,370,あくむのひとみ,,6,ice_cutter,アイスカッター,氷,特殊,30,100,33,
195B,ベラルージュ,闇,370,あくむのひとみ,,7,MV_121,シャドウピアス,闇,物理,35,100,34,
195B,ベラルージュ,闇,370,あくむのひとみ,,7,MV_123,ダスクブレード,闇,物理,35,100,32,
195B,ベラルージュ,闇,370,あくむのひとみ,,7,MV_138,ダブルスラスト,無,物理,35,100,33,
195B,ベラルージュ,闇,370,あくむのひとみ,,7,MV_139,テイルスイープ,無,物理,35,100,33,
195B,ベラルージュ,闇,370,あくむのひとみ,,7,MV_187,アイスペブル,氷,物理,35,100,36,
195B,ベラルージュ,闇,370,あくむのひとみ,,7,mvh_ice,トリプルアイスブレード,氷,物理,35,90,10,3発(発ごと命中)
195B,ベラルージュ,闇,370,あくむのひとみ,,7,mvs_toxic_dark,トキシックドロップ,闇,変化,0,100,10,
195B,ベラルージュ,闇,370,あくむのひとみ,,7,mvw_fog,フォグヴェール,闇,変化,0,100,16,
195B,ベラルージュ,闇,370,あくむのひとみ,,8,MVP_121,ホワイトアイスストライク,氷,物理,40,100,30,
195B,ベラルージュ,闇,370,あくむのひとみ,,8,MV_124,シャドウステッチ,闇,物理,40,100,32,
195B,ベラルージュ,闇,370,あくむのひとみ,,8,MV_125,ダークウェッジ,闇,物理,40,100,32,
195B,ベラルージュ,闇,370,あくむのひとみ,,8,MV_140,ヘッドバット,無,物理,40,100,33,
195B,ベラルージュ,闇,370,あくむのひとみ,,8,MV_141,スピンタックル,無,物理,40,100,33,
195B,ベラルージュ,闇,370,あくむのひとみ,,8,MV_188,アイスブレード,氷,物理,40,100,33,
195B,ベラルージュ,闇,370,あくむのひとみ,,9,MVP_122,フリーズフィスト,氷,物理,45,100,28,
195B,ベラルージュ,闇,370,あくむのひとみ,,9,MVP_123,フロストストライクブロー,氷,物理,45,100,28,
195B,ベラルージュ,闇,370,あくむのひとみ,,9,MVP_161,ブラックミストストライク,闇,物理,45,100,30,
195B,ベラルージュ,闇,370,あくむのひとみ,,9,MV_126,カースチェイン,闇,物理,45,100,32,
195B,ベラルージュ,闇,370,あくむのひとみ,,9,MV_142,フライングキック,無,物理,45,100,33,
195B,ベラルージュ,闇,370,あくむのひとみ,,9,MV_143,ブラントエッジ,無,物理,45,100,33,
195B,ベラルージュ,闇,370,あくむのひとみ,,10,MVP_002,マッチレスブロー,無,物理,50,100,28,
195B,ベラルージュ,闇,370,あくむのひとみ,,10,MVP_124,アイスリングパンチ,氷,物理,50,100,26,
196,ゼノドラン,闇/竜,370,たかねのはな,飛行,3,air_cannon,エアーキャノン,無,特殊,15,100,42,
196,ゼノドラン,闇/竜,370,たかねのはな,飛行,3,mvn_012,クリムゾン,炎,特殊,15,85,36,
196,ゼノドラン,闇/竜,370,たかねのはな,飛行,3,mvn_067,ホワイトアイス,氷,特殊,15,85,36,
196,ゼノドラン,闇/竜,370,たかねのはな,飛行,4,MV_247,ファイアスフィア,炎,特殊,20,100,30,
196,ゼノドラン,闇/竜,370,たかねのはな,飛行,4,mvs_dark_def_crit,ダークナイトアーマー,闇,変化,0,100,15,
196,ゼノドラン,闇/竜,370,たかねのはな,飛行,4,mvs_dragon_def_accuracy,ドラゴンオーラガード,竜,変化,0,100,15,
196,ゼノドラン,闇/竜,370,たかねのはな,飛行,5,MV_160,クリティカルエイム,無,特殊,25,100,28,
196,ゼノドラン,闇/竜,370,たかねのはな,飛行,5,mvh_dark,シャドウバラージ,闇,物理,25,95,15,2〜5発
196,ゼノドラン,闇/竜,370,たかねのはな,飛行,6,MVP_001,ホワイトストライク,無,物理,30,100,30,
196,ゼノドラン,闇/竜,370,たかねのはな,飛行,6,MV_137,バックフィスト,無,物理,30,100,36,
196,ゼノドラン,闇/竜,370,たかねのはな,飛行,7,MVP_021,クリムゾンストライク,炎,物理,35,100,30,
196,ゼノドラン,闇/竜,370,たかねのはな,飛行,7,MV_121,シャドウピアス,闇,物理,35,100,34,
196,ゼノドラン,闇/竜,370,たかねのはな,飛行,7,MV_123,ダスクブレード,闇,物理,35,100,32,
196,ゼノドラン,闇/竜,370,たかねのはな,飛行,7,MV_138,ダブルスラスト,無,物理,35,100,33,
196,ゼノドラン,闇/竜,370,たかねのはな,飛行,7,MV_139,テイルスイープ,無,物理,35,100,33,
196,ゼノドラン,闇/竜,370,たかねのはな,飛行,7,MV_187,アイスペブル,氷,物理,35,100,36,
196,ゼノドラン,闇/竜,370,たかねのはな,飛行,7,MV_233,シンダー,炎,物理,35,95,32,
196,ゼノドラン,闇/竜,370,たかねのはな,飛行,7,mvh_ice,トリプルアイスブレード,氷,物理,35,90,10,3発(発ごと命中)
196,ゼノドラン,闇/竜,370,たかねのはな,飛行,8,MVP_022,スコーチフィスト,炎,物理,40,100,28,
196,ゼノドラン,闇/竜,370,たかねのはな,飛行,8,MVP_023,フォスファーブロー,炎,物理,40,100,28,
196,ゼノドラン,闇/竜,370,たかねのはな,飛行,8,MVP_121,ホワイトアイスストライク,氷,物理,40,100,30,
196,ゼノドラン,闇/竜,370,たかねのはな,飛行,8,MV_124,シャドウステッチ,闇,物理,40,100,32,
196,ゼノドラン,闇/竜,370,たかねのはな,飛行,8,MV_125,ダークウェッジ,闇,物理,40,100,32,
196,ゼノドラン,闇/竜,370,たかねのはな,飛行,8,MV_140,ヘッドバット,無,物理,40,100,33,
196,ゼノドラン,闇/竜,370,たかねのはな,飛行,8,MV_141,スピンタックル,無,物理,40,100,33,
196,ゼノドラン,闇/竜,370,たかねのはな,飛行,8,MV_188,アイスブレード,氷,物理,40,100,33,
196,ゼノドラン,闇/竜,370,たかねのはな,飛行,9,MVP_024,ロースパンチ,炎,物理,45,100,26,
196,ゼノドラン,闇/竜,370,たかねのはな,飛行,9,MVP_122,フリーズフィスト,氷,物理,45,100,28,
196,ゼノドラン,闇/竜,370,たかねのはな,飛行,9,MVP_123,フロストストライクブロー,氷,物理,45,100,28,
196,ゼノドラン,闇/竜,370,たかねのはな,飛行,9,MVP_141,ドラゴンファングストライク,竜,物理,45,100,30,
197,レジェンディア,無,375,たかねのはな,,1,MV_161,ディスラプト,無,変化,0,100,15,
197,レジェンディア,無,375,たかねのはな,,3,mvn_012,クリムゾン,炎,特殊,15,85,36,
197,レジェンディア,無,375,たかねのはな,,3,mvn_078,ドラゴンファング,竜,特殊,15,100,36,
197,レジェンディア,無,375,たかねのはな,,4,MV_247,ファイアスフィア,炎,特殊,20,100,30,
197,レジェンディア,無,375,たかねのはな,,4,mvs_neutral_atk_def,マッチレスガード,無,変化,0,100,15,
197,レジェンディア,無,375,たかねのはな,,6,MVP_001,ホワイトストライク,無,物理,30,100,30,
197,レジェンディア,無,375,たかねのはな,,6,MV_137,バックフィスト,無,物理,30,100,36,
197,レジェンディア,無,375,たかねのはな,,6,MV_234,ブレイズバレット,炎,特殊,30,95,30,
197,レジェンディア,無,375,たかねのはな,,6,mvn_080,ドラゴンヴェインショット,竜,特殊,30,100,32,
197,レジェンディア,無,375,たかねのはな,,7,MVP_021,クリムゾンストライク,炎,物理,35,100,30,
197,レジェンディア,無,375,たかねのはな,,7,MV_138,ダブルスラスト,無,物理,35,100,33,
197,レジェンディア,無,375,たかねのはな,,7,MV_139,テイルスイープ,無,物理,35,100,33,
197,レジェンディア,無,375,たかねのはな,,7,MV_233,シンダー,炎,物理,35,95,32,
197,レジェンディア,無,375,たかねのはな,,8,MVP_022,スコーチフィスト,炎,物理,40,100,28,
197,レジェンディア,無,375,たかねのはな,,8,MVP_023,フォスファーブロー,炎,物理,40,100,28,
197,レジェンディア,無,375,たかねのはな,,8,MV_140,ヘッドバット,無,物理,40,100,33,
197,レジェンディア,無,375,たかねのはな,,8,MV_141,スピンタックル,無,物理,40,100,33,
197,レジェンディア,無,375,たかねのはな,,9,MVP_024,ロースパンチ,炎,物理,45,100,26,
197,レジェンディア,無,375,たかねのはな,,9,MVP_141,ドラゴンファングストライク,竜,物理,45,100,30,
197,レジェンディア,無,375,たかねのはな,,9,MV_142,フライングキック,無,物理,45,100,33,
197,レジェンディア,無,375,たかねのはな,,9,MV_143,ブラントエッジ,無,物理,45,100,33,
197,レジェンディア,無,375,たかねのはな,,9,MV_236,フレイムクロー,炎,物理,45,95,26,
197,レジェンディア,無,375,たかねのはな,,10,MVP_142,ドラゴンスケイルフィスト,竜,物理,50,100,28,
197,レジェンディア,無,375,たかねのはな,,10,MVP_143,ドラゴンヴェインブロー,竜,物理,50,100,28,
197,レジェンディア,無,375,たかねのはな,,10,MV_246,フレイムファング,炎,物理,50,95,26,
197,レジェンディア,無,375,たかねのはな,,10,MV_250,フレイムスラスト,炎,物理,50,100,27,
197,レジェンディア,無,375,たかねのはな,,11,MVP_144,ドラゴンブレスパンチ,竜,物理,55,100,26,
197,レジェンディア,無,375,たかねのはな,,11,MV_116,ドラゴンファングスラスト,竜,物理,55,100,27,
197,レジェンディア,無,375,たかねのはな,,11,MV_237,ブレイズスラッシュ,炎,物理,55,95,24,
197,レジェンディア,無,375,たかねのはな,,11,MV_245,フレイムホイール,炎,物理,55,95,24,
198,セイントール,無,395,いっせん,,1,MV_161,ディスラプト,無,変化,0,100,15,
198,セイントール,無,395,いっせん,,1,MV_162,インティミデート,無,変化,0,100,15,
198,セイントール,無,395,いっせん,,3,mvn_012,クリムゾン,炎,特殊,15,85,36,
198,セイントール,無,395,いっせん,,3,mvn_078,ドラゴンファング,竜,特殊,15,100,36,
198,セイントール,無,395,いっせん,,4,MV_247,ファイアスフィア,炎,特殊,20,100,30,
198,セイントール,無,395,いっせん,,6,MVP_001,ホワイトストライク,無,物理,30,100,30,
198,セイントール,無,395,いっせん,,6,MV_137,バックフィスト,無,物理,30,100,36,
198,セイントール,無,395,いっせん,,6,MV_234,ブレイズバレット,炎,特殊,30,95,30,
198,セイントール,無,395,いっせん,,6,mvn_080,ドラゴンヴェインショット,竜,特殊,30,100,32,
198,セイントール,無,395,いっせん,,7,MVP_021,クリムゾンストライク,炎,物理,35,100,30,
198,セイントール,無,395,いっせん,,7,MV_138,ダブルスラスト,無,物理,35,100,33,
198,セイントール,無,395,いっせん,,7,MV_139,テイルスイープ,無,物理,35,100,33,
198,セイントール,無,395,いっせん,,7,MV_233,シンダー,炎,物理,35,95,32,
198,セイントール,無,395,いっせん,,8,MVP_022,スコーチフィスト,炎,物理,40,100,28,
198,セイントール,無,395,いっせん,,8,MVP_023,フォスファーブロー,炎,物理,40,100,28,
198,セイントール,無,395,いっせん,,8,MV_140,ヘッドバット,無,物理,40,100,33,
198,セイントール,無,395,いっせん,,8,MV_141,スピンタックル,無,物理,40,100,33,
198,セイントール,無,395,いっせん,,9,MVP_024,ロースパンチ,炎,物理,45,100,26,
198,セイントール,無,395,いっせん,,9,MVP_141,ドラゴンファングストライク,竜,物理,45,100,30,
198,セイントール,無,395,いっせん,,9,MV_142,フライングキック,無,物理,45,100,33,
198,セイントール,無,395,いっせん,,9,MV_143,ブラントエッジ,無,物理,45,100,33,
198,セイントール,無,395,いっせん,,9,MV_236,フレイムクロー,炎,物理,45,95,26,
198,セイントール,無,395,いっせん,,10,MVP_142,ドラゴンスケイルフィスト,竜,物理,50,100,28,
198,セイントール,無,395,いっせん,,10,MVP_143,ドラゴンヴェインブロー,竜,物理,50,100,28,
198,セイントール,無,395,いっせん,,10,MV_246,フレイムファング,炎,物理,50,95,26,
198,セイントール,無,395,いっせん,,10,MV_250,フレイムスラスト,炎,物理,50,100,27,
198,セイントール,無,395,いっせん,,11,MVP_144,ドラゴンブレスパンチ,竜,物理,55,100,26,
198,セイントール,無,395,いっせん,,11,MV_116,ドラゴンファングスラスト,竜,物理,55,100,27,
198,セイントール,無,395,いっせん,,11,MV_237,ブレイズスラッシュ,炎,物理,55,95,24,
199,ベイントール,闇,395,いっせん,,3,air_cannon,エアーキャノン,無,特殊,15,100,42,
199,ベイントール,闇,395,いっせん,,3,mvn_067,ホワイトアイス,氷,特殊,15,85,36,
199,ベイントール,闇,395,いっせん,,4,MV_129,ネザーコール,闇,変化,0,100,15,
199,ベイントール,闇,395,いっせん,,4,mvs_dark_accuracy_evasion,ダークナイトアイ,闇,変化,0,100,15,
199,ベイントール,闇,395,いっせん,,5,MV_160,クリティカルエイム,無,特殊,25,100,28,
199,ベイントール,闇,395,いっせん,,5,mvh_dark,シャドウバラージ,闇,物理,25,95,15,2〜5発
199,ベイントール,闇,395,いっせん,,6,MVP_001,ホワイトストライク,無,物理,30,100,30,
199,ベイントール,闇,395,いっせん,,6,MV_137,バックフィスト,無,物理,30,100,36,
199,ベイントール,闇,395,いっせん,,6,MV_205,フロストネット,氷,特殊,30,95,28,
199,ベイントール,闇,395,いっせん,,6,ice_cutter,アイスカッター,氷,特殊,30,100,33,
199,ベイントール,闇,395,いっせん,,7,MV_121,シャドウピアス,闇,物理,35,100,34,
199,ベイントール,闇,395,いっせん,,7,MV_123,ダスクブレード,闇,物理,35,100,32,
199,ベイントール,闇,395,いっせん,,7,MV_138,ダブルスラスト,無,物理,35,100,33,
199,ベイントール,闇,395,いっせん,,7,MV_139,テイルスイープ,無,物理,35,100,33,
199,ベイントール,闇,395,いっせん,,7,MV_187,アイスペブル,氷,物理,35,100,36,
199,ベイントール,闇,395,いっせん,,7,mvh_ice,トリプルアイスブレード,氷,物理,35,90,10,3発(発ごと命中)
199,ベイントール,闇,395,いっせん,,8,MVP_121,ホワイトアイスストライク,氷,物理,40,100,30,
199,ベイントール,闇,395,いっせん,,8,MV_124,シャドウステッチ,闇,物理,40,100,32,
199,ベイントール,闇,395,いっせん,,8,MV_125,ダークウェッジ,闇,物理,40,100,32,
199,ベイントール,闇,395,いっせん,,8,MV_140,ヘッドバット,無,物理,40,100,33,
199,ベイントール,闇,395,いっせん,,8,MV_141,スピンタックル,無,物理,40,100,33,
199,ベイントール,闇,395,いっせん,,8,MV_188,アイスブレード,氷,物理,40,100,33,
199,ベイントール,闇,395,いっせん,,9,MVP_122,フリーズフィスト,氷,物理,45,100,28,
199,ベイントール,闇,395,いっせん,,9,MVP_123,フロストストライクブロー,氷,物理,45,100,28,
199,ベイントール,闇,395,いっせん,,9,MVP_161,ブラックミストストライク,闇,物理,45,100,30,
199,ベイントール,闇,395,いっせん,,9,MV_126,カースチェイン,闇,物理,45,100,32,
199,ベイントール,闇,395,いっせん,,9,MV_142,フライングキック,無,物理,45,100,33,
199,ベイントール,闇,395,いっせん,,9,MV_143,ブラントエッジ,無,物理,45,100,33,
199,ベイントール,闇,395,いっせん,,10,MVP_002,マッチレスブロー,無,物理,50,100,28,
200,グレイシャル,氷,400,ひょうてんま,飛行,3,air_cannon,エアーキャノン,無,特殊,15,100,42,
200,グレイシャル,氷,400,ひょうてんま,飛行,3,mvn_023,クリアストリーム,水,特殊,15,100,36,
200,グレイシャル,氷,400,ひょうてんま,飛行,4,mvs_ice_atk_evasion,グレイシャーステップ,氷,変化,0,100,15,
200,グレイシャル,氷,400,ひょうてんま,飛行,5,MV_160,クリティカルエイム,無,特殊,25,100,28,
200,グレイシャル,氷,400,ひょうてんま,飛行,5,aqua_gun,アクアショット,水,特殊,25,100,36,
200,グレイシャル,氷,400,ひょうてんま,飛行,5,mvh_water,タービュレントラッシュ,水,物理,25,95,15,2〜5発
200,グレイシャル,氷,400,ひょうてんま,飛行,6,MVP_001,ホワイトストライク,無,物理,30,100,30,
200,グレイシャル,氷,400,ひょうてんま,飛行,6,MV_137,バックフィスト,無,物理,30,100,36,
200,グレイシャル,氷,400,ひょうてんま,飛行,6,mvn_003,ヴォイドエコー,無,特殊,30,90,32,
200,グレイシャル,氷,400,ひょうてんま,飛行,7,MV_138,ダブルスラスト,無,物理,35,100,33,
200,グレイシャル,氷,400,ひょうてんま,飛行,7,MV_139,テイルスイープ,無,物理,35,100,33,
200,グレイシャル,氷,400,ひょうてんま,飛行,7,MV_187,アイスペブル,氷,物理,35,100,36,
200,グレイシャル,氷,400,ひょうてんま,飛行,7,MV_212,ウォーターガン,水,物理,35,100,36,
200,グレイシャル,氷,400,ひょうてんま,飛行,7,mvh_ice,トリプルアイスブレード,氷,物理,35,90,10,3発(発ごと命中)
200,グレイシャル,氷,400,ひょうてんま,飛行,7,mvw_snow,スノーダンス,氷,変化,0,100,16,
200,グレイシャル,氷,400,ひょうてんま,飛行,8,MVP_041,クリアストリームストライク,水,物理,40,100,30,
200,グレイシャル,氷,400,ひょうてんま,飛行,8,MVP_121,ホワイトアイスストライク,氷,物理,40,100,30,
200,グレイシャル,氷,400,ひょうてんま,飛行,8,MV_140,ヘッドバット,無,物理,40,100,33,
200,グレイシャル,氷,400,ひょうてんま,飛行,8,MV_141,スピンタックル,無,物理,40,100,33,
200,グレイシャル,氷,400,ひょうてんま,飛行,8,MV_188,アイスブレード,氷,物理,40,100,33,
200,グレイシャル,氷,400,ひょうてんま,飛行,9,MVP_042,ミラーウォーターブロー,水,物理,45,100,28,
200,グレイシャル,氷,400,ひょうてんま,飛行,9,MVP_122,フリーズフィスト,氷,物理,45,100,28,
200,グレイシャル,氷,400,ひょうてんま,飛行,9,MVP_123,フロストストライクブロー,氷,物理,45,100,28,
200,グレイシャル,氷,400,ひょうてんま,飛行,9,MV_142,フライングキック,無,物理,45,100,33,
200,グレイシャル,氷,400,ひょうてんま,飛行,9,MV_143,ブラントエッジ,無,物理,45,100,33,
200,グレイシャル,氷,400,ひょうてんま,飛行,9,MV_214,バブルバラージ,水,物理,45,100,33,
200,グレイシャル,氷,400,ひょうてんま,飛行,10,MVP_002,マッチレスブロー,無,物理,50,100,28,
200,グレイシャル,氷,400,ひょうてんま,飛行,10,MVP_043,サーフサウンドフィスト,水,物理,50,100,28,
200,グレイシャル,氷,400,ひょうてんま,飛行,10,MVP_044,ドロップストライクパンチ,水,物理,50,100,26,
200B,グレイシャドウ,闇,415,たかねのはな,飛行,3,air_cannon,エアーキャノン,無,特殊,15,100,42,
200B,グレイシャドウ,闇,415,たかねのはな,飛行,3,mvn_067,ホワイトアイス,氷,特殊,15,85,36,
200B,グレイシャドウ,闇,415,たかねのはな,飛行,4,mvs_dark_def_crit,ダークナイトアーマー,闇,変化,0,100,15,
200B,グレイシャドウ,闇,415,たかねのはな,飛行,5,MV_160,クリティカルエイム,無,特殊,25,100,28,
200B,グレイシャドウ,闇,415,たかねのはな,飛行,5,mvh_dark,シャドウバラージ,闇,物理,25,95,15,2〜5発
200B,グレイシャドウ,闇,415,たかねのはな,飛行,6,MVP_001,ホワイトストライク,無,物理,30,100,30,
200B,グレイシャドウ,闇,415,たかねのはな,飛行,6,MV_137,バックフィスト,無,物理,30,100,36,
200B,グレイシャドウ,闇,415,たかねのはな,飛行,6,MV_205,フロストネット,氷,特殊,30,95,28,
200B,グレイシャドウ,闇,415,たかねのはな,飛行,6,ice_cutter,アイスカッター,氷,特殊,30,100,33,
200B,グレイシャドウ,闇,415,たかねのはな,飛行,7,MV_121,シャドウピアス,闇,物理,35,100,34,
200B,グレイシャドウ,闇,415,たかねのはな,飛行,7,MV_123,ダスクブレード,闇,物理,35,100,32,
200B,グレイシャドウ,闇,415,たかねのはな,飛行,7,MV_138,ダブルスラスト,無,物理,35,100,33,
200B,グレイシャドウ,闇,415,たかねのはな,飛行,7,MV_139,テイルスイープ,無,物理,35,100,33,
200B,グレイシャドウ,闇,415,たかねのはな,飛行,7,MV_187,アイスペブル,氷,物理,35,100,36,
200B,グレイシャドウ,闇,415,たかねのはな,飛行,7,mvh_ice,トリプルアイスブレード,氷,物理,35,90,10,3発(発ごと命中)
200B,グレイシャドウ,闇,415,たかねのはな,飛行,8,MVP_121,ホワイトアイスストライク,氷,物理,40,100,30,
200B,グレイシャドウ,闇,415,たかねのはな,飛行,8,MV_124,シャドウステッチ,闇,物理,40,100,32,
200B,グレイシャドウ,闇,415,たかねのはな,飛行,8,MV_125,ダークウェッジ,闇,物理,40,100,32,
200B,グレイシャドウ,闇,415,たかねのはな,飛行,8,MV_140,ヘッドバット,無,物理,40,100,33,
200B,グレイシャドウ,闇,415,たかねのはな,飛行,8,MV_141,スピンタックル,無,物理,40,100,33,
200B,グレイシャドウ,闇,415,たかねのはな,飛行,8,MV_188,アイスブレード,氷,物理,40,100,33,
200B,グレイシャドウ,闇,415,たかねのはな,飛行,9,MVP_122,フリーズフィスト,氷,物理,45,100,28,
200B,グレイシャドウ,闇,415,たかねのはな,飛行,9,MVP_123,フロストストライクブロー,氷,物理,45,100,28,
200B,グレイシャドウ,闇,415,たかねのはな,飛行,9,MVP_161,ブラックミストストライク,闇,物理,45,100,30,
200B,グレイシャドウ,闇,415,たかねのはな,飛行,9,MV_126,カースチェイン,闇,物理,45,100,32,
200B,グレイシャドウ,闇,415,たかねのはな,飛行,9,MV_142,フライングキック,無,物理,45,100,33,
200B,グレイシャドウ,闇,415,たかねのはな,飛行,9,MV_143,ブラントエッジ,無,物理,45,100,33,
200B,グレイシャドウ,闇,415,たかねのはな,飛行,10,MVP_002,マッチレスブロー,無,物理,50,100,28,
201,ネプティオス,水,375,チェイサー,潜航,3,air_cannon,エアーキャノン,無,特殊,15,100,42,
201,ネプティオス,水,375,チェイサー,潜航,3,mvn_045,クロッド,地,特殊,15,100,36,
201,ネプティオス,水,375,チェイサー,潜航,4,MV_280,サンドバインド,地,特殊,20,100,28,
201,ネプティオス,水,375,チェイサー,潜航,4,mvs_water_def_accuracy,サーフェスガード,水,変化,0,100,15,
201,ネプティオス,水,375,チェイサー,潜航,5,MV_160,クリティカルエイム,無,特殊,25,100,28,
201,ネプティオス,水,375,チェイサー,潜航,5,mvh_ground,ロックバラージブロー,地,物理,25,95,15,2〜5発
201,ネプティオス,水,375,チェイサー,潜航,5,mvh_water,タービュレントラッシュ,水,物理,25,95,15,2〜5発
201,ネプティオス,水,375,チェイサー,潜航,6,MVP_001,ホワイトストライク,無,物理,30,100,30,
201,ネプティオス,水,375,チェイサー,潜航,6,MV_137,バックフィスト,無,物理,30,100,36,
201,ネプティオス,水,375,チェイサー,潜航,6,mvn_003,ヴォイドエコー,無,特殊,30,90,32,
201,ネプティオス,水,375,チェイサー,潜航,7,MV_138,ダブルスラスト,無,物理,35,100,33,
201,ネプティオス,水,375,チェイサー,潜航,7,MV_139,テイルスイープ,無,物理,35,100,33,
201,ネプティオス,水,375,チェイサー,潜航,7,MV_212,ウォーターガン,水,物理,35,100,36,
201,ネプティオス,水,375,チェイサー,潜航,7,MV_256,ストーンペブル,地,物理,35,100,36,
201,ネプティオス,水,375,チェイサー,潜航,8,MVP_041,クリアストリームストライク,水,物理,40,100,30,
201,ネプティオス,水,375,チェイサー,潜航,8,MVP_081,クロッドストライク,地,物理,40,100,30,
201,ネプティオス,水,375,チェイサー,潜航,8,MV_140,ヘッドバット,無,物理,40,100,33,
201,ネプティオス,水,375,チェイサー,潜航,8,MV_141,スピンタックル,無,物理,40,100,33,
201,ネプティオス,水,375,チェイサー,潜航,8,MV_260,ブラインドサンド,地,物理,40,100,32,
201,ネプティオス,水,375,チェイサー,潜航,9,MVP_042,ミラーウォーターブロー,水,物理,45,100,28,
201,ネプティオス,水,375,チェイサー,潜航,9,MV_142,フライングキック,無,物理,45,100,33,
201,ネプティオス,水,375,チェイサー,潜航,9,MV_143,ブラントエッジ,無,物理,45,100,33,
201,ネプティオス,水,375,チェイサー,潜航,9,MV_214,バブルバラージ,水,物理,45,100,33,
201,ネプティオス,水,375,チェイサー,潜航,9,MV_257,ロックバレット,地,物理,45,100,33,
201,ネプティオス,水,375,チェイサー,潜航,9,MV_259,サンドスプレー,地,物理,45,100,30,
201,ネプティオス,水,375,チェイサー,潜航,10,MVP_002,マッチレスブロー,無,物理,50,100,28,
201,ネプティオス,水,375,チェイサー,潜航,10,MVP_043,サーフサウンドフィスト,水,物理,50,100,28,
201,ネプティオス,水,375,チェイサー,潜航,10,MVP_044,ドロップストライクパンチ,水,物理,50,100,26,
201,ネプティオス,水,375,チェイサー,潜航,10,MVP_082,ベッドロックフィスト,地,物理,50,100,28,
201,ネプティオス,水,375,チェイサー,潜航,10,mvs_ep_water,ディープウォーターピーク,水,変化,0,100,10,
202,ジェッドラン,竜,375,ばくげき,飛行,3,air_cannon,エアーキャノン,無,特殊,15,100,42,
202,ジェッドラン,竜,375,ばくげき,飛行,3,mvn_012,クリムゾン,炎,特殊,15,85,36,
202,ジェッドラン,竜,375,ばくげき,飛行,4,MV_247,ファイアスフィア,炎,特殊,20,100,30,
202,ジェッドラン,竜,375,ばくげき,飛行,4,mvs_dragon_def_accuracy,ドラゴンオーラガード,竜,変化,0,100,15,
202,ジェッドラン,竜,375,ばくげき,飛行,4,mvs_dragon_def_evasion,ドラゴンオーラヴェール,竜,変化,0,100,15,
202,ジェッドラン,竜,375,ばくげき,飛行,5,MV_160,クリティカルエイム,無,特殊,25,100,28,
202,ジェッドラン,竜,375,ばくげき,飛行,6,MVP_001,ホワイトストライク,無,物理,30,100,30,
202,ジェッドラン,竜,375,ばくげき,飛行,6,MV_137,バックフィスト,無,物理,30,100,36,
202,ジェッドラン,竜,375,ばくげき,飛行,6,MV_234,ブレイズバレット,炎,特殊,30,95,30,
202,ジェッドラン,竜,375,ばくげき,飛行,7,MVP_021,クリムゾンストライク,炎,物理,35,100,30,
202,ジェッドラン,竜,375,ばくげき,飛行,7,MV_138,ダブルスラスト,無,物理,35,100,33,
202,ジェッドラン,竜,375,ばくげき,飛行,7,MV_139,テイルスイープ,無,物理,35,100,33,
202,ジェッドラン,竜,375,ばくげき,飛行,7,MV_233,シンダー,炎,物理,35,95,32,
202,ジェッドラン,竜,375,ばくげき,飛行,8,MVP_022,スコーチフィスト,炎,物理,40,100,28,
202,ジェッドラン,竜,375,ばくげき,飛行,8,MVP_023,フォスファーブロー,炎,物理,40,100,28,
202,ジェッドラン,竜,375,ばくげき,飛行,8,MV_140,ヘッドバット,無,物理,40,100,33,
202,ジェッドラン,竜,375,ばくげき,飛行,8,MV_141,スピンタックル,無,物理,40,100,33,
202,ジェッドラン,竜,375,ばくげき,飛行,9,MVP_024,ロースパンチ,炎,物理,45,100,26,
202,ジェッドラン,竜,375,ばくげき,飛行,9,MVP_141,ドラゴンファングストライク,竜,物理,45,100,30,
202,ジェッドラン,竜,375,ばくげき,飛行,9,MV_142,フライングキック,無,物理,45,100,33,
202,ジェッドラン,竜,375,ばくげき,飛行,9,MV_143,ブラントエッジ,無,物理,45,100,33,
202,ジェッドラン,竜,375,ばくげき,飛行,9,MV_236,フレイムクロー,炎,物理,45,95,26,
202,ジェッドラン,竜,375,ばくげき,飛行,10,MVP_002,マッチレスブロー,無,物理,50,100,28,
202,ジェッドラン,竜,375,ばくげき,飛行,10,MVP_142,ドラゴンスケイルフィスト,竜,物理,50,100,28,
202,ジェッドラン,竜,375,ばくげき,飛行,10,MVP_143,ドラゴンヴェインブロー,竜,物理,50,100,28,
202,ジェッドラン,竜,375,ばくげき,飛行,10,MV_145,ラッシュスラスト,無,物理,50,100,33,
202,ジェッドラン,竜,375,ばくげき,飛行,10,MV_246,フレイムファング,炎,物理,50,95,26,
202,ジェッドラン,竜,375,ばくげき,飛行,10,MV_250,フレイムスラスト,炎,物理,50,100,27,
202,ジェッドラン,竜,375,ばくげき,飛行,11,MVP_003,ヴォイドクラッシュ,無,物理,55,100,28,
202,ジェッドラン,竜,375,ばくげき,飛行,11,MVP_144,ドラゴンブレスパンチ,竜,物理,55,100,26,
203,グランジーラ,水,500,ざんきょうのしゅごしゃ,飛行,3,air_cannon,エアーキャノン,無,特殊,15,100,42,
203,グランジーラ,水,500,ざんきょうのしゅごしゃ,飛行,3,mvn_045,クロッド,地,特殊,15,100,36,
203,グランジーラ,水,500,ざんきょうのしゅごしゃ,飛行,4,MV_280,サンドバインド,地,特殊,20,100,28,
203,グランジーラ,水,500,ざんきょうのしゅごしゃ,飛行,4,mizutamari,パドル,水,変化,0,100,16,
203,グランジーラ,水,500,ざんきょうのしゅごしゃ,飛行,4,mvs_water_def_evasion,サーフェスヴェール,水,変化,0,100,15,
203,グランジーラ,水,500,ざんきょうのしゅごしゃ,飛行,5,MV_160,クリティカルエイム,無,特殊,25,100,28,
203,グランジーラ,水,500,ざんきょうのしゅごしゃ,飛行,5,mvh_ground,ロックバラージブロー,地,物理,25,95,15,2〜5発
203,グランジーラ,水,500,ざんきょうのしゅごしゃ,飛行,5,mvh_water,タービュレントラッシュ,水,物理,25,95,15,2〜5発
203,グランジーラ,水,500,ざんきょうのしゅごしゃ,飛行,6,MVP_001,ホワイトストライク,無,物理,30,100,30,
203,グランジーラ,水,500,ざんきょうのしゅごしゃ,飛行,6,MV_137,バックフィスト,無,物理,30,100,36,
203,グランジーラ,水,500,ざんきょうのしゅごしゃ,飛行,7,MV_212,ウォーターガン,水,物理,35,100,36,
203,グランジーラ,水,500,ざんきょうのしゅごしゃ,飛行,7,MV_256,ストーンペブル,地,物理,35,100,36,
203,グランジーラ,水,500,ざんきょうのしゅごしゃ,飛行,7,mvw_rain,レインダンス,水,変化,0,100,16,
203,グランジーラ,水,500,ざんきょうのしゅごしゃ,飛行,8,MVP_041,クリアストリームストライク,水,物理,40,100,30,
203,グランジーラ,水,500,ざんきょうのしゅごしゃ,飛行,8,MVP_081,クロッドストライク,地,物理,40,100,30,
203,グランジーラ,水,500,ざんきょうのしゅごしゃ,飛行,8,MV_260,ブラインドサンド,地,物理,40,100,32,
203,グランジーラ,水,500,ざんきょうのしゅごしゃ,飛行,9,MVP_042,ミラーウォーターブロー,水,物理,45,100,28,
203,グランジーラ,水,500,ざんきょうのしゅごしゃ,飛行,9,MV_214,バブルバラージ,水,物理,45,100,33,
203,グランジーラ,水,500,ざんきょうのしゅごしゃ,飛行,9,MV_257,ロックバレット,地,物理,45,100,33,
203,グランジーラ,水,500,ざんきょうのしゅごしゃ,飛行,9,MV_259,サンドスプレー,地,物理,45,100,30,
203,グランジーラ,水,500,ざんきょうのしゅごしゃ,飛行,10,MVP_043,サーフサウンドフィスト,水,物理,50,100,28,
203,グランジーラ,水,500,ざんきょうのしゅごしゃ,飛行,10,MVP_044,ドロップストライクパンチ,水,物理,50,100,26,
203,グランジーラ,水,500,ざんきょうのしゅごしゃ,飛行,10,MVP_082,ベッドロックフィスト,地,物理,50,100,28,
